global_step,episode,step_in_ep,avg_r_speed,avg_r_orientation,avg_r_lane,avg_r_collision,avg_r_offroad,avg_r_total,speed_kmh
50,1,50,0.055,0.9997,0.0,0.0,0.0,1.0547,8.63
100,1,100,0.1645,0.9998,0.0,0.0,0.0,1.1643,16.78
150,1,150,0.0441,0.9997,0.0,0.0,0.0,1.0438,0.38
200,1,200,0.0278,0.9994,0.0,0.0,0.0,1.0272,7.81
250,1,250,0.1485,0.999,0.0,0.0,0.0,1.1474,14.31
300,1,300,0.3584,0.999,0.0,0.0,0.0,1.3573,21.8
350,1,350,0.5134,0.621,0.0,0.0,0.0,1.1344,25.79
400,1,400,0.6605,0.5348,0.0,0.0,0.0,1.1954,24.73
452,2,50,0.0337,1.0,0.0,0.0,0.0,1.0337,11.78
502,2,100,0.1959,0.9975,-0.2,0.0,0.0,0.9934,11.75
552,2,150,0.257,0.9983,0.0,0.0,0.0,1.2553,15.56
602,2,200,0.5269,0.9972,0.0,0.0,0.0,1.5241,29.56
652,2,250,0.8626,0.9968,0.0,0.0,0.0,1.8595,31.15
702,2,300,0.6665,0.9981,0.0,0.0,0.0,1.6646,24.17
752,2,350,0.7948,0.6592,0.0,0.0,0.0,1.454,34.84
802,2,400,0.8346,0.9667,-0.1,0.0,0.0,1.7013,32.19
852,2,450,0.8552,0.9434,-0.4,0.0,0.0,1.3986,23.87
914,3,50,0.1105,0.9983,0.0,0.0,0.0,1.1088,16.4
964,3,100,0.1664,0.5523,0.0,0.0,0.0,0.7187,9.46
1014,3,150,0.3836,0.0604,0.0,0.0,0.0,0.444,27.33
1101,4,50,0.0246,1.0,0.0,0.0,0.0,1.0246,5.41
1151,4,100,0.2678,0.9955,-0.2,0.0,0.0,1.0633,19.81
1201,4,150,0.6959,0.8833,-0.6,0.0,0.0,0.9792,35.17
1263,5,50,0.0778,0.9999,0.0,0.0,0.0,1.0777,17.28
1313,5,100,0.3464,0.9895,-0.2,0.0,0.0,1.1359,21.63
1400,6,50,0.0848,1.0,0.0,0.0,0.0,1.0848,15.22
1450,6,100,0.3327,0.9973,0.0,0.0,0.0,1.33,24.1
1500,6,150,0.5332,0.9929,0.0,0.0,0.0,1.526,23.96
1550,6,200,0.6627,0.9736,-0.5,0.0,0.0,1.1363,29.74
1600,6,250,0.7565,0.976,-0.5,0.0,0.0,1.2325,24.61
1650,6,300,0.4414,0.5734,0.0,0.0,0.0,1.0148,27.87
1708,7,50,0.127,0.9992,0.0,0.0,0.0,1.1262,18.19
1758,7,100,0.2463,0.9962,-0.2,0.0,0.0,1.0425,18.14
1808,7,150,0.3632,0.9994,0.0,0.0,0.0,1.3626,21.58
1858,7,200,0.7198,0.9952,-0.5,0.0,0.0,1.215,29.86
1950,8,50,0.0216,1.0,0.0,0.0,0.0,1.0215,0.0
2000,8,100,0.02,1.0,0.0,0.0,0.0,1.02,0.5
2050,8,150,0.1673,0.9981,-0.1,0.0,0.0,1.0654,16.18
2132,9,50,0.0193,1.0,0.0,0.0,0.0,1.0193,0.36
2182,9,100,0.0214,1.0,0.0,0.0,0.0,1.0214,2.32
2232,9,150,0.0237,1.0,0.0,0.0,0.0,1.0237,4.89
2282,9,200,0.2138,0.9986,-0.1,0.0,0.0,1.1124,18.12
2377,10,50,0.15,0.9942,-0.1,0.0,0.0,1.0442,21.39
2427,10,100,0.6071,0.9803,-0.3,0.0,0.0,1.2874,28.83
2526,11,50,0.0194,1.0,0.0,0.0,0.0,1.0194,0.88
2576,11,100,0.026,1.0,0.0,0.0,0.0,1.026,5.2
2626,11,150,0.3292,0.9991,0.0,0.0,0.0,1.3283,23.27
2676,11,200,0.773,0.9658,-0.2,0.0,0.0,1.5388,30.32
2728,12,50,0.0844,0.9999,0.0,0.0,0.0,1.0843,13.93
2778,12,100,0.2587,0.9942,-0.2,0.0,0.0,1.053,18.61
2828,12,150,0.6763,0.9707,-0.2,0.0,0.0,1.447,32.53
2917,13,50,0.0858,0.9999,0.0,0.0,0.0,1.0857,16.74
2967,13,100,0.3106,0.988,-0.3,0.0,0.0,0.9987,22.49
3017,13,150,0.6187,0.9972,0.0,0.0,0.0,1.6159,26.42
3067,13,200,0.9082,0.5323,-1.1,0.0,0.0,0.3405,38.38
3135,14,50,0.0971,0.9999,0.0,0.0,0.0,1.0971,16.84
3185,14,100,0.5127,0.9669,0.0,0.0,0.0,1.4795,30.07
3270,15,50,0.0368,0.9999,0.0,0.0,0.0,1.0367,10.41
3320,15,100,0.244,0.9954,-0.2,0.0,0.0,1.0394,23.15
3370,15,150,0.4585,0.9832,-0.2,0.0,0.0,1.2417,21.69
3420,15,200,0.6488,0.642,0.0,0.0,0.0,1.2908,31.07
3488,16,50,0.1526,0.9995,0.0,0.0,0.0,1.1521,22.22
3538,16,100,0.705,0.6757,-0.7,0.0,0.0,0.6807,28.33
3611,17,50,0.086,0.9998,0.0,0.0,0.0,1.0858,12.13
3661,17,100,0.2217,0.9855,0.0,0.0,0.0,1.2072,19.67
3755,18,50,0.0581,0.9993,0.0,0.0,0.0,1.0574,15.55
3805,18,100,0.4217,0.9861,-0.2,0.0,0.0,1.2078,20.3
3882,19,50,0.037,0.9999,0.0,0.0,0.0,1.0369,11.97
3932,19,100,0.2204,0.9968,-0.1,0.0,0.0,1.1172,18.17
3982,19,150,0.3928,0.9897,-0.3,0.0,0.0,1.0825,22.26
4032,19,200,0.5296,0.9944,-0.3,0.0,0.0,1.224,22.7
4082,19,250,0.6198,0.9742,-0.4,0.0,0.0,1.194,26.35
4132,19,300,0.6834,0.9136,-0.1,0.0,0.0,1.4969,27.75
4218,20,50,0.1646,0.9954,-0.4,0.0,0.0,0.76,17.3
4268,20,100,0.2754,0.998,-0.5,0.0,0.0,0.7734,17.57
4318,20,150,0.5024,0.8151,0.0,0.0,0.0,1.3174,28.33
4368,20,200,0.6659,0.2651,0.0,0.0,0.0,0.931,26.67
4418,20,250,0.6128,0.7769,0.0,0.0,0.0,1.3897,23.28
4468,20,300,0.5751,0.9975,0.0,0.0,0.0,1.5726,28.51
4560,21,50,0.0964,0.9993,0.0,0.0,0.0,1.0957,16.41
4610,21,100,0.5246,0.9929,0.0,0.0,0.0,1.5174,30.25
4709,22,50,0.1487,0.9985,-0.1,0.0,0.0,1.0471,11.45
4759,22,100,0.3873,0.9839,-0.2,0.0,0.0,1.1711,29.08
4809,22,150,0.7958,0.9292,-0.1,0.0,0.0,1.625,38.63
4880,23,50,0.0196,1.0,0.0,0.0,0.0,1.0196,0.0
4930,23,100,0.0221,1.0,0.0,0.0,0.0,1.022,0.0
4980,23,150,0.073,1.0,0.0,0.0,0.0,1.0729,13.11
5030,23,200,0.3155,0.9979,-0.4,0.0,0.0,0.9133,19.25
5080,23,250,0.6114,0.7743,0.0,0.0,0.0,1.3857,29.5
5158,24,50,0.1245,0.9987,-0.1,0.0,0.0,1.0231,6.97
5208,24,100,0.1379,0.9815,-0.1,0.0,0.0,1.0193,14.72
5258,24,150,0.4984,0.978,-0.2,0.0,0.0,1.2763,26.73
5343,25,50,0.0203,1.0,0.0,0.0,0.0,1.0202,1.27
5393,25,100,0.1618,0.9993,0.0,0.0,0.0,1.1611,21.25
5443,25,150,0.4084,0.9962,-0.1,0.0,0.0,1.3046,18.01
5493,25,200,0.1776,0.957,-0.2,0.0,0.0,0.9345,17.21
5582,26,50,0.1527,0.9983,0.0,0.0,0.0,1.151,17.85
5632,26,100,0.4603,0.7943,0.0,0.0,0.0,1.2545,33.02
5717,27,50,0.0211,1.0,0.0,0.0,0.0,1.0211,3.54
5767,27,100,0.1212,0.9996,0.0,0.0,0.0,1.1209,17.73
5817,27,150,0.2362,0.6562,0.0,0.0,0.0,0.8924,11.88
5867,27,200,0.1782,0.0743,0.0,0.0,0.0,0.2524,17.69
5917,27,250,0.2833,0.1509,0.0,0.0,0.0,0.4342,20.22
6005,29,50,0.0404,0.9999,0.0,0.0,0.0,1.0403,12.33
6055,29,100,0.1934,0.9971,-0.1,0.0,0.0,1.0905,17.81
6105,29,150,0.4435,0.3333,-0.2,0.0,0.0,0.5768,24.05
6155,29,200,0.3976,0.0,-0.2,0.0,0.0,0.1976,18.22
6205,29,250,0.3176,0.0,-0.3,0.0,0.0,0.0176,19.66
6325,31,50,0.02,1.0,0.0,0.0,0.0,1.02,0.0
6375,31,100,0.0206,1.0,0.0,0.0,0.0,1.0205,1.79
6425,31,150,0.0191,1.0,0.0,0.0,0.0,1.0191,2.03
6475,31,200,0.0191,1.0,0.0,0.0,0.0,1.0191,0.02
6525,31,250,0.0197,0.9999,0.0,0.0,0.0,1.0196,0.0
6575,31,300,0.0207,0.9999,0.0,0.0,0.0,1.0207,0.0
6625,31,350,0.0205,1.0,0.0,0.0,0.0,1.0204,1.88
6675,31,400,0.0788,0.9993,0.0,0.0,0.0,1.0782,12.43
6725,31,450,0.165,0.9998,0.0,0.0,0.0,1.1648,14.58
6775,31,500,0.5465,0.9981,-0.2,0.0,0.0,1.3446,30.67
6825,31,550,0.7318,0.9984,-0.2,0.0,0.0,1.5302,24.7
6875,31,600,0.4931,0.67,0.0,0.0,0.0,1.1632,8.17
6968,32,50,0.1199,0.999,0.0,0.0,0.0,1.1189,16.19
7018,32,100,0.1548,0.9994,-0.2,0.0,0.0,0.9542,16.17
7068,32,150,0.6588,0.999,-0.6,0.0,0.0,1.0578,30.52
7156,33,50,0.0349,0.9998,0.0,0.0,0.0,1.0347,12.48
7206,33,100,0.1914,0.9895,-0.2,0.0,0.0,0.9809,17.71
7256,33,150,0.4732,0.9829,-0.5,0.0,0.0,0.9561,23.83
7306,33,200,0.3989,0.3545,-0.1,0.0,0.0,0.6534,18.73
7366,34,50,0.0199,1.0,0.0,0.0,0.0,1.0199,0.35
7416,34,100,0.0197,1.0,0.0,0.0,0.0,1.0197,0.38
7466,34,150,0.0741,0.9999,0.0,0.0,0.0,1.074,16.54
7516,34,200,0.2169,0.9945,0.0,0.0,0.0,1.2114,16.17
7566,34,250,0.2391,0.9947,-0.1,0.0,0.0,1.1338,14.89
7616,34,300,0.2417,0.3188,0.0,0.0,0.0,0.5605,10.71
7666,34,350,0.0261,0.9196,0.0,0.0,0.0,0.9457,9.27
7716,34,400,0.2349,0.6397,0.0,0.0,0.0,0.8746,23.4
7766,34,450,0.7232,0.9991,0.0,0.0,0.0,1.7223,27.8
7816,34,500,0.7179,0.9985,0.0,0.0,0.0,1.7164,28.07
7866,34,550,0.7945,0.6776,-0.1,0.0,0.0,1.3722,30.13
7916,34,600,0.7087,0.0,-0.7,0.0,0.0,0.0087,29.55
7966,34,650,0.7312,0.0,0.0,0.0,0.0,0.7312,30.72
8053,35,50,0.1683,0.9916,-0.1,0.0,0.0,1.06,19.51
8103,35,100,0.2778,0.0958,-0.5,0.0,0.0,-0.1264,16.07
8153,35,150,0.5039,0.0,0.0,0.0,0.0,0.5039,26.37
8203,35,200,0.5944,0.0,-0.2,0.0,0.0,0.3944,28.0
8253,35,250,0.8891,0.6552,-1.1,0.0,0.0,0.4443,33.18
8348,36,50,0.2295,0.9995,0.0,0.0,0.0,1.229,19.9
8398,36,100,0.7374,0.9968,-0.2,0.0,0.0,1.5341,32.68
8448,36,150,0.8416,0.0997,0.0,0.0,0.0,0.9413,29.33
8521,37,50,0.1153,0.9999,0.0,0.0,0.0,1.1153,13.95
8571,37,100,0.0705,0.9985,0.0,0.0,0.0,1.0691,1.17
8621,37,150,0.0195,0.9986,0.0,0.0,0.0,1.0181,0.0
8671,37,200,0.0223,0.9982,0.0,0.0,0.0,1.0205,0.36
8721,37,250,0.0462,0.9988,0.0,0.0,0.0,1.0451,8.3
8771,37,300,0.2688,0.9897,-0.2,0.0,0.0,1.0585,19.85
8821,37,350,0.4162,0.9837,-0.3,-0.2,0.0,0.8999,15.95
8871,38,50,0.0698,1.0,0.0,0.0,0.0,1.0698,17.29
8921,38,100,0.1614,0.9989,0.0,0.0,0.0,1.1603,8.98
8971,38,150,0.1791,0.9864,-0.1,0.0,0.0,1.0655,16.49
9021,38,200,0.3349,0.9166,0.0,0.0,0.0,1.2515,26.25
9102,39,50,0.1349,0.9998,0.0,0.0,0.0,1.1347,22.1
9152,39,100,0.5217,0.979,-0.3,0.0,0.0,1.2007,34.05
9233,40,50,0.1347,0.9997,0.0,0.0,0.0,1.1344,21.42
9283,40,100,0.7461,0.9958,0.0,0.0,0.0,1.7419,39.37
9333,40,150,0.9664,0.9909,0.0,0.0,0.0,1.9573,37.99
9383,40,200,0.936,0.4714,0.0,0.0,0.0,1.4074,46.77
9433,40,250,0.8629,0.0,-0.4,0.0,0.0,0.4629,38.86
9483,40,300,0.9811,0.0,-0.5,0.0,0.0,0.4811,36.22
9533,40,350,0.7659,0.3551,0.0,0.0,0.0,1.121,33.77
9589,41,50,0.0588,0.9995,0.0,0.0,0.0,1.0583,16.14
9639,41,100,0.3101,0.9872,-0.2,0.0,0.0,1.0973,19.48
9689,41,150,0.5757,0.448,0.0,0.0,0.0,1.0238,19.83
9739,41,200,0.3031,0.0832,0.0,0.0,0.0,0.3863,21.46
9810,42,50,0.1941,0.9994,0.0,0.0,0.0,1.1934,22.43
9860,42,100,0.4384,0.983,0.0,0.0,0.0,1.4214,30.05
9910,42,150,0.7726,0.9238,0.0,0.0,0.0,1.6965,34.01
9960,42,200,0.8879,0.9795,-0.4,0.0,0.0,1.4674,28.52
10010,42,250,0.6531,0.8739,0.0,0.0,0.0,1.527,21.11
10097,43,50,0.0333,0.9999,0.0,0.0,0.0,1.0332,10.78
10181,44,50,0.093,0.9999,0.0,0.0,0.0,1.0928,17.47
10231,44,100,0.2021,0.9999,0.0,0.0,0.0,1.202,12.88
10281,44,150,0.2145,0.9943,-0.1,0.0,0.0,1.1088,6.57
10331,44,200,0.0327,0.9819,0.0,0.0,0.0,1.0146,0.0
10381,44,250,0.021,0.9842,-0.1,0.0,0.0,0.9052,2.13
10431,44,300,0.3354,0.9943,0.0,0.0,0.0,1.3297,18.18
10481,44,350,0.0362,0.9885,0.0,0.0,0.0,1.0247,0.0
10531,44,400,0.0193,0.9883,0.0,0.0,0.0,1.0076,0.0
10581,44,450,0.0205,0.9878,0.0,0.0,0.0,1.0083,0.0
10631,44,500,0.0217,0.9872,0.0,0.0,0.0,1.0088,3.23
10681,44,550,0.1607,0.9655,-0.4,0.0,0.0,0.7262,16.62
10731,44,600,0.3007,0.093,-0.7,0.0,0.0,-0.3063,17.78
10781,44,650,0.279,0.0,-0.4,0.0,0.0,-0.121,18.29
10835,45,50,0.0973,1.0,0.0,0.0,0.0,1.0973,17.37
10885,45,100,0.2878,0.9784,-0.2,0.0,0.0,1.0661,2.35
10935,45,150,0.021,0.9606,0.0,0.0,0.0,0.9816,3.03
10985,45,200,0.0202,0.9578,-0.1,0.0,0.0,0.878,1.63
11035,45,250,0.0553,0.9567,0.0,0.0,0.0,1.012,12.31
11085,45,300,0.1803,0.8659,-0.5,0.0,0.0,0.5462,21.56
11175,46,50,0.0203,1.0,0.0,0.0,0.0,1.0203,0.0
11225,46,100,0.0229,0.9997,0.0,0.0,0.0,1.0226,0.0
11275,46,150,0.0844,0.9978,0.0,0.0,0.0,1.0821,10.88
11325,46,200,0.0736,0.9965,0.0,0.0,0.0,1.0701,15.77
11375,46,250,0.3716,0.715,0.0,0.0,0.0,1.0866,15.67
11425,46,300,0.2566,0.3304,0.0,0.0,0.0,0.587,14.84
11475,46,350,0.3556,0.0097,0.0,0.0,0.0,0.3653,22.0
11525,46,400,0.6705,0.0,-0.2,0.0,0.0,0.4705,28.9
11609,47,50,0.0207,0.9999,0.0,0.0,0.0,1.0205,0.0
11659,47,100,0.1529,0.9882,-0.2,0.0,0.0,0.9411,20.64
11709,47,150,0.3111,0.6217,0.0,0.0,0.0,0.9328,16.05
11759,47,200,0.2779,0.0,0.0,0.0,0.0,0.2779,18.11
11809,47,250,0.1262,0.0,0.0,0.0,0.0,0.1262,0.0
11859,47,300,0.0282,0.0,0.0,0.0,0.0,0.0282,6.21
11932,48,50,0.1069,0.9997,0.0,0.0,0.0,1.1066,19.09
11982,48,100,0.4099,0.4068,-0.5,0.0,0.0,0.3167,24.56
12079,49,50,0.1186,0.9997,0.0,0.0,0.0,1.1183,16.72
12129,49,100,0.3805,0.7521,-0.2,0.0,0.0,0.9326,22.63
12179,49,150,0.5253,0.0,0.0,0.0,0.0,0.5253,24.41
12238,50,50,0.0204,1.0,0.0,0.0,0.0,1.0204,0.19
12288,50,100,0.0832,0.9994,0.0,0.0,0.0,1.0826,12.2
12338,50,150,0.191,0.9895,-0.2,0.0,0.0,0.9805,15.59
12388,50,200,0.1906,0.0586,0.0,0.0,0.0,0.2492,7.46
12486,51,50,0.0742,0.9998,0.0,0.0,0.0,1.074,11.38
12536,51,100,0.2593,0.9804,-0.3,0.0,0.0,0.9397,20.05
12586,51,150,0.7735,0.4547,-0.3,0.0,0.0,0.9282,30.59
12636,51,200,0.7303,0.2483,0.0,0.0,0.0,0.9786,27.45
12722,52,50,0.1301,0.9954,-0.1,0.0,0.0,1.0255,20.0
12772,52,100,0.4712,0.577,-0.1,0.0,0.0,0.9482,21.2
12822,52,150,0.4021,0.0338,0.0,0.0,0.0,0.4359,20.75
12905,53,50,0.0191,1.0,0.0,0.0,0.0,1.0191,0.35
12955,53,100,0.0207,1.0,0.0,0.0,0.0,1.0207,0.35
13005,53,150,0.022,1.0,0.0,0.0,0.0,1.022,0.49
13055,53,200,0.0238,1.0,0.0,0.0,0.0,1.0238,5.09
13105,53,250,0.1749,0.9929,0.0,0.0,0.0,1.1678,14.44
13155,53,300,0.2738,0.5682,0.0,0.0,0.0,0.842,17.16
13205,53,350,0.6686,0.2366,0.0,0.0,0.0,0.9052,33.58
13278,54,50,0.0198,1.0,0.0,0.0,0.0,1.0198,0.46
13371,55,50,0.0474,0.9999,0.0,0.0,0.0,1.0473,13.72
13421,55,100,0.1804,0.9991,0.0,0.0,0.0,1.1795,15.13
13471,55,150,0.2078,0.9995,0.0,0.0,0.0,1.2072,16.17
13521,55,200,0.3897,0.9992,0.0,0.0,0.0,1.389,20.35
13571,55,250,0.4922,0.9939,-0.6,0.0,0.0,0.8862,18.57
13621,55,300,0.2779,0.9908,-0.4,0.0,0.0,0.8687,13.62
13671,55,350,0.1623,0.9919,-0.2,0.0,0.0,0.9543,15.74
13721,55,400,0.3212,0.5601,-0.6,0.0,0.0,0.2813,18.35
13771,55,450,0.62,0.0,-0.7,0.0,0.0,-0.08,32.12
13848,56,50,0.0208,0.9999,0.0,0.0,0.0,1.0208,0.0
13898,56,100,0.0437,0.9994,0.0,0.0,0.0,1.0431,7.79
13982,58,50,0.0194,1.0,0.0,0.0,0.0,1.0194,0.18
14032,58,100,0.0216,1.0,0.0,0.0,0.0,1.0216,0.0
14082,58,150,0.0233,1.0,0.0,0.0,0.0,1.0233,4.49
14132,58,200,0.0602,0.9996,0.0,0.0,0.0,1.0598,9.8
14182,58,250,0.3432,0.9931,0.0,0.0,0.0,1.3363,27.72
14232,58,300,0.7102,0.587,0.0,0.0,0.0,1.2972,29.52
14282,58,350,0.8951,0.9498,-0.5,0.0,0.0,1.3449,34.8
14332,58,400,0.8365,0.975,-0.2,0.0,0.0,1.6115,27.51
14382,58,450,0.661,0.1802,0.0,0.0,0.0,0.8413,18.34
14432,58,500,0.3804,0.2866,0.0,0.0,0.0,0.667,19.21
14483,59,50,0.097,0.998,-0.1,0.0,0.0,0.995,14.71
14533,59,100,0.3097,0.9798,-0.2,0.0,0.0,1.0895,21.57
14583,59,150,0.6077,0.4836,-0.3,0.0,0.0,0.7913,28.73
14633,59,200,0.9039,0.0533,0.0,0.0,0.0,0.9572,36.22
14691,60,50,0.0375,0.9999,0.0,0.0,0.0,1.0373,7.29
14741,60,100,0.1758,0.9963,-0.2,0.0,0.0,0.9722,18.95
14791,60,150,0.5173,0.9937,-0.4,0.0,0.0,1.1109,25.87
14841,60,200,0.8316,0.9639,-0.2,0.0,0.0,1.5954,32.39
14891,60,250,0.8716,0.8058,0.0,0.0,0.0,1.6774,33.27
14941,60,300,0.9634,0.7701,-1.1,0.0,0.0,0.6336,37.84
15016,61,50,0.019,1.0,0.0,0.0,0.0,1.019,0.48
15066,61,100,0.02,1.0,0.0,0.0,0.0,1.0199,1.35
15116,61,150,0.0202,1.0,0.0,0.0,0.0,1.0202,0.0
15166,61,200,0.0202,0.9998,0.0,0.0,0.0,1.0201,0.0
15216,61,250,0.0196,0.9997,0.0,0.0,0.0,1.0192,0.0
15266,61,300,0.0199,0.9995,0.0,0.0,0.0,1.0194,0.55
15316,61,350,0.0206,0.9992,0.0,0.0,0.0,1.0198,0.0
15366,61,400,0.0201,0.9991,0.0,0.0,0.0,1.0192,1.0
15416,61,450,0.0204,0.9994,0.0,0.0,0.0,1.0197,1.32
15466,61,500,0.0198,0.9995,0.0,0.0,0.0,1.0192,0.0
15516,61,550,0.0193,0.9993,0.0,0.0,0.0,1.0186,0.36
15566,61,600,0.0214,0.9995,0.0,0.0,0.0,1.0209,0.02
15616,61,650,0.0197,0.9999,0.0,0.0,0.0,1.0196,0.0
15666,61,700,0.1497,0.9973,-0.1,0.0,0.0,1.047,17.2
15745,62,50,0.1065,0.9991,0.0,0.0,0.0,1.1056,18.19
15795,62,100,0.3232,0.9988,-0.1,0.0,0.0,1.222,23.75
15845,62,150,0.7352,0.9748,-0.5,0.0,0.0,1.2101,25.41
15895,62,200,0.6416,0.9885,-0.4,0.0,0.0,1.2301,24.41
15945,62,250,0.4913,0.9963,-0.6,0.0,0.0,0.8876,28.29
15995,62,300,0.8371,0.9427,-0.4,0.0,0.0,1.3798,30.54
16047,63,50,0.0193,1.0,0.0,0.0,0.0,1.0193,0.95
16097,63,100,0.0213,1.0,0.0,0.0,0.0,1.0213,0.0
16147,63,150,0.0193,1.0,0.0,0.0,0.0,1.0192,0.63
16197,63,200,0.0193,1.0,0.0,0.0,0.0,1.0192,0.03
16247,63,250,0.0233,0.9998,0.0,0.0,0.0,1.0231,0.34
16297,63,300,0.0187,0.9992,0.0,0.0,0.0,1.0179,1.38
16347,63,350,0.0465,0.9993,0.0,0.0,0.0,1.0458,7.63
16397,63,400,0.2062,0.9899,-0.1,0.0,0.0,1.0961,13.76
16447,63,450,0.1224,0.9715,-0.4,0.0,0.0,0.6939,10.2
16497,63,500,0.126,0.906,-0.5,0.0,0.0,0.532,8.58
16547,63,550,0.1741,0.0,-0.3,0.0,0.0,-0.1259,6.75
16597,63,600,0.0843,0.0,-0.2,0.0,0.0,-0.1157,12.97
16647,63,650,0.2518,0.0,-0.3,0.0,0.0,-0.0482,14.27
16697,63,700,0.3698,0.0,0.0,0.0,0.0,0.3698,23.79
16747,63,750,0.881,0.0,-0.3,0.0,0.0,0.581,38.71
16841,64,50,0.03,0.9999,0.0,0.0,0.0,1.0299,9.49
16891,64,100,0.1367,0.9987,-0.1,0.0,0.0,1.0354,15.35
16941,64,150,0.2385,0.6526,-0.2,0.0,0.0,0.6911,13.06
16991,64,200,0.2762,0.0,-0.1,0.0,0.0,0.1762,22.22
17041,64,250,0.5336,0.0161,0.0,0.0,0.0,0.5496,26.69
17121,65,50,0.0551,1.0,0.0,0.0,0.0,1.0551,11.15
17171,65,100,0.2781,0.9972,-0.3,0.0,0.0,0.9752,19.17
17221,65,150,0.4754,0.9914,-0.3,0.0,0.0,1.1668,26.66
17271,65,200,0.7514,0.9485,-0.7,0.0,0.0,0.9999,30.3
17370,66,50,0.0397,0.9997,0.0,0.0,0.0,1.0395,13.02
17420,66,100,0.2699,0.9988,-0.2,0.0,0.0,1.0688,18.78
17470,66,150,0.3767,0.8331,-0.1,0.0,0.0,1.1099,27.02
17554,67,50,0.0749,0.9999,0.0,0.0,0.0,1.0748,11.5
17604,67,100,0.2512,0.9853,-0.4,0.0,0.0,0.8365,15.96
17654,67,150,0.2899,0.6442,-0.6,0.0,0.0,0.334,19.24
17704,67,200,0.2903,0.0,-0.7,0.0,0.0,-0.4097,16.94
17754,67,250,0.4386,0.0,0.0,0.0,0.0,0.4386,25.81
17812,68,50,0.0187,1.0,0.0,0.0,0.0,1.0187,0.0
17862,68,100,0.0192,1.0,0.0,0.0,0.0,1.0192,1.99
17912,68,150,0.0195,1.0,0.0,0.0,0.0,1.0195,0.59
17962,68,200,0.0187,1.0,0.0,0.0,0.0,1.0187,0.0
18012,68,250,0.0188,1.0,0.0,0.0,0.0,1.0188,0.01
18062,68,300,0.0187,0.9999,0.0,0.0,0.0,1.0187,0.83
18112,68,350,0.0186,0.9999,0.0,0.0,0.0,1.0185,0.0
18162,68,400,0.0189,0.9998,0.0,0.0,0.0,1.0187,0.0
18212,68,450,0.0186,0.9998,0.0,0.0,0.0,1.0183,0.0
18262,68,500,0.0186,0.9997,0.0,0.0,0.0,1.0183,0.0
18312,68,550,0.0185,0.9997,0.0,0.0,0.0,1.0182,0.0
18362,68,600,0.0189,0.9997,0.0,0.0,0.0,1.0186,0.0
18412,68,650,0.0186,0.9996,0.0,0.0,0.0,1.0182,0.04
18462,68,700,0.019,0.9996,0.0,0.0,0.0,1.0186,0.0
18512,68,750,0.0184,0.9996,0.0,0.0,0.0,1.018,0.0
18562,68,800,0.0185,0.9996,0.0,0.0,0.0,1.0181,0.0
18612,68,850,0.0185,0.9996,0.0,0.0,0.0,1.0181,0.0
18662,68,900,0.0187,0.9995,0.0,0.0,0.0,1.0182,0.0
18712,68,950,0.0185,0.9995,0.0,0.0,0.0,1.0179,0.0
18762,68,1000,0.0184,0.9995,0.0,0.0,0.0,1.0178,0.01
18812,68,1050,0.0184,0.9995,0.0,0.0,0.0,1.0179,0.0
18862,68,1100,0.0184,0.9994,0.0,0.0,0.0,1.0178,0.0
18912,68,1150,0.0187,0.9994,0.0,0.0,0.0,1.0181,0.0
18962,68,1200,0.0184,0.9994,0.0,0.0,0.0,1.0178,0.0
19012,68,1250,0.0186,0.9994,0.0,0.0,0.0,1.0179,0.0
19062,68,1300,0.0186,0.9993,0.0,0.0,0.0,1.0179,0.0
19112,68,1350,0.019,0.9993,0.0,0.0,0.0,1.0183,0.0
19162,68,1400,0.0184,0.9993,0.0,0.0,0.0,1.0177,0.0
19212,68,1450,0.0184,0.9993,0.0,0.0,0.0,1.0177,0.3
19262,68,1500,0.0185,0.9993,0.0,0.0,0.0,1.0178,0.0
19312,68,1550,0.0185,0.9993,0.0,0.0,0.0,1.0178,0.0
19362,68,1600,0.0184,0.9993,0.0,0.0,0.0,1.0177,0.0
19412,68,1650,0.0184,0.9993,0.0,0.0,0.0,1.0176,0.0
19462,68,1700,0.0187,0.9992,0.0,0.0,0.0,1.0179,0.0
19512,68,1750,0.0184,0.9992,0.0,0.0,0.0,1.0176,0.0
19562,68,1800,0.0184,0.9992,0.0,0.0,0.0,1.0175,0.0
19612,68,1850,0.0183,0.9992,0.0,0.0,0.0,1.0175,0.0
19662,68,1900,0.0187,0.9992,0.0,0.0,0.0,1.0179,0.0
19712,68,1950,0.0186,0.9992,0.0,0.0,0.0,1.0179,0.0
19762,68,2000,0.0184,0.9992,0.0,0.0,0.0,1.0175,0.0
19812,69,50,0.0783,0.9984,0.0,0.0,0.0,1.0767,11.08
19862,69,100,0.1484,0.9906,-0.3,0.0,0.0,0.839,9.11
19912,69,150,0.1035,0.0783,-0.1,0.0,0.0,0.0819,14.19
19962,69,200,0.4284,0.0,-0.6,0.0,0.0,-0.1716,24.72
20022,70,50,0.059,0.9992,0.0,0.0,0.0,1.0582,8.16
20072,70,100,0.2058,0.9959,-0.4,0.0,0.0,0.8017,19.49
20122,70,150,0.2868,0.9851,-0.3,0.0,0.0,0.9719,18.62
20172,70,200,0.2006,0.9246,-0.2,0.0,0.0,0.9252,16.35
20222,70,250,0.2704,0.0,-0.3,0.0,0.0,-0.0296,17.03
20272,70,300,0.2834,0.0,-0.2,0.0,0.0,0.0834,20.4
20368,71,50,0.0194,1.0,0.0,0.0,0.0,1.0194,0.0
20418,71,100,0.0238,0.9992,0.0,0.0,0.0,1.0231,0.0
20468,71,150,0.0195,0.9985,0.0,0.0,0.0,1.018,0.0
20518,71,200,0.0302,0.9985,0.0,0.0,0.0,1.0287,10.6
20568,71,250,0.1102,0.9975,0.0,0.0,0.0,1.1078,0.0
20618,71,300,0.1185,0.9902,-0.4,0.0,0.0,0.7088,18.57
20668,71,350,0.3111,0.9867,-0.2,0.0,0.0,1.0978,18.9
20718,71,400,0.6441,0.772,-0.3,0.0,0.0,1.1161,35.26
20768,71,450,0.7699,0.0,-0.2,0.0,0.0,0.5699,27.06
20855,72,50,0.0199,1.0,0.0,0.0,0.0,1.0199,0.38
20905,72,100,0.1351,0.9997,0.0,0.0,0.0,1.1348,18.49
20955,72,150,0.4758,0.6875,0.0,0.0,0.0,1.1633,27.79
21049,73,50,0.0194,1.0,0.0,0.0,0.0,1.0194,0.02
21099,73,100,0.0221,1.0,0.0,0.0,0.0,1.0221,0.6
21149,73,150,0.0218,1.0,0.0,0.0,0.0,1.0218,0.0
21199,73,200,0.0224,1.0,0.0,0.0,0.0,1.0224,0.0
21249,73,250,0.0212,1.0,0.0,0.0,0.0,1.0212,0.0
21299,73,300,0.0202,1.0,0.0,0.0,0.0,1.0202,1.02
21349,73,350,0.1495,0.9995,0.0,0.0,0.0,1.149,17.99
21399,73,400,0.4124,0.9984,0.0,0.0,0.0,1.4108,25.07
21449,73,450,0.6395,0.9753,-0.2,0.0,0.0,1.4148,35.97
21499,73,500,0.8526,0.947,-0.1,0.0,0.0,1.6996,51.71
21549,73,550,0.6557,0.1794,-1.2,0.0,0.0,-0.3649,45.28
21615,74,50,0.0238,1.0,0.0,0.0,0.0,1.0238,5.53
21665,74,100,0.1417,0.9989,-0.1,0.0,0.0,1.0406,15.9
21715,74,150,0.4904,0.9721,-0.4,0.0,0.0,1.0625,30.47
21765,74,200,0.7794,0.1072,-1.1,0.0,0.0,-0.2134,23.61
21836,75,50,0.1431,0.9996,0.0,0.0,0.0,1.1427,19.89
21886,75,100,0.535,0.5114,-0.7,0.0,0.0,0.3464,30.87
21957,76,50,0.1181,0.9999,0.0,0.0,0.0,1.118,16.98
22007,76,100,0.4867,0.9938,-0.2,0.0,0.0,1.2805,29.42
22057,76,150,0.9234,0.9981,0.0,0.0,0.0,1.9216,33.57
22107,76,200,0.8642,0.9937,-0.2,0.0,0.0,1.6579,35.8
22157,76,250,0.3917,0.9987,0.0,0.0,0.0,1.3904,0.0
22207,76,300,0.1931,0.9991,0.0,0.0,0.0,1.1923,19.14
22257,76,350,0.6029,0.9993,0.0,0.0,0.0,1.6023,30.54
22307,76,400,0.8778,0.9941,0.0,0.0,0.0,1.8719,33.21
22357,76,450,0.6801,0.5862,-0.6,0.0,0.0,0.6663,24.87
22430,77,50,0.1414,0.9999,0.0,0.0,0.0,1.1413,22.79
22480,77,100,0.7531,0.876,0.0,0.0,0.0,1.6291,34.95
22530,77,150,0.9178,0.6118,0.0,0.0,0.0,1.5296,33.23
22591,78,50,0.295,0.9996,0.0,0.0,0.0,1.2946,24.6
22641,78,100,0.615,0.9355,0.0,0.0,0.0,1.5505,29.26
22691,78,150,0.7647,0.7866,0.0,0.0,0.0,1.5513,28.5
22757,79,50,0.1827,0.9999,0.0,0.0,0.0,1.1826,19.42
22807,79,100,0.7076,0.9824,-0.3,0.0,0.0,1.39,32.16
22872,80,50,0.0187,1.0,0.0,0.0,0.0,1.0187,0.04
22922,80,100,0.108,0.9999,0.0,0.0,0.0,1.1079,17.95
22972,80,150,0.2309,0.994,0.0,0.0,0.0,1.2248,12.93
23022,80,200,0.2323,0.478,0.0,0.0,0.0,0.7103,19.04
23092,81,50,0.0803,0.9997,0.0,0.0,0.0,1.08,13.28
23142,81,100,0.2482,0.9988,0.0,0.0,0.0,1.247,17.43
23192,81,150,0.0896,0.996,0.0,0.0,0.0,1.0856,0.41
23242,81,200,0.0205,0.9965,0.0,0.0,0.0,1.017,0.0
23292,81,250,0.0716,0.9967,0.0,0.0,0.0,1.0683,15.44
23342,81,300,0.2511,0.9915,0.0,0.0,0.0,1.2425,17.39
23392,81,350,0.2167,0.997,0.0,0.0,0.0,1.2138,0.35
23442,81,400,0.1735,0.9939,0.0,0.0,0.0,1.1674,19.34
23492,81,450,0.567,0.9866,0.0,0.0,0.0,1.5536,27.17
23542,81,500,0.7163,0.9816,0.0,0.0,0.0,1.6979,25.95
23639,82,50,0.0209,1.0,0.0,0.0,0.0,1.0209,0.99
23689,82,100,0.2606,0.9951,-0.2,0.0,0.0,1.0558,27.92
23739,82,150,0.2959,0.9933,0.0,0.0,0.0,1.2892,14.98
23789,82,200,0.2453,0.9969,0.0,0.0,0.0,1.2422,17.16
23839,82,250,0.3782,0.9863,0.0,0.0,0.0,1.3645,17.73
23889,82,300,0.3619,0.8494,0.0,0.0,0.0,1.2113,17.94
23954,83,50,0.0187,1.0,0.0,0.0,0.0,1.0187,0.0
24004,83,100,0.0187,1.0,0.0,0.0,0.0,1.0187,0.12
24054,83,150,0.0197,1.0,0.0,0.0,0.0,1.0197,0.3
24104,83,200,0.0186,1.0,0.0,0.0,0.0,1.0186,0.0
24154,83,250,0.019,1.0,0.0,0.0,0.0,1.019,0.0
24204,83,300,0.0187,1.0,0.0,0.0,0.0,1.0187,0.0
24254,83,350,0.019,1.0,0.0,0.0,0.0,1.019,0.0
24304,83,400,0.0189,1.0,0.0,0.0,0.0,1.0189,0.07
24354,83,450,0.0186,1.0,0.0,0.0,0.0,1.0186,0.0
24404,83,500,0.0187,1.0,0.0,0.0,0.0,1.0187,0.0
24454,83,550,0.0192,1.0,0.0,0.0,0.0,1.0192,0.05
24504,83,600,0.0194,1.0,0.0,0.0,0.0,1.0194,0.0
24554,83,650,0.0186,1.0,0.0,0.0,0.0,1.0185,0.0
24604,83,700,0.0186,1.0,0.0,0.0,0.0,1.0186,0.05
24654,83,750,0.0189,1.0,0.0,0.0,0.0,1.0189,0.0
24704,83,800,0.0194,1.0,0.0,0.0,0.0,1.0194,0.0
24754,83,850,0.0189,1.0,0.0,0.0,0.0,1.0188,0.34
24804,83,900,0.0185,1.0,0.0,0.0,0.0,1.0185,0.0
24854,83,950,0.0192,1.0,0.0,0.0,0.0,1.0192,0.02
24904,83,1000,0.0188,1.0,0.0,0.0,0.0,1.0187,0.0
24954,83,1050,0.019,0.9999,0.0,0.0,0.0,1.0189,0.0
25004,83,1100,0.0474,0.9995,0.0,0.0,0.0,1.0469,10.71
25054,83,1150,0.0715,0.9966,-0.1,0.0,0.0,0.9681,0.0
25104,83,1200,0.0189,0.9953,0.0,0.0,0.0,1.0142,0.0
25154,83,1250,0.0188,0.9949,0.0,0.0,0.0,1.0137,0.0
25204,83,1300,0.0187,0.9947,0.0,0.0,0.0,1.0134,0.0
25254,83,1350,0.0192,0.9944,0.0,0.0,0.0,1.0136,0.0
25304,83,1400,0.0187,0.9942,0.0,0.0,0.0,1.0129,0.06
25354,83,1450,0.0188,0.9942,0.0,0.0,0.0,1.013,0.26
25404,83,1500,0.0202,0.9941,0.0,0.0,0.0,1.0143,3.34
25454,83,1550,0.019,0.9932,0.0,0.0,0.0,1.0122,0.0
25504,83,1600,0.0186,0.9932,0.0,0.0,0.0,1.0118,0.0
25554,83,1650,0.0207,0.9929,0.0,0.0,0.0,1.0137,0.02
25604,83,1700,0.0226,0.9909,0.0,0.0,0.0,1.0135,1.09
25654,83,1750,0.0198,0.9899,0.0,0.0,0.0,1.0096,0.0
25704,83,1800,0.0189,0.99,0.0,0.0,0.0,1.0089,1.44
25754,83,1850,0.0198,0.9906,0.0,0.0,0.0,1.0103,0.0
25804,83,1900,0.027,0.9912,-0.1,0.0,0.0,0.9182,10.26
25854,83,1950,0.1513,0.3349,0.0,0.0,0.0,0.4862,9.91
25904,83,2000,0.0932,0.63,0.0,0.0,0.0,0.7232,0.0
25954,84,50,0.0208,1.0,0.0,0.0,0.0,1.0208,0.0
26004,84,100,0.0193,1.0,0.0,0.0,0.0,1.0193,1.02
26054,84,150,0.0397,0.9999,0.0,0.0,0.0,1.0396,10.21
26104,84,200,0.2192,0.9941,-0.2,0.0,0.0,1.0133,16.82
26154,84,250,0.5444,0.1769,0.0,0.0,0.0,0.7213,30.1
26204,84,300,0.7218,0.595,0.0,0.0,0.0,1.3168,32.73
26301,85,50,0.0477,0.9999,0.0,0.0,0.0,1.0476,10.73
26351,85,100,0.1257,0.9932,0.0,0.0,0.0,1.1189,12.38
26401,85,150,0.4156,0.3446,0.0,0.0,0.0,0.7603,23.51
26455,86,50,0.0498,1.0,0.0,0.0,0.0,1.0498,9.91
26505,86,100,0.206,0.999,0.0,0.0,0.0,1.2049,19.27
26555,86,150,0.2454,0.9639,0.0,0.0,0.0,1.2092,18.58
26605,86,200,0.2168,0.1485,0.0,0.0,0.0,0.3653,14.69
26655,86,250,0.2149,0.2935,0.0,0.0,0.0,0.5084,16.56
26735,87,50,0.121,0.9999,0.0,0.0,0.0,1.1209,10.38
26785,87,100,0.0229,1.0,0.0,0.0,0.0,1.0229,0.24
26835,87,150,0.0214,1.0,0.0,0.0,0.0,1.0214,0.0
26885,87,200,0.0211,1.0,0.0,0.0,0.0,1.0211,0.56
26935,87,250,0.1504,0.9991,0.0,0.0,0.0,1.1496,12.55
26985,87,300,0.2079,0.995,-0.1,0.0,0.0,1.1029,11.83
27035,87,350,0.1693,0.9843,0.0,0.0,0.0,1.1536,13.27
27085,87,400,0.3601,0.3077,0.0,0.0,0.0,0.6678,22.89
27142,88,50,0.0198,1.0,0.0,0.0,0.0,1.0198,0.0
27192,88,100,0.0205,1.0,0.0,0.0,0.0,1.0205,0.0
27242,88,150,0.0193,1.0,0.0,0.0,0.0,1.0193,0.32
27292,88,200,0.0221,1.0,0.0,0.0,0.0,1.022,0.33
27342,88,250,0.0197,1.0,0.0,0.0,0.0,1.0197,0.35
27392,88,300,0.0214,1.0,0.0,0.0,0.0,1.0214,2.72
27442,88,350,0.1025,0.9986,0.0,0.0,0.0,1.1011,8.2
27492,88,400,0.0232,0.9948,-0.1,0.0,0.0,0.918,1.31
27542,88,450,0.0207,0.995,0.0,0.0,0.0,1.0158,0.0
27592,88,500,0.0207,0.9957,0.0,0.0,0.0,1.0164,0.0
27642,88,550,0.0192,0.9961,0.0,0.0,0.0,1.0153,1.36
27692,88,600,0.0203,0.9964,0.0,0.0,0.0,1.0167,0.0
27742,88,650,0.0196,0.9966,0.0,0.0,0.0,1.0162,0.0
27792,88,700,0.0196,0.9966,0.0,0.0,0.0,1.0162,0.24
27842,88,750,0.0189,0.9964,0.0,0.0,0.0,1.0154,0.6
27892,88,800,0.019,0.9964,0.0,0.0,0.0,1.0154,0.0
27942,88,850,0.0202,0.9962,0.0,0.0,0.0,1.0165,0.0
27992,88,900,0.0196,0.9956,0.0,0.0,0.0,1.0152,0.0
28042,88,950,0.0192,0.9955,0.0,0.0,0.0,1.0147,0.03
28092,88,1000,0.0194,0.9954,0.0,0.0,0.0,1.0148,0.0
28142,88,1050,0.0589,0.9951,-0.1,0.0,0.0,0.954,9.9
28192,88,1100,0.1969,0.6365,0.0,0.0,0.0,0.8334,17.2
28242,88,1150,0.2811,0.0,-0.2,0.0,0.0,0.0811,0.0
28292,88,1200,0.0316,0.0,0.0,0.0,0.0,0.0316,5.98
28342,88,1250,0.0981,0.0,0.0,0.0,0.0,0.0981,10.6
28392,88,1300,0.1903,0.0,0.0,0.0,0.0,0.1903,12.84
28442,88,1350,0.0951,0.0,0.0,0.0,0.0,0.0951,0.46
28492,88,1400,0.0185,0.0,0.0,0.0,0.0,0.0185,0.0
28542,88,1450,0.0188,0.0,0.0,0.0,0.0,0.0188,0.52
28592,88,1500,0.0191,0.0,0.0,0.0,0.0,0.0191,0.06
28642,88,1550,0.0186,0.0,0.0,0.0,0.0,0.0186,0.05
28692,88,1600,0.0186,0.0,0.0,0.0,0.0,0.0186,0.18
28742,88,1650,0.0189,0.0,0.0,0.0,0.0,0.0189,0.96
28792,88,1700,0.0195,0.0,0.0,0.0,0.0,0.0195,2.07
28842,88,1750,0.019,0.0,0.0,0.0,0.0,0.019,0.12
28892,88,1800,0.0188,0.0,0.0,0.0,0.0,0.0188,0.05
28942,88,1850,0.0187,0.0,0.0,0.0,0.0,0.0187,0.02
28992,88,1900,0.0186,0.0,0.0,0.0,0.0,0.0186,0.05
29042,88,1950,0.0186,0.0,0.0,0.0,0.0,0.0186,0.08
29092,88,2000,0.0187,0.0,0.0,0.0,0.0,0.0187,0.05
29142,89,50,0.0187,1.0,0.0,0.0,0.0,1.0187,0.0
29192,89,100,0.0183,1.0,0.0,0.0,0.0,1.0183,0.0
29242,89,150,0.0183,1.0,0.0,0.0,0.0,1.0183,0.0
29292,89,200,0.0184,1.0,0.0,0.0,0.0,1.0184,0.0
29342,89,250,0.0184,1.0,0.0,0.0,0.0,1.0184,0.23
29392,89,300,0.0184,1.0,0.0,0.0,0.0,1.0184,0.0
29442,89,350,0.0185,1.0,0.0,0.0,0.0,1.0185,0.0
29492,89,400,0.0183,1.0,0.0,0.0,0.0,1.0183,0.0
29542,89,450,0.0183,1.0,0.0,0.0,0.0,1.0183,0.0
29592,89,500,0.0184,1.0,0.0,0.0,0.0,1.0184,0.0
29642,89,550,0.0184,1.0,0.0,0.0,0.0,1.0184,0.07
29692,89,600,0.0184,1.0,0.0,0.0,0.0,1.0184,0.0
29742,89,650,0.0184,1.0,0.0,0.0,0.0,1.0184,0.06
29792,89,700,0.0183,1.0,0.0,0.0,0.0,1.0183,0.0
29842,89,750,0.0183,1.0,0.0,0.0,0.0,1.0183,0.0
29892,89,800,0.0184,1.0,0.0,0.0,0.0,1.0184,0.0
29942,89,850,0.0184,1.0,0.0,0.0,0.0,1.0184,0.0
29992,89,900,0.0184,1.0,0.0,0.0,0.0,1.0184,0.0
30042,89,950,0.0183,1.0,0.0,0.0,0.0,1.0183,0.0
30092,89,1000,0.0183,1.0,0.0,0.0,0.0,1.0183,0.0
30142,89,1050,0.0185,1.0,0.0,0.0,0.0,1.0185,0.0
30192,89,1100,0.0184,1.0,0.0,0.0,0.0,1.0184,0.0
30242,89,1150,0.0183,1.0,0.0,0.0,0.0,1.0183,0.0
30292,89,1200,0.0184,1.0,0.0,0.0,0.0,1.0184,0.0
30342,89,1250,0.0184,1.0,0.0,0.0,0.0,1.0184,0.0
30392,89,1300,0.0184,1.0,0.0,0.0,0.0,1.0184,0.0
30442,89,1350,0.0184,1.0,0.0,0.0,0.0,1.0183,0.0
30492,89,1400,0.0183,1.0,0.0,0.0,0.0,1.0183,0.0
30542,89,1450,0.0183,1.0,0.0,0.0,0.0,1.0183,0.0
30592,89,1500,0.0184,1.0,0.0,0.0,0.0,1.0184,0.0
30642,89,1550,0.0185,1.0,0.0,0.0,0.0,1.0185,0.0
30692,89,1600,0.0184,1.0,0.0,0.0,0.0,1.0184,0.0
30742,89,1650,0.0184,1.0,0.0,0.0,0.0,1.0184,0.0
30792,89,1700,0.0185,1.0,0.0,0.0,0.0,1.0185,0.0
30842,89,1750,0.0183,1.0,0.0,0.0,0.0,1.0183,0.3
30892,89,1800,0.0183,1.0,0.0,0.0,0.0,1.0183,0.0
30942,89,1850,0.0183,1.0,0.0,0.0,0.0,1.0183,0.0
30992,89,1900,0.0183,1.0,0.0,0.0,0.0,1.0183,0.0
31042,89,1950,0.0184,1.0,0.0,0.0,0.0,1.0184,0.01
31092,89,2000,0.0184,1.0,0.0,0.0,0.0,1.0184,0.0
31142,90,50,0.0187,1.0,0.0,0.0,0.0,1.0187,0.0
31192,90,100,0.0183,1.0,0.0,0.0,0.0,1.0183,0.0
31242,90,150,0.0184,1.0,0.0,0.0,0.0,1.0184,0.0
31292,90,200,0.0185,1.0,0.0,0.0,0.0,1.0185,0.0
31342,90,250,0.0185,1.0,0.0,0.0,0.0,1.0185,0.0
31392,90,300,0.0185,1.0,0.0,0.0,0.0,1.0185,0.0
31442,90,350,0.0187,1.0,0.0,0.0,0.0,1.0187,0.0
31492,90,400,0.0192,1.0,0.0,0.0,0.0,1.0192,0.0
31542,90,450,0.0196,0.9998,0.0,0.0,0.0,1.0195,0.0
31592,90,500,0.0185,0.9998,0.0,0.0,0.0,1.0183,0.0
31642,90,550,0.0192,0.9998,0.0,0.0,0.0,1.019,1.63
31692,90,600,0.0184,0.9998,0.0,0.0,0.0,1.0182,0.42
31742,90,650,0.0184,0.9998,0.0,0.0,0.0,1.0181,0.0
31792,90,700,0.0185,0.9998,0.0,0.0,0.0,1.0182,0.0
31842,90,750,0.0184,0.9997,0.0,0.0,0.0,1.0182,0.0
31892,90,800,0.0185,0.9997,0.0,0.0,0.0,1.0183,0.0
31942,90,850,0.0185,0.9997,0.0,0.0,0.0,1.0182,0.0
31992,90,900,0.0184,0.9997,0.0,0.0,0.0,1.0181,0.34
32042,90,950,0.0186,0.9996,0.0,0.0,0.0,1.0183,0.0
32092,90,1000,0.019,0.9996,0.0,0.0,0.0,1.0186,0.0
32142,90,1050,0.0185,0.9994,0.0,0.0,0.0,1.018,0.0
32192,90,1100,0.0192,0.9994,0.0,0.0,0.0,1.0186,0.34
32242,90,1150,0.0185,0.9991,0.0,0.0,0.0,1.0176,0.0
32292,90,1200,0.0191,0.9992,0.0,0.0,0.0,1.0183,0.0
32342,90,1250,0.0187,0.9992,0.0,0.0,0.0,1.0179,0.0
32392,90,1300,0.0183,0.9992,0.0,0.0,0.0,1.0175,0.0
32442,90,1350,0.0192,0.9991,0.0,0.0,0.0,1.0183,0.0
32492,90,1400,0.0185,0.9989,0.0,0.0,0.0,1.0174,0.3
32542,90,1450,0.0185,0.9988,0.0,0.0,0.0,1.0173,0.0
32592,90,1500,0.0189,0.9988,0.0,0.0,0.0,1.0177,0.0
32642,90,1550,0.019,0.9986,0.0,0.0,0.0,1.0176,0.0
32692,90,1600,0.0184,0.9984,0.0,0.0,0.0,1.0168,0.0
32742,90,1650,0.0191,0.9983,0.0,0.0,0.0,1.0174,0.0
32792,90,1700,0.0184,0.998,0.0,0.0,0.0,1.0164,0.0
32842,90,1750,0.0184,0.998,0.0,0.0,0.0,1.0164,0.0
32892,90,1800,0.0183,0.9979,0.0,0.0,0.0,1.0163,0.0
32942,90,1850,0.0183,0.9979,0.0,0.0,0.0,1.0163,0.0
32992,90,1900,0.0183,0.9979,0.0,0.0,0.0,1.0163,0.0
33042,90,1950,0.0183,0.9979,0.0,0.0,0.0,1.0163,0.0
33092,90,2000,0.0183,0.9979,0.0,0.0,0.0,1.0163,0.0
33142,91,50,0.0187,1.0,0.0,0.0,0.0,1.0187,0.0
33192,91,100,0.0183,1.0,0.0,0.0,0.0,1.0183,0.0
33242,91,150,0.0183,1.0,0.0,0.0,0.0,1.0183,0.0
33292,91,200,0.0183,1.0,0.0,0.0,0.0,1.0183,0.0
33342,91,250,0.0183,1.0,0.0,0.0,0.0,1.0183,0.0
33392,91,300,0.0183,1.0,0.0,0.0,0.0,1.0183,0.0
33442,91,350,0.0183,1.0,0.0,0.0,0.0,1.0183,0.0
33492,91,400,0.0183,1.0,0.0,0.0,0.0,1.0183,0.0
33542,91,450,0.0183,1.0,0.0,0.0,0.0,1.0183,0.0
33592,91,500,0.0183,1.0,0.0,0.0,0.0,1.0183,0.0
33642,91,550,0.0183,1.0,0.0,0.0,0.0,1.0183,0.0
33692,91,600,0.0183,1.0,0.0,0.0,0.0,1.0183,0.0
33742,91,650,0.0183,1.0,0.0,0.0,0.0,1.0183,0.0
33792,91,700,0.0183,1.0,0.0,0.0,0.0,1.0183,0.0
33842,91,750,0.0183,1.0,0.0,0.0,0.0,1.0183,0.0
33892,91,800,0.0183,1.0,0.0,0.0,0.0,1.0183,0.0
33942,91,850,0.0183,1.0,0.0,0.0,0.0,1.0183,0.0
33992,91,900,0.0183,1.0,0.0,0.0,0.0,1.0183,0.0
34042,91,950,0.0183,1.0,0.0,0.0,0.0,1.0183,0.0
34092,91,1000,0.0183,1.0,0.0,0.0,0.0,1.0183,0.0
34142,91,1050,0.0183,1.0,0.0,0.0,0.0,1.0183,0.0
34192,91,1100,0.0183,1.0,0.0,0.0,0.0,1.0183,0.0
34242,91,1150,0.0183,1.0,0.0,0.0,0.0,1.0183,0.0
34292,91,1200,0.0183,1.0,0.0,0.0,0.0,1.0183,0.0
34342,91,1250,0.0183,1.0,0.0,0.0,0.0,1.0183,0.0
34392,91,1300,0.0183,1.0,0.0,0.0,0.0,1.0183,0.0
34442,91,1350,0.0183,1.0,0.0,0.0,0.0,1.0183,0.0
34492,91,1400,0.0183,1.0,0.0,0.0,0.0,1.0183,0.0
34542,91,1450,0.0183,1.0,0.0,0.0,0.0,1.0183,0.0
34592,91,1500,0.0183,1.0,0.0,0.0,0.0,1.0183,0.0
34642,91,1550,0.0183,1.0,0.0,0.0,0.0,1.0183,0.0
34692,91,1600,0.0183,1.0,0.0,0.0,0.0,1.0183,0.0
34742,91,1650,0.0183,1.0,0.0,0.0,0.0,1.0183,0.0
34792,91,1700,0.0183,1.0,0.0,0.0,0.0,1.0183,0.0
34842,91,1750,0.0183,1.0,0.0,0.0,0.0,1.0183,0.0
34892,91,1800,0.0183,1.0,0.0,0.0,0.0,1.0183,0.0
34942,91,1850,0.0183,1.0,0.0,0.0,0.0,1.0183,0.0
34992,91,1900,0.0183,1.0,0.0,0.0,0.0,1.0183,0.0
35042,91,1950,0.0183,1.0,0.0,0.0,0.0,1.0183,0.0
35092,91,2000,0.0183,1.0,0.0,0.0,0.0,1.0183,0.0
35142,92,50,0.0187,1.0,0.0,0.0,0.0,1.0187,0.0
35192,92,100,0.0183,1.0,0.0,0.0,0.0,1.0183,0.0
35242,92,150,0.0183,1.0,0.0,0.0,0.0,1.0183,0.0
35292,92,200,0.0183,1.0,0.0,0.0,0.0,1.0183,0.0
35342,92,250,0.0183,1.0,0.0,0.0,0.0,1.0183,0.0
35392,92,300,0.0183,1.0,0.0,0.0,0.0,1.0183,0.0
35442,92,350,0.0183,1.0,0.0,0.0,0.0,1.0183,0.0
35492,92,400,0.0183,1.0,0.0,0.0,0.0,1.0183,0.0
35542,92,450,0.0183,1.0,0.0,0.0,0.0,1.0183,0.0
35592,92,500,0.0183,1.0,0.0,0.0,0.0,1.0183,0.0
35642,92,550,0.0183,1.0,0.0,0.0,0.0,1.0183,0.0
35692,92,600,0.0183,1.0,0.0,0.0,0.0,1.0183,0.0
35742,92,650,0.0183,1.0,0.0,0.0,0.0,1.0183,0.0
35792,92,700,0.0183,1.0,0.0,0.0,0.0,1.0183,0.0
35842,92,750,0.0183,1.0,0.0,0.0,0.0,1.0183,0.0
35892,92,800,0.0183,1.0,0.0,0.0,0.0,1.0183,0.0
35942,92,850,0.0183,1.0,0.0,0.0,0.0,1.0183,0.0
35992,92,900,0.0183,1.0,0.0,0.0,0.0,1.0183,0.0
36042,92,950,0.0183,1.0,0.0,0.0,0.0,1.0183,0.0
36092,92,1000,0.0183,1.0,0.0,0.0,0.0,1.0183,0.0
36142,92,1050,0.0183,1.0,0.0,0.0,0.0,1.0183,0.0
36192,92,1100,0.0183,1.0,0.0,0.0,0.0,1.0183,0.0
36242,92,1150,0.0183,1.0,0.0,0.0,0.0,1.0183,0.0
36292,92,1200,0.0183,1.0,0.0,0.0,0.0,1.0183,0.0
36342,92,1250,0.0183,1.0,0.0,0.0,0.0,1.0183,0.0
36392,92,1300,0.0183,1.0,0.0,0.0,0.0,1.0183,0.0
36442,92,1350,0.0183,1.0,0.0,0.0,0.0,1.0183,0.0
36492,92,1400,0.0183,1.0,0.0,0.0,0.0,1.0183,0.0
36542,92,1450,0.0183,1.0,0.0,0.0,0.0,1.0183,0.0
36592,92,1500,0.0183,1.0,0.0,0.0,0.0,1.0183,0.0
36642,92,1550,0.0183,1.0,0.0,0.0,0.0,1.0183,0.0
36692,92,1600,0.0183,1.0,0.0,0.0,0.0,1.0183,0.0
36742,92,1650,0.0183,1.0,0.0,0.0,0.0,1.0183,0.0
36792,92,1700,0.0183,1.0,0.0,0.0,0.0,1.0183,0.0
36842,92,1750,0.0183,1.0,0.0,0.0,0.0,1.0183,0.0
36892,92,1800,0.0183,1.0,0.0,0.0,0.0,1.0183,0.0
36942,92,1850,0.0183,1.0,0.0,0.0,0.0,1.0183,0.0
36992,92,1900,0.0183,1.0,0.0,0.0,0.0,1.0183,0.0
37042,92,1950,0.0183,1.0,0.0,0.0,0.0,1.0183,0.0
37092,92,2000,0.0183,1.0,0.0,0.0,0.0,1.0183,0.0
37142,93,50,0.0187,1.0,0.0,0.0,0.0,1.0187,0.0
37192,93,100,0.0183,1.0,0.0,0.0,0.0,1.0183,0.0
37242,93,150,0.0183,1.0,0.0,0.0,0.0,1.0183,0.0
37292,93,200,0.0183,1.0,0.0,0.0,0.0,1.0183,0.0
37342,93,250,0.0183,1.0,0.0,0.0,0.0,1.0183,0.0
37392,93,300,0.0183,1.0,0.0,0.0,0.0,1.0183,0.0
37442,93,350,0.0183,1.0,0.0,0.0,0.0,1.0183,0.0
37492,93,400,0.0183,1.0,0.0,0.0,0.0,1.0183,0.0
37542,93,450,0.0183,1.0,0.0,0.0,0.0,1.0183,0.0
37592,93,500,0.0183,1.0,0.0,0.0,0.0,1.0183,0.01
37642,93,550,0.0183,1.0,0.0,0.0,0.0,1.0183,0.0
37692,93,600,0.0183,1.0,0.0,0.0,0.0,1.0183,0.0
37742,93,650,0.0183,1.0,0.0,0.0,0.0,1.0183,0.0
37792,93,700,0.0183,1.0,0.0,0.0,0.0,1.0183,0.0
37842,93,750,0.0183,1.0,0.0,0.0,0.0,1.0183,0.0
37892,93,800,0.0183,1.0,0.0,0.0,0.0,1.0183,0.0
37942,93,850,0.0183,1.0,0.0,0.0,0.0,1.0183,0.0
37992,93,900,0.0183,1.0,0.0,0.0,0.0,1.0183,0.0
38042,93,950,0.0183,1.0,0.0,0.0,0.0,1.0183,0.0
38092,93,1000,0.0183,1.0,0.0,0.0,0.0,1.0183,0.0
38142,93,1050,0.0183,1.0,0.0,0.0,0.0,1.0183,0.0
38192,93,1100,0.0183,1.0,0.0,0.0,0.0,1.0183,0.0
38242,93,1150,0.0183,1.0,0.0,0.0,0.0,1.0183,0.0
38292,93,1200,0.0183,1.0,0.0,0.0,0.0,1.0183,0.0
38342,93,1250,0.0183,1.0,0.0,0.0,0.0,1.0183,0.0
38392,93,1300,0.0183,1.0,0.0,0.0,0.0,1.0183,0.0
38442,93,1350,0.0183,1.0,0.0,0.0,0.0,1.0183,0.0
38492,93,1400,0.0184,1.0,0.0,0.0,0.0,1.0184,0.0
38542,93,1450,0.0183,1.0,0.0,0.0,0.0,1.0183,0.0
38592,93,1500,0.0184,1.0,0.0,0.0,0.0,1.0184,0.28
38642,93,1550,0.0183,1.0,0.0,0.0,0.0,1.0183,0.0
38692,93,1600,0.0183,1.0,0.0,0.0,0.0,1.0183,0.0
38742,93,1650,0.0183,1.0,0.0,0.0,0.0,1.0183,0.0
38792,93,1700,0.0183,1.0,0.0,0.0,0.0,1.0183,0.0
38842,93,1750,0.0183,1.0,0.0,0.0,0.0,1.0183,0.01
38892,93,1800,0.0184,1.0,0.0,0.0,0.0,1.0184,0.0
38942,93,1850,0.0184,1.0,0.0,0.0,0.0,1.0184,0.0
38992,93,1900,0.0184,1.0,0.0,0.0,0.0,1.0184,0.0
39042,93,1950,0.0184,1.0,0.0,0.0,0.0,1.0184,0.0
39092,93,2000,0.0184,1.0,0.0,0.0,0.0,1.0184,0.0
39142,94,50,0.0187,1.0,0.0,0.0,0.0,1.0187,0.0
39192,94,100,0.0184,1.0,0.0,0.0,0.0,1.0184,0.0
39242,94,150,0.0191,1.0,0.0,0.0,0.0,1.0191,0.0
39292,94,200,0.0184,1.0,0.0,0.0,0.0,1.0184,0.0
39342,94,250,0.019,1.0,0.0,0.0,0.0,1.019,0.34
39392,94,300,0.0185,1.0,0.0,0.0,0.0,1.0185,0.0
39442,94,350,0.0193,1.0,0.0,0.0,0.0,1.0193,0.33
39492,94,400,0.0189,1.0,0.0,0.0,0.0,1.0189,0.0
39542,94,450,0.0191,1.0,0.0,0.0,0.0,1.0191,0.0
39592,94,500,0.0186,1.0,0.0,0.0,0.0,1.0186,0.0
39642,94,550,0.0185,1.0,0.0,0.0,0.0,1.0185,0.05
39692,94,600,0.0207,1.0,0.0,0.0,0.0,1.0207,0.0
39742,94,650,0.0186,1.0,0.0,0.0,0.0,1.0186,0.0
39792,94,700,0.0188,1.0,0.0,0.0,0.0,1.0188,0.0
39842,94,750,0.0192,1.0,0.0,0.0,0.0,1.0192,0.0
39892,94,800,0.0184,1.0,0.0,0.0,0.0,1.0183,0.0
39942,94,850,0.0193,1.0,0.0,0.0,0.0,1.0192,0.0
39992,94,900,0.0185,1.0,0.0,0.0,0.0,1.0185,0.64
40042,94,950,0.0196,1.0,0.0,0.0,0.0,1.0195,0.36
40092,94,1000,0.019,1.0,0.0,0.0,0.0,1.0189,0.35
40142,94,1050,0.0188,1.0,0.0,0.0,0.0,1.0188,0.0
40192,94,1100,0.0192,1.0,0.0,0.0,0.0,1.0192,0.0
40242,94,1150,0.0185,1.0,0.0,0.0,0.0,1.0185,0.04
40292,94,1200,0.0187,1.0,0.0,0.0,0.0,1.0186,0.0
40342,94,1250,0.0188,1.0,0.0,0.0,0.0,1.0188,0.0
40392,94,1300,0.0188,1.0,0.0,0.0,0.0,1.0188,0.0
40442,94,1350,0.0185,1.0,0.0,0.0,0.0,1.0185,0.04
40492,94,1400,0.0188,1.0,0.0,0.0,0.0,1.0188,0.0
40542,94,1450,0.0187,1.0,0.0,0.0,0.0,1.0187,0.0
40592,94,1500,0.0188,1.0,0.0,0.0,0.0,1.0188,0.0
40642,94,1550,0.0201,1.0,0.0,0.0,0.0,1.0201,0.0
40692,94,1600,0.0185,1.0,0.0,0.0,0.0,1.0185,0.0
40742,94,1650,0.0188,1.0,0.0,0.0,0.0,1.0188,0.03
40792,94,1700,0.0191,1.0,0.0,0.0,0.0,1.0191,0.02
40842,94,1750,0.0187,1.0,0.0,0.0,0.0,1.0187,0.32
40892,94,1800,0.0184,1.0,0.0,0.0,0.0,1.0184,0.0
40942,94,1850,0.0185,1.0,0.0,0.0,0.0,1.0185,0.0
40992,94,1900,0.0185,1.0,0.0,0.0,0.0,1.0185,0.0
41042,94,1950,0.0183,1.0,0.0,0.0,0.0,1.0183,0.0
41092,94,2000,0.0183,1.0,0.0,0.0,0.0,1.0183,0.0
41142,95,50,0.0187,1.0,0.0,0.0,0.0,1.0187,0.0
41192,95,100,0.0183,1.0,0.0,0.0,0.0,1.0183,0.0
41242,95,150,0.0183,1.0,0.0,0.0,0.0,1.0183,0.0
41292,95,200,0.0183,1.0,0.0,0.0,0.0,1.0183,0.0
41342,95,250,0.0183,1.0,0.0,0.0,0.0,1.0183,0.0
41392,95,300,0.0183,1.0,0.0,0.0,0.0,1.0183,0.0
41442,95,350,0.0183,1.0,0.0,0.0,0.0,1.0183,0.0
41492,95,400,0.0183,1.0,0.0,0.0,0.0,1.0183,0.0
41542,95,450,0.0183,1.0,0.0,0.0,0.0,1.0183,0.0
41592,95,500,0.0183,1.0,0.0,0.0,0.0,1.0183,0.0
41642,95,550,0.0183,1.0,0.0,0.0,0.0,1.0183,0.01
41692,95,600,0.0183,1.0,0.0,0.0,0.0,1.0183,0.0
41742,95,650,0.0183,1.0,0.0,0.0,0.0,1.0183,0.0
41792,95,700,0.0183,1.0,0.0,0.0,0.0,1.0183,0.0
41842,95,750,0.0183,1.0,0.0,0.0,0.0,1.0183,0.0
41892,95,800,0.0183,1.0,0.0,0.0,0.0,1.0183,0.0
41942,95,850,0.0183,1.0,0.0,0.0,0.0,1.0183,0.0
41992,95,900,0.0183,1.0,0.0,0.0,0.0,1.0183,0.0
42042,95,950,0.0183,1.0,0.0,0.0,0.0,1.0183,0.0
42092,95,1000,0.0183,1.0,0.0,0.0,0.0,1.0183,0.01
42142,95,1050,0.0183,1.0,0.0,0.0,0.0,1.0183,0.0
42192,95,1100,0.0183,1.0,0.0,0.0,0.0,1.0183,0.01
42242,95,1150,0.0183,1.0,0.0,0.0,0.0,1.0183,0.0
42292,95,1200,0.0183,1.0,0.0,0.0,0.0,1.0183,0.0
42342,95,1250,0.0183,1.0,0.0,0.0,0.0,1.0183,0.0
42392,95,1300,0.0183,1.0,0.0,0.0,0.0,1.0183,0.0
42442,95,1350,0.0183,1.0,0.0,0.0,0.0,1.0183,0.0
42492,95,1400,0.0183,1.0,0.0,0.0,0.0,1.0183,0.0
42542,95,1450,0.0183,1.0,0.0,0.0,0.0,1.0183,0.0
42592,95,1500,0.0183,1.0,0.0,0.0,0.0,1.0183,0.0
42642,95,1550,0.0183,1.0,0.0,0.0,0.0,1.0183,0.0
42692,95,1600,0.0183,1.0,0.0,0.0,0.0,1.0183,0.0
42742,95,1650,0.0183,1.0,0.0,0.0,0.0,1.0183,0.01
42792,95,1700,0.0183,1.0,0.0,0.0,0.0,1.0183,0.0
42842,95,1750,0.0183,1.0,0.0,0.0,0.0,1.0183,0.0
42892,95,1800,0.0183,1.0,0.0,0.0,0.0,1.0183,0.0
42942,95,1850,0.0183,1.0,0.0,0.0,0.0,1.0183,0.0
42992,95,1900,0.0183,1.0,0.0,0.0,0.0,1.0183,0.01
43042,95,1950,0.0183,1.0,0.0,0.0,0.0,1.0183,0.0
43092,95,2000,0.0183,1.0,0.0,0.0,0.0,1.0183,0.0
43142,96,50,0.0187,1.0,0.0,0.0,0.0,1.0187,0.0
43192,96,100,0.0183,1.0,0.0,0.0,0.0,1.0183,0.0
43242,96,150,0.0183,1.0,0.0,0.0,0.0,1.0183,0.0
43292,96,200,0.0183,1.0,0.0,0.0,0.0,1.0183,0.0
43342,96,250,0.0183,1.0,0.0,0.0,0.0,1.0183,0.0
43392,96,300,0.0183,1.0,0.0,0.0,0.0,1.0183,0.0
43442,96,350,0.0183,1.0,0.0,0.0,0.0,1.0183,0.0
43492,96,400,0.0183,1.0,0.0,0.0,0.0,1.0183,0.0
43542,96,450,0.0183,1.0,0.0,0.0,0.0,1.0183,0.0
43592,96,500,0.0183,1.0,0.0,0.0,0.0,1.0183,0.0
43642,96,550,0.0183,1.0,0.0,0.0,0.0,1.0183,0.0
43692,96,600,0.0183,1.0,0.0,0.0,0.0,1.0183,0.0
43742,96,650,0.0183,1.0,0.0,0.0,0.0,1.0183,0.0
43792,96,700,0.0183,1.0,0.0,0.0,0.0,1.0183,0.0
43842,96,750,0.0183,1.0,0.0,0.0,0.0,1.0183,0.0
43892,96,800,0.0183,1.0,0.0,0.0,0.0,1.0183,0.0
43942,96,850,0.0183,1.0,0.0,0.0,0.0,1.0183,0.0
43992,96,900,0.0183,1.0,0.0,0.0,0.0,1.0183,0.0
44042,96,950,0.0183,1.0,0.0,0.0,0.0,1.0183,0.0
44092,96,1000,0.0183,1.0,0.0,0.0,0.0,1.0183,0.0
44142,96,1050,0.0183,1.0,0.0,0.0,0.0,1.0183,0.0
44192,96,1100,0.0183,1.0,0.0,0.0,0.0,1.0183,0.0
44242,96,1150,0.0183,1.0,0.0,0.0,0.0,1.0183,0.0
44292,96,1200,0.0183,1.0,0.0,0.0,0.0,1.0183,0.0
44342,96,1250,0.0183,1.0,0.0,0.0,0.0,1.0183,0.0
44392,96,1300,0.0183,1.0,0.0,0.0,0.0,1.0183,0.0
44442,96,1350,0.0183,1.0,0.0,0.0,0.0,1.0183,0.0
44492,96,1400,0.0183,1.0,0.0,0.0,0.0,1.0183,0.01
44542,96,1450,0.0183,1.0,0.0,0.0,0.0,1.0183,0.0
44592,96,1500,0.0183,1.0,0.0,0.0,0.0,1.0183,0.0
44642,96,1550,0.0183,1.0,0.0,0.0,0.0,1.0183,0.0
44692,96,1600,0.0183,1.0,0.0,0.0,0.0,1.0183,0.0
44742,96,1650,0.0183,1.0,0.0,0.0,0.0,1.0183,0.0
44792,96,1700,0.0183,1.0,0.0,0.0,0.0,1.0183,0.0
44842,96,1750,0.0183,1.0,0.0,0.0,0.0,1.0183,0.01
44892,96,1800,0.0183,1.0,0.0,0.0,0.0,1.0183,0.0
44942,96,1850,0.0183,1.0,0.0,0.0,0.0,1.0183,0.0
44992,96,1900,0.0183,1.0,0.0,0.0,0.0,1.0183,0.0
45042,96,1950,0.0183,1.0,0.0,0.0,0.0,1.0183,0.0
45092,96,2000,0.0183,1.0,0.0,0.0,0.0,1.0183,0.0
45142,97,50,0.0187,1.0,0.0,0.0,0.0,1.0187,0.0
45192,97,100,0.0183,1.0,0.0,0.0,0.0,1.0183,0.0
45242,97,150,0.0183,1.0,0.0,0.0,0.0,1.0183,0.0
45292,97,200,0.0183,1.0,0.0,0.0,0.0,1.0183,0.0
45342,97,250,0.0183,1.0,0.0,0.0,0.0,1.0183,0.0
45392,97,300,0.0183,1.0,0.0,0.0,0.0,1.0183,0.0
45442,97,350,0.0183,1.0,0.0,0.0,0.0,1.0183,0.0
45492,97,400,0.0183,1.0,0.0,0.0,0.0,1.0183,0.0
45542,97,450,0.0183,1.0,0.0,0.0,0.0,1.0183,0.0
45592,97,500,0.0183,1.0,0.0,0.0,0.0,1.0183,0.0
45642,97,550,0.0183,1.0,0.0,0.0,0.0,1.0183,0.0
45692,97,600,0.0183,1.0,0.0,0.0,0.0,1.0183,0.0
45742,97,650,0.0183,1.0,0.0,0.0,0.0,1.0183,0.0
45792,97,700,0.0183,1.0,0.0,0.0,0.0,1.0183,0.0
45842,97,750,0.0183,1.0,0.0,0.0,0.0,1.0183,0.0
45892,97,800,0.0183,1.0,0.0,0.0,0.0,1.0183,0.0
45942,97,850,0.0183,1.0,0.0,0.0,0.0,1.0183,0.0
45992,97,900,0.0183,1.0,0.0,0.0,0.0,1.0183,0.0
46042,97,950,0.0183,1.0,0.0,0.0,0.0,1.0183,0.0
46092,97,1000,0.0183,1.0,0.0,0.0,0.0,1.0183,0.0
46142,97,1050,0.0183,1.0,0.0,0.0,0.0,1.0183,0.0
46192,97,1100,0.0183,1.0,0.0,0.0,0.0,1.0183,0.0
46242,97,1150,0.0183,1.0,0.0,0.0,0.0,1.0183,0.0
46292,97,1200,0.0183,1.0,0.0,0.0,0.0,1.0183,0.0
46342,97,1250,0.0183,1.0,0.0,0.0,0.0,1.0183,0.0
46392,97,1300,0.0183,1.0,0.0,0.0,0.0,1.0183,0.0
46442,97,1350,0.0183,1.0,0.0,0.0,0.0,1.0183,0.0
46492,97,1400,0.0183,1.0,0.0,0.0,0.0,1.0183,0.0
46542,97,1450,0.0183,1.0,0.0,0.0,0.0,1.0183,0.0
46592,97,1500,0.0183,1.0,0.0,0.0,0.0,1.0183,0.01
46642,97,1550,0.0183,1.0,0.0,0.0,0.0,1.0183,0.0
46692,97,1600,0.0183,1.0,0.0,0.0,0.0,1.0183,0.0
46742,97,1650,0.0183,1.0,0.0,0.0,0.0,1.0183,0.01
46792,97,1700,0.0183,1.0,0.0,0.0,0.0,1.0183,0.0
46842,97,1750,0.0183,1.0,0.0,0.0,0.0,1.0183,0.0
46892,97,1800,0.0183,1.0,0.0,0.0,0.0,1.0183,0.0
46942,97,1850,0.0183,1.0,0.0,0.0,0.0,1.0183,0.0
46992,97,1900,0.0183,1.0,0.0,0.0,0.0,1.0183,0.0
47042,97,1950,0.0183,1.0,0.0,0.0,0.0,1.0183,0.0
47092,97,2000,0.0183,1.0,0.0,0.0,0.0,1.0183,0.0
47142,98,50,0.0187,1.0,0.0,0.0,0.0,1.0187,0.0
47192,98,100,0.0183,1.0,0.0,0.0,0.0,1.0183,0.0
47242,98,150,0.0183,1.0,0.0,0.0,0.0,1.0183,0.0
47292,98,200,0.0183,1.0,0.0,0.0,0.0,1.0183,0.0
47342,98,250,0.0183,1.0,0.0,0.0,0.0,1.0183,0.0
47392,98,300,0.0183,1.0,0.0,0.0,0.0,1.0183,0.0
47442,98,350,0.0183,1.0,0.0,0.0,0.0,1.0183,0.0
47492,98,400,0.0183,1.0,0.0,0.0,0.0,1.0183,0.0
47542,98,450,0.0183,1.0,0.0,0.0,0.0,1.0183,0.0
47592,98,500,0.0183,1.0,0.0,0.0,0.0,1.0183,0.0
47642,98,550,0.0183,1.0,0.0,0.0,0.0,1.0183,0.0
47692,98,600,0.0183,1.0,0.0,0.0,0.0,1.0183,0.0
47742,98,650,0.0183,1.0,0.0,0.0,0.0,1.0183,0.0
47792,98,700,0.0183,1.0,0.0,0.0,0.0,1.0183,0.0
47842,98,750,0.0183,1.0,0.0,0.0,0.0,1.0183,0.0
47892,98,800,0.0183,1.0,0.0,0.0,0.0,1.0183,0.0
47942,98,850,0.0183,1.0,0.0,0.0,0.0,1.0183,0.0
47992,98,900,0.0183,1.0,0.0,0.0,0.0,1.0183,0.0
48042,98,950,0.0183,1.0,0.0,0.0,0.0,1.0183,0.0
48092,98,1000,0.0183,1.0,0.0,0.0,0.0,1.0183,0.0
48142,98,1050,0.0183,1.0,0.0,0.0,0.0,1.0183,0.0
48192,98,1100,0.0183,1.0,0.0,0.0,0.0,1.0183,0.0
48242,98,1150,0.0183,1.0,0.0,0.0,0.0,1.0183,0.0
48292,98,1200,0.0183,1.0,0.0,0.0,0.0,1.0183,0.0
48342,98,1250,0.0183,1.0,0.0,0.0,0.0,1.0183,0.0
48392,98,1300,0.0183,1.0,0.0,0.0,0.0,1.0183,0.0
48442,98,1350,0.0183,1.0,0.0,0.0,0.0,1.0183,0.0
48492,98,1400,0.0183,1.0,0.0,0.0,0.0,1.0183,0.0
48542,98,1450,0.0183,1.0,0.0,0.0,0.0,1.0183,0.0
48592,98,1500,0.0183,1.0,0.0,0.0,0.0,1.0183,0.0
48642,98,1550,0.0183,1.0,0.0,0.0,0.0,1.0183,0.0
48692,98,1600,0.0183,1.0,0.0,0.0,0.0,1.0183,0.0
48742,98,1650,0.0183,1.0,0.0,0.0,0.0,1.0183,0.0
48792,98,1700,0.0183,1.0,0.0,0.0,0.0,1.0183,0.0
48842,98,1750,0.0183,1.0,0.0,0.0,0.0,1.0183,0.0
48892,98,1800,0.0183,1.0,0.0,0.0,0.0,1.0183,0.0
48942,98,1850,0.0183,1.0,0.0,0.0,0.0,1.0183,0.0
48992,98,1900,0.0183,1.0,0.0,0.0,0.0,1.0183,0.0
49042,98,1950,0.0183,1.0,0.0,0.0,0.0,1.0183,0.0
49092,98,2000,0.0183,1.0,0.0,0.0,0.0,1.0183,0.0
49142,99,50,0.0187,1.0,0.0,0.0,0.0,1.0187,0.0
49192,99,100,0.0183,1.0,0.0,0.0,0.0,1.0183,0.0
49242,99,150,0.0183,1.0,0.0,0.0,0.0,1.0183,0.0
49292,99,200,0.0183,1.0,0.0,0.0,0.0,1.0183,0.0
49342,99,250,0.0183,1.0,0.0,0.0,0.0,1.0183,0.0
49392,99,300,0.0183,1.0,0.0,0.0,0.0,1.0183,0.0
49442,99,350,0.0183,1.0,0.0,0.0,0.0,1.0183,0.0
49492,99,400,0.0183,1.0,0.0,0.0,0.0,1.0183,0.0
49542,99,450,0.0183,1.0,0.0,0.0,0.0,1.0183,0.0
49592,99,500,0.0183,1.0,0.0,0.0,0.0,1.0183,0.0
49642,99,550,0.0183,1.0,0.0,0.0,0.0,1.0183,0.0
49692,99,600,0.0183,1.0,0.0,0.0,0.0,1.0183,0.0
49742,99,650,0.0183,1.0,0.0,0.0,0.0,1.0183,0.0
49792,99,700,0.0183,1.0,0.0,0.0,0.0,1.0183,0.0
49842,99,750,0.0183,1.0,0.0,0.0,0.0,1.0183,0.0
49892,99,800,0.0183,1.0,0.0,0.0,0.0,1.0183,0.0
49942,99,850,0.0183,1.0,0.0,0.0,0.0,1.0183,0.0
49992,99,900,0.0183,1.0,0.0,0.0,0.0,1.0183,0.0
50042,99,950,0.0183,1.0,0.0,0.0,0.0,1.0183,0.0
50092,99,1000,0.0183,1.0,0.0,0.0,0.0,1.0183,0.0
50142,99,1050,0.0183,1.0,0.0,0.0,0.0,1.0183,0.0
50192,99,1100,0.0183,1.0,0.0,0.0,0.0,1.0183,0.0
50242,99,1150,0.0183,1.0,0.0,0.0,0.0,1.0183,0.0
50292,99,1200,0.0183,1.0,0.0,0.0,0.0,1.0183,0.0
50342,99,1250,0.0183,1.0,0.0,0.0,0.0,1.0183,0.0
50392,99,1300,0.0183,1.0,0.0,0.0,0.0,1.0183,0.0
50442,99,1350,0.0183,1.0,0.0,0.0,0.0,1.0183,0.0
50492,99,1400,0.0183,1.0,0.0,0.0,0.0,1.0183,0.0
50542,99,1450,0.0183,1.0,0.0,0.0,0.0,1.0183,0.0
50592,99,1500,0.0183,1.0,0.0,0.0,0.0,1.0183,0.0
50642,99,1550,0.0183,1.0,0.0,0.0,0.0,1.0183,0.0
50692,99,1600,0.0183,1.0,0.0,0.0,0.0,1.0183,0.0
50742,99,1650,0.0183,1.0,0.0,0.0,0.0,1.0183,0.0
50792,99,1700,0.0183,1.0,0.0,0.0,0.0,1.0183,0.0
50842,99,1750,0.0183,1.0,0.0,0.0,0.0,1.0183,0.0
50892,99,1800,0.0183,1.0,0.0,0.0,0.0,1.0183,0.0
50942,99,1850,0.0183,1.0,0.0,0.0,0.0,1.0183,0.0
50992,99,1900,0.0183,1.0,0.0,0.0,0.0,1.0183,0.0
51042,99,1950,0.0183,1.0,0.0,0.0,0.0,1.0183,0.0
51092,99,2000,0.0183,1.0,0.0,0.0,0.0,1.0183,0.0
51142,100,50,0.0187,1.0,0.0,0.0,0.0,1.0187,0.0
51192,100,100,0.0183,1.0,0.0,0.0,0.0,1.0183,0.0
51242,100,150,0.0183,1.0,0.0,0.0,0.0,1.0183,0.0
51292,100,200,0.0183,1.0,0.0,0.0,0.0,1.0183,0.0
51342,100,250,0.0183,1.0,0.0,0.0,0.0,1.0183,0.0
51392,100,300,0.0183,1.0,0.0,0.0,0.0,1.0183,0.0
51442,100,350,0.0183,1.0,0.0,0.0,0.0,1.0183,0.0
51492,100,400,0.0183,1.0,0.0,0.0,0.0,1.0183,0.0
51542,100,450,0.0183,1.0,0.0,0.0,0.0,1.0183,0.0
51592,100,500,0.0183,1.0,0.0,0.0,0.0,1.0183,0.0
51642,100,550,0.0183,1.0,0.0,0.0,0.0,1.0183,0.0
51692,100,600,0.0183,1.0,0.0,0.0,0.0,1.0183,0.0
51742,100,650,0.0183,1.0,0.0,0.0,0.0,1.0183,0.0
51792,100,700,0.0183,1.0,0.0,0.0,0.0,1.0183,0.0
51842,100,750,0.0183,1.0,0.0,0.0,0.0,1.0183,0.0
51892,100,800,0.0183,1.0,0.0,0.0,0.0,1.0183,0.0
51942,100,850,0.0183,1.0,0.0,0.0,0.0,1.0183,0.0
51992,100,900,0.0183,1.0,0.0,0.0,0.0,1.0183,0.0
52042,100,950,0.0183,1.0,0.0,0.0,0.0,1.0183,0.0
52092,100,1000,0.0183,1.0,0.0,0.0,0.0,1.0183,0.0
52142,100,1050,0.0183,1.0,0.0,0.0,0.0,1.0183,0.0
52192,100,1100,0.0183,1.0,0.0,0.0,0.0,1.0183,0.0
52242,100,1150,0.0183,1.0,0.0,0.0,0.0,1.0183,0.0
52292,100,1200,0.0183,1.0,0.0,0.0,0.0,1.0183,0.0
52342,100,1250,0.0183,1.0,0.0,0.0,0.0,1.0183,0.0
52392,100,1300,0.0183,1.0,0.0,0.0,0.0,1.0183,0.0
52442,100,1350,0.0183,1.0,0.0,0.0,0.0,1.0183,0.0
52492,100,1400,0.0183,1.0,0.0,0.0,0.0,1.0183,0.0
52542,100,1450,0.0183,1.0,0.0,0.0,0.0,1.0183,0.0
52592,100,1500,0.0183,1.0,0.0,0.0,0.0,1.0183,0.0
52642,100,1550,0.0183,1.0,0.0,0.0,0.0,1.0183,0.0
52692,100,1600,0.0183,1.0,0.0,0.0,0.0,1.0183,0.0
52742,100,1650,0.0183,1.0,0.0,0.0,0.0,1.0183,0.0
52792,100,1700,0.0183,1.0,0.0,0.0,0.0,1.0183,0.0
52842,100,1750,0.0183,1.0,0.0,0.0,0.0,1.0183,0.0
52892,100,1800,0.0183,1.0,0.0,0.0,0.0,1.0183,0.0
52942,100,1850,0.0183,1.0,0.0,0.0,0.0,1.0183,0.0
52992,100,1900,0.0183,1.0,0.0,0.0,0.0,1.0183,0.0
53042,100,1950,0.0183,1.0,0.0,0.0,0.0,1.0183,0.0
53092,100,2000,0.0183,1.0,0.0,0.0,0.0,1.0183,0.0
53142,101,50,0.0187,1.0,0.0,0.0,0.0,1.0187,0.0
53192,101,100,0.0183,1.0,0.0,0.0,0.0,1.0183,0.0
53242,101,150,0.0183,1.0,0.0,0.0,0.0,1.0183,0.0
53292,101,200,0.0183,1.0,0.0,0.0,0.0,1.0183,0.0
53342,101,250,0.0183,1.0,0.0,0.0,0.0,1.0183,0.0
53392,101,300,0.0183,1.0,0.0,0.0,0.0,1.0183,0.0
53442,101,350,0.0183,1.0,0.0,0.0,0.0,1.0183,0.0
53492,101,400,0.0183,1.0,0.0,0.0,0.0,1.0183,0.0
53542,101,450,0.0183,1.0,0.0,0.0,0.0,1.0183,0.0
53592,101,500,0.0183,1.0,0.0,0.0,0.0,1.0183,0.0
53642,101,550,0.0183,1.0,0.0,0.0,0.0,1.0183,0.0
53692,101,600,0.0183,1.0,0.0,0.0,0.0,1.0183,0.0
53742,101,650,0.0183,1.0,0.0,0.0,0.0,1.0183,0.0
53792,101,700,0.0183,1.0,0.0,0.0,0.0,1.0183,0.0
53842,101,750,0.0183,1.0,0.0,0.0,0.0,1.0183,0.0
53892,101,800,0.0183,1.0,0.0,0.0,0.0,1.0183,0.0
53942,101,850,0.0183,1.0,0.0,0.0,0.0,1.0183,0.0
53992,101,900,0.0183,1.0,0.0,0.0,0.0,1.0183,0.0
54042,101,950,0.0183,1.0,0.0,0.0,0.0,1.0183,0.0
54092,101,1000,0.0183,1.0,0.0,0.0,0.0,1.0183,0.0
54142,101,1050,0.0183,1.0,0.0,0.0,0.0,1.0183,0.0
54192,101,1100,0.0183,1.0,0.0,0.0,0.0,1.0183,0.0
54242,101,1150,0.0183,1.0,0.0,0.0,0.0,1.0183,0.0
54292,101,1200,0.0183,1.0,0.0,0.0,0.0,1.0183,0.0
54342,101,1250,0.0183,1.0,0.0,0.0,0.0,1.0183,0.0
54392,101,1300,0.0183,1.0,0.0,0.0,0.0,1.0183,0.0
54442,101,1350,0.0183,1.0,0.0,0.0,0.0,1.0183,0.0
54492,101,1400,0.0183,1.0,0.0,0.0,0.0,1.0183,0.0
54542,101,1450,0.0183,1.0,0.0,0.0,0.0,1.0183,0.0
54592,101,1500,0.0183,1.0,0.0,0.0,0.0,1.0183,0.0
54642,101,1550,0.0183,1.0,0.0,0.0,0.0,1.0183,0.0
54692,101,1600,0.0183,1.0,0.0,0.0,0.0,1.0183,0.0
54742,101,1650,0.0183,1.0,0.0,0.0,0.0,1.0183,0.0
54792,101,1700,0.0183,1.0,0.0,0.0,0.0,1.0183,0.0
54842,101,1750,0.0183,1.0,0.0,0.0,0.0,1.0183,0.0
54892,101,1800,0.0183,1.0,0.0,0.0,0.0,1.0183,0.0
54942,101,1850,0.0183,1.0,0.0,0.0,0.0,1.0183,0.0
54992,101,1900,0.0183,1.0,0.0,0.0,0.0,1.0183,0.0
55042,101,1950,0.0183,1.0,0.0,0.0,0.0,1.0183,0.0
55092,101,2000,0.0183,1.0,0.0,0.0,0.0,1.0183,0.0
55142,102,50,0.0187,1.0,0.0,0.0,0.0,1.0187,0.0
55192,102,100,0.0183,1.0,0.0,0.0,0.0,1.0183,0.0
55242,102,150,0.0183,1.0,0.0,0.0,0.0,1.0183,0.0
55292,102,200,0.0183,1.0,0.0,0.0,0.0,1.0183,0.0
55342,102,250,0.0183,1.0,0.0,0.0,0.0,1.0183,0.0
55392,102,300,0.0183,1.0,0.0,0.0,0.0,1.0183,0.0
55442,102,350,0.0183,1.0,0.0,0.0,0.0,1.0183,0.0
55492,102,400,0.0183,1.0,0.0,0.0,0.0,1.0183,0.0
55542,102,450,0.0183,1.0,0.0,0.0,0.0,1.0183,0.0
55592,102,500,0.0183,1.0,0.0,0.0,0.0,1.0183,0.0
55642,102,550,0.0183,1.0,0.0,0.0,0.0,1.0183,0.0
55692,102,600,0.0183,1.0,0.0,0.0,0.0,1.0183,0.0
55742,102,650,0.0183,1.0,0.0,0.0,0.0,1.0183,0.0
55792,102,700,0.0183,1.0,0.0,0.0,0.0,1.0183,0.0
55842,102,750,0.0183,1.0,0.0,0.0,0.0,1.0183,0.0
55892,102,800,0.0183,1.0,0.0,0.0,0.0,1.0183,0.0
55942,102,850,0.0183,1.0,0.0,0.0,0.0,1.0183,0.0
55992,102,900,0.0183,1.0,0.0,0.0,0.0,1.0183,0.0
56042,102,950,0.0183,1.0,0.0,0.0,0.0,1.0183,0.0
56092,102,1000,0.0183,1.0,0.0,0.0,0.0,1.0183,0.0
56142,102,1050,0.0183,1.0,0.0,0.0,0.0,1.0183,0.0
56192,102,1100,0.0183,1.0,0.0,0.0,0.0,1.0183,0.0
56242,102,1150,0.0183,1.0,0.0,0.0,0.0,1.0183,0.0
56292,102,1200,0.0183,1.0,0.0,0.0,0.0,1.0183,0.0
56342,102,1250,0.0183,1.0,0.0,0.0,0.0,1.0183,0.0
56392,102,1300,0.0183,1.0,0.0,0.0,0.0,1.0183,0.0
56442,102,1350,0.0183,1.0,0.0,0.0,0.0,1.0183,0.0
56492,102,1400,0.0183,1.0,0.0,0.0,0.0,1.0183,0.0
56542,102,1450,0.0183,1.0,0.0,0.0,0.0,1.0183,0.0
56592,102,1500,0.0183,1.0,0.0,0.0,0.0,1.0183,0.0
56642,102,1550,0.0183,1.0,0.0,0.0,0.0,1.0183,0.0
56692,102,1600,0.0183,1.0,0.0,0.0,0.0,1.0183,0.0
56742,102,1650,0.0183,1.0,0.0,0.0,0.0,1.0183,0.0
56792,102,1700,0.0183,1.0,0.0,0.0,0.0,1.0183,0.0
56842,102,1750,0.0183,1.0,0.0,0.0,0.0,1.0183,0.0
56892,102,1800,0.0183,1.0,0.0,0.0,0.0,1.0183,0.0
56942,102,1850,0.0183,1.0,0.0,0.0,0.0,1.0183,0.0
56992,102,1900,0.0183,1.0,0.0,0.0,0.0,1.0183,0.0
57042,102,1950,0.0183,1.0,0.0,0.0,0.0,1.0183,0.0
57092,102,2000,0.0183,1.0,0.0,0.0,0.0,1.0183,0.0
57142,103,50,0.0187,1.0,0.0,0.0,0.0,1.0187,0.0
57192,103,100,0.0183,1.0,0.0,0.0,0.0,1.0183,0.0
57242,103,150,0.0183,1.0,0.0,0.0,0.0,1.0183,0.0
57292,103,200,0.0183,1.0,0.0,0.0,0.0,1.0183,0.0
57342,103,250,0.0183,1.0,0.0,0.0,0.0,1.0183,0.0
57392,103,300,0.0183,1.0,0.0,0.0,0.0,1.0183,0.0
57442,103,350,0.0183,1.0,0.0,0.0,0.0,1.0183,0.0
57492,103,400,0.0183,1.0,0.0,0.0,0.0,1.0183,0.0
57542,103,450,0.0183,1.0,0.0,0.0,0.0,1.0183,0.0
57592,103,500,0.0183,1.0,0.0,0.0,0.0,1.0183,0.0
57642,103,550,0.0183,1.0,0.0,0.0,0.0,1.0183,0.0
57692,103,600,0.0183,1.0,0.0,0.0,0.0,1.0183,0.0
57742,103,650,0.0183,1.0,0.0,0.0,0.0,1.0183,0.0
57792,103,700,0.0183,1.0,0.0,0.0,0.0,1.0183,0.0
57842,103,750,0.0183,1.0,0.0,0.0,0.0,1.0183,0.0
57892,103,800,0.0183,1.0,0.0,0.0,0.0,1.0183,0.0
57942,103,850,0.0183,1.0,0.0,0.0,0.0,1.0183,0.0
57992,103,900,0.0183,1.0,0.0,0.0,0.0,1.0183,0.0
58042,103,950,0.0183,1.0,0.0,0.0,0.0,1.0183,0.0
58092,103,1000,0.0183,1.0,0.0,0.0,0.0,1.0183,0.0
58142,103,1050,0.0183,1.0,0.0,0.0,0.0,1.0183,0.0
58192,103,1100,0.0183,1.0,0.0,0.0,0.0,1.0183,0.0
58242,103,1150,0.0183,1.0,0.0,0.0,0.0,1.0183,0.0
58292,103,1200,0.0183,1.0,0.0,0.0,0.0,1.0183,0.0
58342,103,1250,0.0183,1.0,0.0,0.0,0.0,1.0183,0.0
58392,103,1300,0.0183,1.0,0.0,0.0,0.0,1.0183,0.0
58442,103,1350,0.0183,1.0,0.0,0.0,0.0,1.0183,0.0
58492,103,1400,0.0183,1.0,0.0,0.0,0.0,1.0183,0.0
58542,103,1450,0.0183,1.0,0.0,0.0,0.0,1.0183,0.0
58592,103,1500,0.0183,1.0,0.0,0.0,0.0,1.0183,0.0
58642,103,1550,0.0183,1.0,0.0,0.0,0.0,1.0183,0.0
58692,103,1600,0.0183,1.0,0.0,0.0,0.0,1.0183,0.0
58742,103,1650,0.0183,1.0,0.0,0.0,0.0,1.0183,0.0
58792,103,1700,0.0183,1.0,0.0,0.0,0.0,1.0183,0.0
58842,103,1750,0.0183,1.0,0.0,0.0,0.0,1.0183,0.0
58892,103,1800,0.0183,1.0,0.0,0.0,0.0,1.0183,0.0
58942,103,1850,0.0183,1.0,0.0,0.0,0.0,1.0183,0.0
58992,103,1900,0.0183,1.0,0.0,0.0,0.0,1.0183,0.0
59042,103,1950,0.0183,1.0,0.0,0.0,0.0,1.0183,0.0
59092,103,2000,0.0183,1.0,0.0,0.0,0.0,1.0183,0.0
59142,104,50,0.0187,1.0,0.0,0.0,0.0,1.0187,0.0
59192,104,100,0.0183,1.0,0.0,0.0,0.0,1.0183,0.0
59242,104,150,0.0183,1.0,0.0,0.0,0.0,1.0183,0.0
59292,104,200,0.0183,1.0,0.0,0.0,0.0,1.0183,0.0
59342,104,250,0.0183,1.0,0.0,0.0,0.0,1.0183,0.0
59392,104,300,0.0183,1.0,0.0,0.0,0.0,1.0183,0.0
59442,104,350,0.0183,1.0,0.0,0.0,0.0,1.0183,0.0
59492,104,400,0.0183,1.0,0.0,0.0,0.0,1.0183,0.0
59542,104,450,0.0183,1.0,0.0,0.0,0.0,1.0183,0.0
59592,104,500,0.0183,1.0,0.0,0.0,0.0,1.0183,0.0
59642,104,550,0.0183,1.0,0.0,0.0,0.0,1.0183,0.0
59692,104,600,0.0183,1.0,0.0,0.0,0.0,1.0183,0.0
59742,104,650,0.0183,1.0,0.0,0.0,0.0,1.0183,0.0
59792,104,700,0.0183,1.0,0.0,0.0,0.0,1.0183,0.0
59842,104,750,0.0183,1.0,0.0,0.0,0.0,1.0183,0.0
59892,104,800,0.0183,1.0,0.0,0.0,0.0,1.0183,0.0
59942,104,850,0.0183,1.0,0.0,0.0,0.0,1.0183,0.0
59992,104,900,0.0183,1.0,0.0,0.0,0.0,1.0183,0.0
60042,104,950,0.0183,1.0,0.0,0.0,0.0,1.0183,0.0
60092,104,1000,0.0183,1.0,0.0,0.0,0.0,1.0183,0.0
60142,104,1050,0.0183,1.0,0.0,0.0,0.0,1.0183,0.0
60192,104,1100,0.0183,1.0,0.0,0.0,0.0,1.0183,0.0
60242,104,1150,0.0183,1.0,0.0,0.0,0.0,1.0183,0.0
60292,104,1200,0.0183,1.0,0.0,0.0,0.0,1.0183,0.0
60342,104,1250,0.0183,1.0,0.0,0.0,0.0,1.0183,0.0
60392,104,1300,0.0183,1.0,0.0,0.0,0.0,1.0183,0.0
60442,104,1350,0.0183,1.0,0.0,0.0,0.0,1.0183,0.0
60492,104,1400,0.0183,1.0,0.0,0.0,0.0,1.0183,0.0
60542,104,1450,0.0183,1.0,0.0,0.0,0.0,1.0183,0.0
60592,104,1500,0.0183,1.0,0.0,0.0,0.0,1.0183,0.0
60642,104,1550,0.0183,1.0,0.0,0.0,0.0,1.0183,0.0
60692,104,1600,0.0183,1.0,0.0,0.0,0.0,1.0183,0.0
60742,104,1650,0.0183,1.0,0.0,0.0,0.0,1.0183,0.0
60792,104,1700,0.0183,1.0,0.0,0.0,0.0,1.0183,0.0
60842,104,1750,0.0183,1.0,0.0,0.0,0.0,1.0183,0.0
60892,104,1800,0.0183,1.0,0.0,0.0,0.0,1.0183,0.0
60942,104,1850,0.0183,1.0,0.0,0.0,0.0,1.0183,0.0
60992,104,1900,0.0183,1.0,0.0,0.0,0.0,1.0183,0.0
61042,104,1950,0.0183,1.0,0.0,0.0,0.0,1.0183,0.0
61092,104,2000,0.0183,1.0,0.0,0.0,0.0,1.0183,0.0
61142,105,50,0.0187,1.0,0.0,0.0,0.0,1.0187,0.0
61192,105,100,0.0183,1.0,0.0,0.0,0.0,1.0183,0.0
61242,105,150,0.0183,1.0,0.0,0.0,0.0,1.0183,0.0
61292,105,200,0.0183,1.0,0.0,0.0,0.0,1.0183,0.0
61342,105,250,0.0183,1.0,0.0,0.0,0.0,1.0183,0.0
61392,105,300,0.0183,1.0,0.0,0.0,0.0,1.0183,0.0
61442,105,350,0.0183,1.0,0.0,0.0,0.0,1.0183,0.0
61492,105,400,0.0183,1.0,0.0,0.0,0.0,1.0183,0.0
61542,105,450,0.0183,1.0,0.0,0.0,0.0,1.0183,0.0
61592,105,500,0.0183,1.0,0.0,0.0,0.0,1.0183,0.0
61642,105,550,0.0183,1.0,0.0,0.0,0.0,1.0183,0.0
61692,105,600,0.0183,1.0,0.0,0.0,0.0,1.0183,0.0
61742,105,650,0.0183,1.0,0.0,0.0,0.0,1.0183,0.0
61792,105,700,0.0183,1.0,0.0,0.0,0.0,1.0183,0.0
61842,105,750,0.0183,1.0,0.0,0.0,0.0,1.0183,0.0
61892,105,800,0.0183,1.0,0.0,0.0,0.0,1.0183,0.0
61942,105,850,0.0183,1.0,0.0,0.0,0.0,1.0183,0.0
61992,105,900,0.0183,1.0,0.0,0.0,0.0,1.0183,0.0
62042,105,950,0.0183,1.0,0.0,0.0,0.0,1.0183,0.0
62092,105,1000,0.0183,1.0,0.0,0.0,0.0,1.0183,0.0
62142,105,1050,0.0183,1.0,0.0,0.0,0.0,1.0183,0.0
62192,105,1100,0.0183,1.0,0.0,0.0,0.0,1.0183,0.0
62242,105,1150,0.0183,1.0,0.0,0.0,0.0,1.0183,0.0
62292,105,1200,0.0183,1.0,0.0,0.0,0.0,1.0183,0.0
62342,105,1250,0.0183,1.0,0.0,0.0,0.0,1.0183,0.0
62392,105,1300,0.0183,1.0,0.0,0.0,0.0,1.0183,0.0
62442,105,1350,0.0183,1.0,0.0,0.0,0.0,1.0183,0.0
62492,105,1400,0.0183,1.0,0.0,0.0,0.0,1.0183,0.0
62542,105,1450,0.0183,1.0,0.0,0.0,0.0,1.0183,0.0
62592,105,1500,0.0183,1.0,0.0,0.0,0.0,1.0183,0.0
62642,105,1550,0.0183,1.0,0.0,0.0,0.0,1.0183,0.0
62692,105,1600,0.0183,1.0,0.0,0.0,0.0,1.0183,0.0
62742,105,1650,0.0183,1.0,0.0,0.0,0.0,1.0183,0.0
62792,105,1700,0.0183,1.0,0.0,0.0,0.0,1.0183,0.0
62842,105,1750,0.0183,1.0,0.0,0.0,0.0,1.0183,0.0
62892,105,1800,0.0183,1.0,0.0,0.0,0.0,1.0183,0.0
62942,105,1850,0.0183,1.0,0.0,0.0,0.0,1.0183,0.0
62992,105,1900,0.0183,1.0,0.0,0.0,0.0,1.0183,0.0
63042,105,1950,0.0183,1.0,0.0,0.0,0.0,1.0183,0.0
63092,105,2000,0.0183,1.0,0.0,0.0,0.0,1.0183,0.0
63142,106,50,0.0187,1.0,0.0,0.0,0.0,1.0187,0.0
63192,106,100,0.0183,1.0,0.0,0.0,0.0,1.0183,0.0
63242,106,150,0.0183,1.0,0.0,0.0,0.0,1.0183,0.0
63292,106,200,0.0183,1.0,0.0,0.0,0.0,1.0183,0.0
63342,106,250,0.0183,1.0,0.0,0.0,0.0,1.0183,0.0
63392,106,300,0.0183,1.0,0.0,0.0,0.0,1.0183,0.0
63442,106,350,0.0183,1.0,0.0,0.0,0.0,1.0183,0.0
63492,106,400,0.0183,1.0,0.0,0.0,0.0,1.0183,0.0
63542,106,450,0.0183,1.0,0.0,0.0,0.0,1.0183,0.0
63592,106,500,0.0183,1.0,0.0,0.0,0.0,1.0183,0.0
63642,106,550,0.0183,1.0,0.0,0.0,0.0,1.0183,0.0
63692,106,600,0.0183,1.0,0.0,0.0,0.0,1.0183,0.0
63742,106,650,0.0183,1.0,0.0,0.0,0.0,1.0183,0.0
63792,106,700,0.0183,1.0,0.0,0.0,0.0,1.0183,0.0
63842,106,750,0.0183,1.0,0.0,0.0,0.0,1.0183,0.0
63892,106,800,0.0183,1.0,0.0,0.0,0.0,1.0183,0.0
63942,106,850,0.0183,1.0,0.0,0.0,0.0,1.0183,0.0
63992,106,900,0.0183,1.0,0.0,0.0,0.0,1.0183,0.0
64042,106,950,0.0183,1.0,0.0,0.0,0.0,1.0183,0.0
64092,106,1000,0.0183,1.0,0.0,0.0,0.0,1.0183,0.0
64142,106,1050,0.0183,1.0,0.0,0.0,0.0,1.0183,0.0
64192,106,1100,0.0183,1.0,0.0,0.0,0.0,1.0183,0.0
64242,106,1150,0.0183,1.0,0.0,0.0,0.0,1.0183,0.0
64292,106,1200,0.0183,1.0,0.0,0.0,0.0,1.0183,0.0
64342,106,1250,0.0183,1.0,0.0,0.0,0.0,1.0183,0.0
64392,106,1300,0.0183,1.0,0.0,0.0,0.0,1.0183,0.0
64442,106,1350,0.0183,1.0,0.0,0.0,0.0,1.0183,0.0
64492,106,1400,0.0183,1.0,0.0,0.0,0.0,1.0183,0.0
64542,106,1450,0.0183,1.0,0.0,0.0,0.0,1.0183,0.0
64592,106,1500,0.0183,1.0,0.0,0.0,0.0,1.0183,0.0
64642,106,1550,0.0183,1.0,0.0,0.0,0.0,1.0183,0.0
64692,106,1600,0.0183,1.0,0.0,0.0,0.0,1.0183,0.0
64742,106,1650,0.0183,1.0,0.0,0.0,0.0,1.0183,0.0
64792,106,1700,0.0183,1.0,0.0,0.0,0.0,1.0183,0.0
64842,106,1750,0.0183,1.0,0.0,0.0,0.0,1.0183,0.0
64892,106,1800,0.0183,1.0,0.0,0.0,0.0,1.0183,0.0
64942,106,1850,0.0183,1.0,0.0,0.0,0.0,1.0183,0.0
64992,106,1900,0.0183,1.0,0.0,0.0,0.0,1.0183,0.0
65042,106,1950,0.0183,1.0,0.0,0.0,0.0,1.0183,0.0
65092,106,2000,0.0183,1.0,0.0,0.0,0.0,1.0183,0.0
65142,107,50,0.0187,1.0,0.0,0.0,0.0,1.0187,0.0
65192,107,100,0.0183,1.0,0.0,0.0,0.0,1.0183,0.0
65242,107,150,0.0183,1.0,0.0,0.0,0.0,1.0183,0.0
65292,107,200,0.0183,1.0,0.0,0.0,0.0,1.0183,0.0
65342,107,250,0.0183,1.0,0.0,0.0,0.0,1.0183,0.0
65392,107,300,0.0183,1.0,0.0,0.0,0.0,1.0183,0.0
65442,107,350,0.0183,1.0,0.0,0.0,0.0,1.0183,0.0
65492,107,400,0.0183,1.0,0.0,0.0,0.0,1.0183,0.0
65542,107,450,0.0183,1.0,0.0,0.0,0.0,1.0183,0.0
65592,107,500,0.0183,1.0,0.0,0.0,0.0,1.0183,0.0
65642,107,550,0.0183,1.0,0.0,0.0,0.0,1.0183,0.0
65692,107,600,0.0183,1.0,0.0,0.0,0.0,1.0183,0.0
65742,107,650,0.0183,1.0,0.0,0.0,0.0,1.0183,0.0
65792,107,700,0.0183,1.0,0.0,0.0,0.0,1.0183,0.0
65842,107,750,0.0183,1.0,0.0,0.0,0.0,1.0183,0.0
65892,107,800,0.0183,1.0,0.0,0.0,0.0,1.0183,0.0
65942,107,850,0.0183,1.0,0.0,0.0,0.0,1.0183,0.0
65992,107,900,0.0183,1.0,0.0,0.0,0.0,1.0183,0.0
66042,107,950,0.0183,1.0,0.0,0.0,0.0,1.0183,0.0
66092,107,1000,0.0183,1.0,0.0,0.0,0.0,1.0183,0.0
66142,107,1050,0.0183,1.0,0.0,0.0,0.0,1.0183,0.0
66192,107,1100,0.0183,1.0,0.0,0.0,0.0,1.0183,0.0
66242,107,1150,0.0183,1.0,0.0,0.0,0.0,1.0183,0.0
66292,107,1200,0.0183,1.0,0.0,0.0,0.0,1.0183,0.0
66342,107,1250,0.0183,1.0,0.0,0.0,0.0,1.0183,0.0
66392,107,1300,0.0183,1.0,0.0,0.0,0.0,1.0183,0.0
66442,107,1350,0.0183,1.0,0.0,0.0,0.0,1.0183,0.0
66492,107,1400,0.0183,1.0,0.0,0.0,0.0,1.0183,0.0
66542,107,1450,0.0183,1.0,0.0,0.0,0.0,1.0183,0.0
66592,107,1500,0.0183,1.0,0.0,0.0,0.0,1.0183,0.0
66642,107,1550,0.0183,1.0,0.0,0.0,0.0,1.0183,0.0
66692,107,1600,0.0183,1.0,0.0,0.0,0.0,1.0183,0.0
66742,107,1650,0.0183,1.0,0.0,0.0,0.0,1.0183,0.0
66792,107,1700,0.0183,1.0,0.0,0.0,0.0,1.0183,0.0
66842,107,1750,0.0183,1.0,0.0,0.0,0.0,1.0183,0.0
66892,107,1800,0.0183,1.0,0.0,0.0,0.0,1.0183,0.0
66942,107,1850,0.0183,1.0,0.0,0.0,0.0,1.0183,0.0
66992,107,1900,0.0183,1.0,0.0,0.0,0.0,1.0183,0.0
67042,107,1950,0.0183,1.0,0.0,0.0,0.0,1.0183,0.0
67092,107,2000,0.0183,1.0,0.0,0.0,0.0,1.0183,0.0
67142,108,50,0.0187,1.0,0.0,0.0,0.0,1.0187,0.0
67192,108,100,0.0183,1.0,0.0,0.0,0.0,1.0183,0.0
67242,108,150,0.0183,1.0,0.0,0.0,0.0,1.0183,0.0
67292,108,200,0.0183,1.0,0.0,0.0,0.0,1.0183,0.0
67342,108,250,0.0183,1.0,0.0,0.0,0.0,1.0183,0.0
67392,108,300,0.0183,1.0,0.0,0.0,0.0,1.0183,0.0
67442,108,350,0.0183,1.0,0.0,0.0,0.0,1.0183,0.0
67492,108,400,0.0183,1.0,0.0,0.0,0.0,1.0183,0.0
67542,108,450,0.0183,1.0,0.0,0.0,0.0,1.0183,0.0
67592,108,500,0.0183,1.0,0.0,0.0,0.0,1.0183,0.0
67642,108,550,0.0183,1.0,0.0,0.0,0.0,1.0183,0.0
67692,108,600,0.0183,1.0,0.0,0.0,0.0,1.0183,0.0
67742,108,650,0.0183,1.0,0.0,0.0,0.0,1.0183,0.0
67792,108,700,0.0183,1.0,0.0,0.0,0.0,1.0183,0.0
67842,108,750,0.0183,1.0,0.0,0.0,0.0,1.0183,0.0
67892,108,800,0.0183,1.0,0.0,0.0,0.0,1.0183,0.0
67942,108,850,0.0183,1.0,0.0,0.0,0.0,1.0183,0.0
67992,108,900,0.0183,1.0,0.0,0.0,0.0,1.0183,0.0
68042,108,950,0.0183,1.0,0.0,0.0,0.0,1.0183,0.0
68092,108,1000,0.0183,1.0,0.0,0.0,0.0,1.0183,0.0
68142,108,1050,0.0183,1.0,0.0,0.0,0.0,1.0183,0.0
68192,108,1100,0.0183,1.0,0.0,0.0,0.0,1.0183,0.0
68242,108,1150,0.0183,1.0,0.0,0.0,0.0,1.0183,0.0
68292,108,1200,0.0183,1.0,0.0,0.0,0.0,1.0183,0.0
68342,108,1250,0.0183,1.0,0.0,0.0,0.0,1.0183,0.0
68392,108,1300,0.0183,1.0,0.0,0.0,0.0,1.0183,0.0
68442,108,1350,0.0183,1.0,0.0,0.0,0.0,1.0183,0.0
68492,108,1400,0.0183,1.0,0.0,0.0,0.0,1.0183,0.0
68542,108,1450,0.0183,1.0,0.0,0.0,0.0,1.0183,0.0
68592,108,1500,0.0183,1.0,0.0,0.0,0.0,1.0183,0.0
68642,108,1550,0.0183,1.0,0.0,0.0,0.0,1.0183,0.0
68692,108,1600,0.0183,1.0,0.0,0.0,0.0,1.0183,0.0
68742,108,1650,0.0183,1.0,0.0,0.0,0.0,1.0183,0.0
68792,108,1700,0.0183,1.0,0.0,0.0,0.0,1.0183,0.0
68842,108,1750,0.0183,1.0,0.0,0.0,0.0,1.0183,0.0
68892,108,1800,0.0183,1.0,0.0,0.0,0.0,1.0183,0.0
68942,108,1850,0.0183,1.0,0.0,0.0,0.0,1.0183,0.0
68992,108,1900,0.0183,1.0,0.0,0.0,0.0,1.0183,0.0
69042,108,1950,0.0183,1.0,0.0,0.0,0.0,1.0183,0.0
69092,108,2000,0.0183,1.0,0.0,0.0,0.0,1.0183,0.0
69142,109,50,0.0187,1.0,0.0,0.0,0.0,1.0187,0.0
69192,109,100,0.0183,1.0,0.0,0.0,0.0,1.0183,0.0
69242,109,150,0.0183,1.0,0.0,0.0,0.0,1.0183,0.0
69292,109,200,0.0183,1.0,0.0,0.0,0.0,1.0183,0.0
69342,109,250,0.0183,1.0,0.0,0.0,0.0,1.0183,0.0
69392,109,300,0.0183,1.0,0.0,0.0,0.0,1.0183,0.0
69442,109,350,0.0183,1.0,0.0,0.0,0.0,1.0183,0.0
69492,109,400,0.0183,1.0,0.0,0.0,0.0,1.0183,0.0
69542,109,450,0.0183,1.0,0.0,0.0,0.0,1.0183,0.0
69592,109,500,0.0183,1.0,0.0,0.0,0.0,1.0183,0.0
69642,109,550,0.0183,1.0,0.0,0.0,0.0,1.0183,0.0
69692,109,600,0.0183,1.0,0.0,0.0,0.0,1.0183,0.0
69742,109,650,0.0183,1.0,0.0,0.0,0.0,1.0183,0.0
69792,109,700,0.0183,1.0,0.0,0.0,0.0,1.0183,0.0
69842,109,750,0.0183,1.0,0.0,0.0,0.0,1.0183,0.0
69892,109,800,0.0183,1.0,0.0,0.0,0.0,1.0183,0.0
69942,109,850,0.0183,1.0,0.0,0.0,0.0,1.0183,0.0
69992,109,900,0.0183,1.0,0.0,0.0,0.0,1.0183,0.0
70042,109,950,0.0183,1.0,0.0,0.0,0.0,1.0183,0.0
70092,109,1000,0.0183,1.0,0.0,0.0,0.0,1.0183,0.0
70142,109,1050,0.0183,1.0,0.0,0.0,0.0,1.0183,0.0
70192,109,1100,0.0183,1.0,0.0,0.0,0.0,1.0183,0.0
70242,109,1150,0.0183,1.0,0.0,0.0,0.0,1.0183,0.0
70292,109,1200,0.0183,1.0,0.0,0.0,0.0,1.0183,0.0
70342,109,1250,0.0183,1.0,0.0,0.0,0.0,1.0183,0.0
70392,109,1300,0.0183,1.0,0.0,0.0,0.0,1.0183,0.0
70442,109,1350,0.0183,1.0,0.0,0.0,0.0,1.0183,0.0
70492,109,1400,0.0183,1.0,0.0,0.0,0.0,1.0183,0.0
70542,109,1450,0.0183,1.0,0.0,0.0,0.0,1.0183,0.0
70592,109,1500,0.0183,1.0,0.0,0.0,0.0,1.0183,0.0
70642,109,1550,0.0183,1.0,0.0,0.0,0.0,1.0183,0.0
70692,109,1600,0.0183,1.0,0.0,0.0,0.0,1.0183,0.0
70742,109,1650,0.0183,1.0,0.0,0.0,0.0,1.0183,0.0
70792,109,1700,0.0183,1.0,0.0,0.0,0.0,1.0183,0.0
70842,109,1750,0.0183,1.0,0.0,0.0,0.0,1.0183,0.0
70892,109,1800,0.0183,1.0,0.0,0.0,0.0,1.0183,0.0
70942,109,1850,0.0183,1.0,0.0,0.0,0.0,1.0183,0.0
70992,109,1900,0.0183,1.0,0.0,0.0,0.0,1.0183,0.0
71042,109,1950,0.0183,1.0,0.0,0.0,0.0,1.0183,0.0
71092,109,2000,0.0183,1.0,0.0,0.0,0.0,1.0183,0.0
71142,110,50,0.0187,1.0,0.0,0.0,0.0,1.0187,0.0
71192,110,100,0.0183,1.0,0.0,0.0,0.0,1.0183,0.0
71242,110,150,0.0183,1.0,0.0,0.0,0.0,1.0183,0.0
71292,110,200,0.0183,1.0,0.0,0.0,0.0,1.0183,0.0
71342,110,250,0.0183,1.0,0.0,0.0,0.0,1.0183,0.0
71392,110,300,0.0183,1.0,0.0,0.0,0.0,1.0183,0.0
71442,110,350,0.0183,1.0,0.0,0.0,0.0,1.0183,0.0
71492,110,400,0.0183,1.0,0.0,0.0,0.0,1.0183,0.0
71542,110,450,0.0183,1.0,0.0,0.0,0.0,1.0183,0.0
71592,110,500,0.0183,1.0,0.0,0.0,0.0,1.0183,0.0
71642,110,550,0.0183,1.0,0.0,0.0,0.0,1.0183,0.0
71692,110,600,0.0183,1.0,0.0,0.0,0.0,1.0183,0.0
71742,110,650,0.0183,1.0,0.0,0.0,0.0,1.0183,0.0
71792,110,700,0.0183,1.0,0.0,0.0,0.0,1.0183,0.0
71842,110,750,0.0183,1.0,0.0,0.0,0.0,1.0183,0.0
71892,110,800,0.0183,1.0,0.0,0.0,0.0,1.0183,0.0
71942,110,850,0.0183,1.0,0.0,0.0,0.0,1.0183,0.0
71992,110,900,0.0183,1.0,0.0,0.0,0.0,1.0183,0.0
72042,110,950,0.0183,1.0,0.0,0.0,0.0,1.0183,0.0
72092,110,1000,0.0183,1.0,0.0,0.0,0.0,1.0183,0.0
72142,110,1050,0.0183,1.0,0.0,0.0,0.0,1.0183,0.0
72192,110,1100,0.0183,1.0,0.0,0.0,0.0,1.0183,0.0
72242,110,1150,0.0183,1.0,0.0,0.0,0.0,1.0183,0.0
72292,110,1200,0.0183,1.0,0.0,0.0,0.0,1.0183,0.0
72342,110,1250,0.0183,1.0,0.0,0.0,0.0,1.0183,0.0
72392,110,1300,0.0183,1.0,0.0,0.0,0.0,1.0183,0.0
72442,110,1350,0.0183,1.0,0.0,0.0,0.0,1.0183,0.0
72492,110,1400,0.0183,1.0,0.0,0.0,0.0,1.0183,0.0
72542,110,1450,0.0183,1.0,0.0,0.0,0.0,1.0183,0.0
72592,110,1500,0.0183,1.0,0.0,0.0,0.0,1.0183,0.0
72642,110,1550,0.0183,1.0,0.0,0.0,0.0,1.0183,0.0
72692,110,1600,0.0183,1.0,0.0,0.0,0.0,1.0183,0.0
72742,110,1650,0.0183,1.0,0.0,0.0,0.0,1.0183,0.0
72792,110,1700,0.0183,1.0,0.0,0.0,0.0,1.0183,0.0
72842,110,1750,0.0183,1.0,0.0,0.0,0.0,1.0183,0.0
72892,110,1800,0.0183,1.0,0.0,0.0,0.0,1.0183,0.0
72942,110,1850,0.0183,1.0,0.0,0.0,0.0,1.0183,0.0
72992,110,1900,0.0183,1.0,0.0,0.0,0.0,1.0183,0.0
73042,110,1950,0.0183,1.0,0.0,0.0,0.0,1.0183,0.0
73092,110,2000,0.0183,1.0,0.0,0.0,0.0,1.0183,0.0
73142,111,50,0.0187,1.0,0.0,0.0,0.0,1.0187,0.0
73192,111,100,0.0183,1.0,0.0,0.0,0.0,1.0183,0.0
73242,111,150,0.0183,1.0,0.0,0.0,0.0,1.0183,0.0
73292,111,200,0.0183,1.0,0.0,0.0,0.0,1.0183,0.0
73342,111,250,0.0183,1.0,0.0,0.0,0.0,1.0183,0.0
73392,111,300,0.0183,1.0,0.0,0.0,0.0,1.0183,0.0
73442,111,350,0.0183,1.0,0.0,0.0,0.0,1.0183,0.0
73492,111,400,0.0183,1.0,0.0,0.0,0.0,1.0183,0.0
73542,111,450,0.0183,1.0,0.0,0.0,0.0,1.0183,0.0
73592,111,500,0.0183,1.0,0.0,0.0,0.0,1.0183,0.0
73642,111,550,0.0183,1.0,0.0,0.0,0.0,1.0183,0.0
73692,111,600,0.0183,1.0,0.0,0.0,0.0,1.0183,0.0
73742,111,650,0.0183,1.0,0.0,0.0,0.0,1.0183,0.0
73792,111,700,0.0183,1.0,0.0,0.0,0.0,1.0183,0.0
73842,111,750,0.0183,1.0,0.0,0.0,0.0,1.0183,0.0
73892,111,800,0.0183,1.0,0.0,0.0,0.0,1.0183,0.0
73942,111,850,0.0183,1.0,0.0,0.0,0.0,1.0183,0.0
73992,111,900,0.0183,1.0,0.0,0.0,0.0,1.0183,0.0
74042,111,950,0.0183,1.0,0.0,0.0,0.0,1.0183,0.0
74092,111,1000,0.0183,1.0,0.0,0.0,0.0,1.0183,0.0
74142,111,1050,0.0183,1.0,0.0,0.0,0.0,1.0183,0.0
74192,111,1100,0.0183,1.0,0.0,0.0,0.0,1.0183,0.0
74242,111,1150,0.0183,1.0,0.0,0.0,0.0,1.0183,0.0
74292,111,1200,0.0183,1.0,0.0,0.0,0.0,1.0183,0.0
74342,111,1250,0.0183,1.0,0.0,0.0,0.0,1.0183,0.0
74392,111,1300,0.0183,1.0,0.0,0.0,0.0,1.0183,0.0
74442,111,1350,0.0183,1.0,0.0,0.0,0.0,1.0183,0.0
74492,111,1400,0.0183,1.0,0.0,0.0,0.0,1.0183,0.0
74542,111,1450,0.0183,1.0,0.0,0.0,0.0,1.0183,0.0
74592,111,1500,0.0183,1.0,0.0,0.0,0.0,1.0183,0.0
74642,111,1550,0.0183,1.0,0.0,0.0,0.0,1.0183,0.0
74692,111,1600,0.0183,1.0,0.0,0.0,0.0,1.0183,0.0
74742,111,1650,0.0183,1.0,0.0,0.0,0.0,1.0183,0.0
74792,111,1700,0.0183,1.0,0.0,0.0,0.0,1.0183,0.0
74842,111,1750,0.0183,1.0,0.0,0.0,0.0,1.0183,0.0
74892,111,1800,0.0183,1.0,0.0,0.0,0.0,1.0183,0.0
74942,111,1850,0.0183,1.0,0.0,0.0,0.0,1.0183,0.0
74992,111,1900,0.0183,1.0,0.0,0.0,0.0,1.0183,0.0
75042,111,1950,0.0183,1.0,0.0,0.0,0.0,1.0183,0.0
75092,111,2000,0.0183,1.0,0.0,0.0,0.0,1.0183,0.0
75142,112,50,0.0187,1.0,0.0,0.0,0.0,1.0187,0.0
75192,112,100,0.0183,1.0,0.0,0.0,0.0,1.0183,0.0
75242,112,150,0.0183,1.0,0.0,0.0,0.0,1.0183,0.0
75292,112,200,0.0183,1.0,0.0,0.0,0.0,1.0183,0.0
75342,112,250,0.0183,1.0,0.0,0.0,0.0,1.0183,0.0
75392,112,300,0.0183,1.0,0.0,0.0,0.0,1.0183,0.0
75442,112,350,0.0183,1.0,0.0,0.0,0.0,1.0183,0.0
75492,112,400,0.0183,1.0,0.0,0.0,0.0,1.0183,0.0
75542,112,450,0.0183,1.0,0.0,0.0,0.0,1.0183,0.0
75592,112,500,0.0183,1.0,0.0,0.0,0.0,1.0183,0.0
75642,112,550,0.0183,1.0,0.0,0.0,0.0,1.0183,0.0
75692,112,600,0.0183,1.0,0.0,0.0,0.0,1.0183,0.0
75742,112,650,0.0183,1.0,0.0,0.0,0.0,1.0183,0.0
75792,112,700,0.0183,1.0,0.0,0.0,0.0,1.0183,0.0
75842,112,750,0.0183,1.0,0.0,0.0,0.0,1.0183,0.0
75892,112,800,0.0183,1.0,0.0,0.0,0.0,1.0183,0.0
75942,112,850,0.0183,1.0,0.0,0.0,0.0,1.0183,0.0
75992,112,900,0.0183,1.0,0.0,0.0,0.0,1.0183,0.0
76042,112,950,0.0183,1.0,0.0,0.0,0.0,1.0183,0.0
76092,112,1000,0.0183,1.0,0.0,0.0,0.0,1.0183,0.0
76142,112,1050,0.0183,1.0,0.0,0.0,0.0,1.0183,0.0
76192,112,1100,0.0183,1.0,0.0,0.0,0.0,1.0183,0.0
76242,112,1150,0.0183,1.0,0.0,0.0,0.0,1.0183,0.0
76292,112,1200,0.0183,1.0,0.0,0.0,0.0,1.0183,0.0
76342,112,1250,0.0183,1.0,0.0,0.0,0.0,1.0183,0.0
76392,112,1300,0.0183,1.0,0.0,0.0,0.0,1.0183,0.0
76442,112,1350,0.0183,1.0,0.0,0.0,0.0,1.0183,0.0
76492,112,1400,0.0183,1.0,0.0,0.0,0.0,1.0183,0.0
76542,112,1450,0.0183,1.0,0.0,0.0,0.0,1.0183,0.0
76592,112,1500,0.0183,1.0,0.0,0.0,0.0,1.0183,0.0
76642,112,1550,0.0183,1.0,0.0,0.0,0.0,1.0183,0.0
76692,112,1600,0.0183,1.0,0.0,0.0,0.0,1.0183,0.0
76742,112,1650,0.0183,1.0,0.0,0.0,0.0,1.0183,0.0
76792,112,1700,0.0183,1.0,0.0,0.0,0.0,1.0183,0.0
76842,112,1750,0.0183,1.0,0.0,0.0,0.0,1.0183,0.0
76892,112,1800,0.0183,1.0,0.0,0.0,0.0,1.0183,0.0
76942,112,1850,0.0183,1.0,0.0,0.0,0.0,1.0183,0.0
76992,112,1900,0.0183,1.0,0.0,0.0,0.0,1.0183,0.0
77042,112,1950,0.0183,1.0,0.0,0.0,0.0,1.0183,0.0
77092,112,2000,0.0183,1.0,0.0,0.0,0.0,1.0183,0.0
77142,113,50,0.0187,1.0,0.0,0.0,0.0,1.0187,0.0
77192,113,100,0.0183,1.0,0.0,0.0,0.0,1.0183,0.0
77242,113,150,0.0183,1.0,0.0,0.0,0.0,1.0183,0.0
77292,113,200,0.0183,1.0,0.0,0.0,0.0,1.0183,0.0
77342,113,250,0.0183,1.0,0.0,0.0,0.0,1.0183,0.0
77392,113,300,0.0183,1.0,0.0,0.0,0.0,1.0183,0.0
77442,113,350,0.0183,1.0,0.0,0.0,0.0,1.0183,0.0
77492,113,400,0.0183,1.0,0.0,0.0,0.0,1.0183,0.0
77542,113,450,0.0183,1.0,0.0,0.0,0.0,1.0183,0.0
77592,113,500,0.0183,1.0,0.0,0.0,0.0,1.0183,0.0
77642,113,550,0.0183,1.0,0.0,0.0,0.0,1.0183,0.0
77692,113,600,0.0183,1.0,0.0,0.0,0.0,1.0183,0.0
77742,113,650,0.0183,1.0,0.0,0.0,0.0,1.0183,0.0
77792,113,700,0.0183,1.0,0.0,0.0,0.0,1.0183,0.0
77842,113,750,0.0183,1.0,0.0,0.0,0.0,1.0183,0.0
77892,113,800,0.0183,1.0,0.0,0.0,0.0,1.0183,0.0
77942,113,850,0.0183,1.0,0.0,0.0,0.0,1.0183,0.0
77992,113,900,0.0183,1.0,0.0,0.0,0.0,1.0183,0.0
78042,113,950,0.0183,1.0,0.0,0.0,0.0,1.0183,0.0
78092,113,1000,0.0183,1.0,0.0,0.0,0.0,1.0183,0.0
78142,113,1050,0.0183,1.0,0.0,0.0,0.0,1.0183,0.0
78192,113,1100,0.0183,1.0,0.0,0.0,0.0,1.0183,0.0
78242,113,1150,0.0183,1.0,0.0,0.0,0.0,1.0183,0.0
78292,113,1200,0.0183,1.0,0.0,0.0,0.0,1.0183,0.0
78342,113,1250,0.0183,1.0,0.0,0.0,0.0,1.0183,0.0
78392,113,1300,0.0183,1.0,0.0,0.0,0.0,1.0183,0.0
78442,113,1350,0.0183,1.0,0.0,0.0,0.0,1.0183,0.0
78492,113,1400,0.0183,1.0,0.0,0.0,0.0,1.0183,0.0
78542,113,1450,0.0183,1.0,0.0,0.0,0.0,1.0183,0.0
78592,113,1500,0.0183,1.0,0.0,0.0,0.0,1.0183,0.0
78642,113,1550,0.0183,1.0,0.0,0.0,0.0,1.0183,0.0
78692,113,1600,0.0183,1.0,0.0,0.0,0.0,1.0183,0.0
78742,113,1650,0.0183,1.0,0.0,0.0,0.0,1.0183,0.0
78792,113,1700,0.0183,1.0,0.0,0.0,0.0,1.0183,0.0
78842,113,1750,0.0183,1.0,0.0,0.0,0.0,1.0183,0.0
78892,113,1800,0.0183,1.0,0.0,0.0,0.0,1.0183,0.0
78942,113,1850,0.0183,1.0,0.0,0.0,0.0,1.0183,0.0
78992,113,1900,0.0183,1.0,0.0,0.0,0.0,1.0183,0.0
79042,113,1950,0.0183,1.0,0.0,0.0,0.0,1.0183,0.0
79092,113,2000,0.0183,1.0,0.0,0.0,0.0,1.0183,0.0
79142,114,50,0.0187,1.0,0.0,0.0,0.0,1.0187,0.0
79192,114,100,0.0183,1.0,0.0,0.0,0.0,1.0183,0.0
79242,114,150,0.0183,1.0,0.0,0.0,0.0,1.0183,0.0
79292,114,200,0.0183,1.0,0.0,0.0,0.0,1.0183,0.0
79342,114,250,0.0183,1.0,0.0,0.0,0.0,1.0183,0.0
79392,114,300,0.0183,1.0,0.0,0.0,0.0,1.0183,0.0
79442,114,350,0.0183,1.0,0.0,0.0,0.0,1.0183,0.0
79492,114,400,0.0183,1.0,0.0,0.0,0.0,1.0183,0.0
79542,114,450,0.0183,1.0,0.0,0.0,0.0,1.0183,0.0
79592,114,500,0.0183,1.0,0.0,0.0,0.0,1.0183,0.0
79642,114,550,0.0183,1.0,0.0,0.0,0.0,1.0183,0.0
79692,114,600,0.0183,1.0,0.0,0.0,0.0,1.0183,0.0
79742,114,650,0.0183,1.0,0.0,0.0,0.0,1.0183,0.0
79792,114,700,0.0183,1.0,0.0,0.0,0.0,1.0183,0.0
79842,114,750,0.0183,1.0,0.0,0.0,0.0,1.0183,0.0
79892,114,800,0.0183,1.0,0.0,0.0,0.0,1.0183,0.0
79942,114,850,0.0183,1.0,0.0,0.0,0.0,1.0183,0.0
79992,114,900,0.0183,1.0,0.0,0.0,0.0,1.0183,0.0
80042,114,950,0.0183,1.0,0.0,0.0,0.0,1.0183,0.0
80092,114,1000,0.0183,1.0,0.0,0.0,0.0,1.0183,0.0
80142,114,1050,0.0183,1.0,0.0,0.0,0.0,1.0183,0.0
80192,114,1100,0.0183,1.0,0.0,0.0,0.0,1.0183,0.0
80242,114,1150,0.0183,1.0,0.0,0.0,0.0,1.0183,0.0
80292,114,1200,0.0183,1.0,0.0,0.0,0.0,1.0183,0.0
80342,114,1250,0.0183,1.0,0.0,0.0,0.0,1.0183,0.0
80392,114,1300,0.0183,1.0,0.0,0.0,0.0,1.0183,0.0
80442,114,1350,0.0183,1.0,0.0,0.0,0.0,1.0183,0.0
80492,114,1400,0.0183,1.0,0.0,0.0,0.0,1.0183,0.0
80542,114,1450,0.0183,1.0,0.0,0.0,0.0,1.0183,0.0
80592,114,1500,0.0183,1.0,0.0,0.0,0.0,1.0183,0.0
80642,114,1550,0.0183,1.0,0.0,0.0,0.0,1.0183,0.0
80692,114,1600,0.0183,1.0,0.0,0.0,0.0,1.0183,0.0
80742,114,1650,0.0183,1.0,0.0,0.0,0.0,1.0183,0.0
80792,114,1700,0.0183,1.0,0.0,0.0,0.0,1.0183,0.0
80842,114,1750,0.0183,1.0,0.0,0.0,0.0,1.0183,0.0
80892,114,1800,0.0183,1.0,0.0,0.0,0.0,1.0183,0.0
80942,114,1850,0.0183,1.0,0.0,0.0,0.0,1.0183,0.0
80992,114,1900,0.0183,1.0,0.0,0.0,0.0,1.0183,0.0
81042,114,1950,0.0183,1.0,0.0,0.0,0.0,1.0183,0.0
81092,114,2000,0.0183,1.0,0.0,0.0,0.0,1.0183,0.0
81142,115,50,0.0187,1.0,0.0,0.0,0.0,1.0187,0.0
81192,115,100,0.0183,1.0,0.0,0.0,0.0,1.0183,0.0
81242,115,150,0.0183,1.0,0.0,0.0,0.0,1.0183,0.0
81292,115,200,0.0183,1.0,0.0,0.0,0.0,1.0183,0.0
81342,115,250,0.0183,1.0,0.0,0.0,0.0,1.0183,0.0
81392,115,300,0.0183,1.0,0.0,0.0,0.0,1.0183,0.0
81442,115,350,0.0183,1.0,0.0,0.0,0.0,1.0183,0.0
81492,115,400,0.0183,1.0,0.0,0.0,0.0,1.0183,0.0
81542,115,450,0.0183,1.0,0.0,0.0,0.0,1.0183,0.0
81592,115,500,0.0183,1.0,0.0,0.0,0.0,1.0183,0.0
81642,115,550,0.0183,1.0,0.0,0.0,0.0,1.0183,0.0
81692,115,600,0.0183,1.0,0.0,0.0,0.0,1.0183,0.0
81742,115,650,0.0183,1.0,0.0,0.0,0.0,1.0183,0.0
81792,115,700,0.0183,1.0,0.0,0.0,0.0,1.0183,0.0
81842,115,750,0.0183,1.0,0.0,0.0,0.0,1.0183,0.0
81892,115,800,0.0183,1.0,0.0,0.0,0.0,1.0183,0.0
81942,115,850,0.0183,1.0,0.0,0.0,0.0,1.0183,0.0
81992,115,900,0.0183,1.0,0.0,0.0,0.0,1.0183,0.0
82042,115,950,0.0183,1.0,0.0,0.0,0.0,1.0183,0.0
82092,115,1000,0.0183,1.0,0.0,0.0,0.0,1.0183,0.0
82142,115,1050,0.0183,1.0,0.0,0.0,0.0,1.0183,0.0
82192,115,1100,0.0183,1.0,0.0,0.0,0.0,1.0183,0.0
82242,115,1150,0.0183,1.0,0.0,0.0,0.0,1.0183,0.0
82292,115,1200,0.0183,1.0,0.0,0.0,0.0,1.0183,0.0
82342,115,1250,0.0183,1.0,0.0,0.0,0.0,1.0183,0.0
82392,115,1300,0.0183,1.0,0.0,0.0,0.0,1.0183,0.0
82442,115,1350,0.0183,1.0,0.0,0.0,0.0,1.0183,0.0
82492,115,1400,0.0183,1.0,0.0,0.0,0.0,1.0183,0.0
82542,115,1450,0.0183,1.0,0.0,0.0,0.0,1.0183,0.0
82592,115,1500,0.0183,1.0,0.0,0.0,0.0,1.0183,0.0
82642,115,1550,0.0183,1.0,0.0,0.0,0.0,1.0183,0.0
82692,115,1600,0.0183,1.0,0.0,0.0,0.0,1.0183,0.0
82742,115,1650,0.0183,1.0,0.0,0.0,0.0,1.0183,0.0
82792,115,1700,0.0183,1.0,0.0,0.0,0.0,1.0183,0.0
82842,115,1750,0.0183,1.0,0.0,0.0,0.0,1.0183,0.0
82892,115,1800,0.0183,1.0,0.0,0.0,0.0,1.0183,0.0
82942,115,1850,0.0183,1.0,0.0,0.0,0.0,1.0183,0.0
82992,115,1900,0.0183,1.0,0.0,0.0,0.0,1.0183,0.0
83042,115,1950,0.0183,1.0,0.0,0.0,0.0,1.0183,0.0
83092,115,2000,0.0183,1.0,0.0,0.0,0.0,1.0183,0.0
83142,116,50,0.0187,1.0,0.0,0.0,0.0,1.0187,0.0
83192,116,100,0.0183,1.0,0.0,0.0,0.0,1.0183,0.0
83242,116,150,0.0183,1.0,0.0,0.0,0.0,1.0183,0.0
83292,116,200,0.0183,1.0,0.0,0.0,0.0,1.0183,0.0
83342,116,250,0.0183,1.0,0.0,0.0,0.0,1.0183,0.0
83392,116,300,0.0183,1.0,0.0,0.0,0.0,1.0183,0.0
83442,116,350,0.0183,1.0,0.0,0.0,0.0,1.0183,0.0
83492,116,400,0.0183,1.0,0.0,0.0,0.0,1.0183,0.0
83542,116,450,0.0183,1.0,0.0,0.0,0.0,1.0183,0.0
83592,116,500,0.0183,1.0,0.0,0.0,0.0,1.0183,0.0
83642,116,550,0.0183,1.0,0.0,0.0,0.0,1.0183,0.0
83692,116,600,0.0183,1.0,0.0,0.0,0.0,1.0183,0.0
83742,116,650,0.0183,1.0,0.0,0.0,0.0,1.0183,0.0
83792,116,700,0.0183,1.0,0.0,0.0,0.0,1.0183,0.0
83842,116,750,0.0183,1.0,0.0,0.0,0.0,1.0183,0.0
83892,116,800,0.0183,1.0,0.0,0.0,0.0,1.0183,0.0
83942,116,850,0.0183,1.0,0.0,0.0,0.0,1.0183,0.0
83992,116,900,0.0183,1.0,0.0,0.0,0.0,1.0183,0.0
84042,116,950,0.0183,1.0,0.0,0.0,0.0,1.0183,0.0
84092,116,1000,0.0183,1.0,0.0,0.0,0.0,1.0183,0.0
84142,116,1050,0.0183,1.0,0.0,0.0,0.0,1.0183,0.0
84192,116,1100,0.0183,1.0,0.0,0.0,0.0,1.0183,0.0
84242,116,1150,0.0183,1.0,0.0,0.0,0.0,1.0183,0.0
84292,116,1200,0.0183,1.0,0.0,0.0,0.0,1.0183,0.0
84342,116,1250,0.0183,1.0,0.0,0.0,0.0,1.0183,0.0
84392,116,1300,0.0183,1.0,0.0,0.0,0.0,1.0183,0.0
84442,116,1350,0.0183,1.0,0.0,0.0,0.0,1.0183,0.0
84492,116,1400,0.0183,1.0,0.0,0.0,0.0,1.0183,0.0
84542,116,1450,0.0183,1.0,0.0,0.0,0.0,1.0183,0.0
84592,116,1500,0.0183,1.0,0.0,0.0,0.0,1.0183,0.0
84642,116,1550,0.0183,1.0,0.0,0.0,0.0,1.0183,0.0
84692,116,1600,0.0183,1.0,0.0,0.0,0.0,1.0183,0.0
84742,116,1650,0.0183,1.0,0.0,0.0,0.0,1.0183,0.0
84792,116,1700,0.0183,1.0,0.0,0.0,0.0,1.0183,0.0
84842,116,1750,0.0183,1.0,0.0,0.0,0.0,1.0183,0.0
84892,116,1800,0.0183,1.0,0.0,0.0,0.0,1.0183,0.0
84942,116,1850,0.0183,1.0,0.0,0.0,0.0,1.0183,0.0
84992,116,1900,0.0183,1.0,0.0,0.0,0.0,1.0183,0.0
85042,116,1950,0.0183,1.0,0.0,0.0,0.0,1.0183,0.0
85092,116,2000,0.0183,1.0,0.0,0.0,0.0,1.0183,0.0
85142,117,50,0.0187,1.0,0.0,0.0,0.0,1.0187,0.0
85192,117,100,0.0183,1.0,0.0,0.0,0.0,1.0183,0.0
85242,117,150,0.0183,1.0,0.0,0.0,0.0,1.0183,0.0
85292,117,200,0.0183,1.0,0.0,0.0,0.0,1.0183,0.0
85342,117,250,0.0183,1.0,0.0,0.0,0.0,1.0183,0.0
85392,117,300,0.0183,1.0,0.0,0.0,0.0,1.0183,0.0
85442,117,350,0.0183,1.0,0.0,0.0,0.0,1.0183,0.0
85492,117,400,0.0183,1.0,0.0,0.0,0.0,1.0183,0.0
85542,117,450,0.0183,1.0,0.0,0.0,0.0,1.0183,0.0
85592,117,500,0.0183,1.0,0.0,0.0,0.0,1.0183,0.0
85642,117,550,0.0183,1.0,0.0,0.0,0.0,1.0183,0.0
85692,117,600,0.0183,1.0,0.0,0.0,0.0,1.0183,0.0
85742,117,650,0.0183,1.0,0.0,0.0,0.0,1.0183,0.0
85792,117,700,0.0183,1.0,0.0,0.0,0.0,1.0183,0.0
85842,117,750,0.0183,1.0,0.0,0.0,0.0,1.0183,0.0
85892,117,800,0.0183,1.0,0.0,0.0,0.0,1.0183,0.0
85942,117,850,0.0183,1.0,0.0,0.0,0.0,1.0183,0.0
85992,117,900,0.0183,1.0,0.0,0.0,0.0,1.0183,0.0
86042,117,950,0.0183,1.0,0.0,0.0,0.0,1.0183,0.0
86092,117,1000,0.0183,1.0,0.0,0.0,0.0,1.0183,0.0
86142,117,1050,0.0183,1.0,0.0,0.0,0.0,1.0183,0.0
86192,117,1100,0.0183,1.0,0.0,0.0,0.0,1.0183,0.0
86242,117,1150,0.0183,1.0,0.0,0.0,0.0,1.0183,0.0
86292,117,1200,0.0183,1.0,0.0,0.0,0.0,1.0183,0.0
86342,117,1250,0.0183,1.0,0.0,0.0,0.0,1.0183,0.0
86392,117,1300,0.0183,1.0,0.0,0.0,0.0,1.0183,0.0
86442,117,1350,0.0183,1.0,0.0,0.0,0.0,1.0183,0.0
86492,117,1400,0.0183,1.0,0.0,0.0,0.0,1.0183,0.0
86542,117,1450,0.0183,1.0,0.0,0.0,0.0,1.0183,0.0
86592,117,1500,0.0183,1.0,0.0,0.0,0.0,1.0183,0.0
86642,117,1550,0.0183,1.0,0.0,0.0,0.0,1.0183,0.0
86692,117,1600,0.0183,1.0,0.0,0.0,0.0,1.0183,0.0
86742,117,1650,0.0183,1.0,0.0,0.0,0.0,1.0183,0.0
86792,117,1700,0.0183,1.0,0.0,0.0,0.0,1.0183,0.0
86842,117,1750,0.0183,1.0,0.0,0.0,0.0,1.0183,0.0
86892,117,1800,0.0183,1.0,0.0,0.0,0.0,1.0183,0.0
86942,117,1850,0.0183,1.0,0.0,0.0,0.0,1.0183,0.0
86992,117,1900,0.0183,1.0,0.0,0.0,0.0,1.0183,0.0
87042,117,1950,0.0183,1.0,0.0,0.0,0.0,1.0183,0.0
87092,117,2000,0.0183,1.0,0.0,0.0,0.0,1.0183,0.0
87142,118,50,0.0187,1.0,0.0,0.0,0.0,1.0187,0.0
87192,118,100,0.0183,1.0,0.0,0.0,0.0,1.0183,0.0
87242,118,150,0.0183,1.0,0.0,0.0,0.0,1.0183,0.0
87292,118,200,0.0183,1.0,0.0,0.0,0.0,1.0183,0.0
87342,118,250,0.0183,1.0,0.0,0.0,0.0,1.0183,0.0
87392,118,300,0.0183,1.0,0.0,0.0,0.0,1.0183,0.0
87442,118,350,0.0183,1.0,0.0,0.0,0.0,1.0183,0.0
87492,118,400,0.0183,1.0,0.0,0.0,0.0,1.0183,0.0
87542,118,450,0.0183,1.0,0.0,0.0,0.0,1.0183,0.0
87592,118,500,0.0183,1.0,0.0,0.0,0.0,1.0183,0.0
87642,118,550,0.0183,1.0,0.0,0.0,0.0,1.0183,0.0
87692,118,600,0.0183,1.0,0.0,0.0,0.0,1.0183,0.0
87742,118,650,0.0183,1.0,0.0,0.0,0.0,1.0183,0.0
87792,118,700,0.0183,1.0,0.0,0.0,0.0,1.0183,0.0
87842,118,750,0.0183,1.0,0.0,0.0,0.0,1.0183,0.0
87892,118,800,0.0183,1.0,0.0,0.0,0.0,1.0183,0.0
87942,118,850,0.0183,1.0,0.0,0.0,0.0,1.0183,0.0
87992,118,900,0.0183,1.0,0.0,0.0,0.0,1.0183,0.0
88042,118,950,0.0183,1.0,0.0,0.0,0.0,1.0183,0.0
88092,118,1000,0.0183,1.0,0.0,0.0,0.0,1.0183,0.0
88142,118,1050,0.0183,1.0,0.0,0.0,0.0,1.0183,0.0
88192,118,1100,0.0183,1.0,0.0,0.0,0.0,1.0183,0.0
88242,118,1150,0.0183,1.0,0.0,0.0,0.0,1.0183,0.0
88292,118,1200,0.0183,1.0,0.0,0.0,0.0,1.0183,0.0
88342,118,1250,0.0183,1.0,0.0,0.0,0.0,1.0183,0.0
88392,118,1300,0.0183,1.0,0.0,0.0,0.0,1.0183,0.0
88442,118,1350,0.0183,1.0,0.0,0.0,0.0,1.0183,0.0
88492,118,1400,0.0183,1.0,0.0,0.0,0.0,1.0183,0.0
88542,118,1450,0.0183,1.0,0.0,0.0,0.0,1.0183,0.0
88592,118,1500,0.0183,1.0,0.0,0.0,0.0,1.0183,0.0
88642,118,1550,0.0183,1.0,0.0,0.0,0.0,1.0183,0.0
88692,118,1600,0.0183,1.0,0.0,0.0,0.0,1.0183,0.0
88742,118,1650,0.0183,1.0,0.0,0.0,0.0,1.0183,0.0
88792,118,1700,0.0183,1.0,0.0,0.0,0.0,1.0183,0.0
88842,118,1750,0.0183,1.0,0.0,0.0,0.0,1.0183,0.0
88892,118,1800,0.0183,1.0,0.0,0.0,0.0,1.0183,0.0
88942,118,1850,0.0183,1.0,0.0,0.0,0.0,1.0183,0.0
88992,118,1900,0.0183,1.0,0.0,0.0,0.0,1.0183,0.0
89042,118,1950,0.0183,1.0,0.0,0.0,0.0,1.0183,0.0
89092,118,2000,0.0183,1.0,0.0,0.0,0.0,1.0183,0.0
89142,119,50,0.0187,1.0,0.0,0.0,0.0,1.0187,0.0
89192,119,100,0.0183,1.0,0.0,0.0,0.0,1.0183,0.0
89242,119,150,0.0183,1.0,0.0,0.0,0.0,1.0183,0.0
89292,119,200,0.0183,1.0,0.0,0.0,0.0,1.0183,0.0
89342,119,250,0.0183,1.0,0.0,0.0,0.0,1.0183,0.0
89392,119,300,0.0183,1.0,0.0,0.0,0.0,1.0183,0.0
89442,119,350,0.0183,1.0,0.0,0.0,0.0,1.0183,0.0
89492,119,400,0.0183,1.0,0.0,0.0,0.0,1.0183,0.0
89542,119,450,0.0183,1.0,0.0,0.0,0.0,1.0183,0.0
89592,119,500,0.0183,1.0,0.0,0.0,0.0,1.0183,0.0
89642,119,550,0.0183,1.0,0.0,0.0,0.0,1.0183,0.0
89692,119,600,0.0183,1.0,0.0,0.0,0.0,1.0183,0.0
89742,119,650,0.0183,1.0,0.0,0.0,0.0,1.0183,0.0
89792,119,700,0.0183,1.0,0.0,0.0,0.0,1.0183,0.0
89842,119,750,0.0183,1.0,0.0,0.0,0.0,1.0183,0.0
89892,119,800,0.0183,1.0,0.0,0.0,0.0,1.0183,0.0
89942,119,850,0.0183,1.0,0.0,0.0,0.0,1.0183,0.0
89992,119,900,0.0183,1.0,0.0,0.0,0.0,1.0183,0.0
90042,119,950,0.0183,1.0,0.0,0.0,0.0,1.0183,0.0
90092,119,1000,0.0183,1.0,0.0,0.0,0.0,1.0183,0.0
90142,119,1050,0.0183,1.0,0.0,0.0,0.0,1.0183,0.0
90192,119,1100,0.0183,1.0,0.0,0.0,0.0,1.0183,0.0
90242,119,1150,0.0183,1.0,0.0,0.0,0.0,1.0183,0.0
90292,119,1200,0.0183,1.0,0.0,0.0,0.0,1.0183,0.0
90342,119,1250,0.0183,1.0,0.0,0.0,0.0,1.0183,0.0
90392,119,1300,0.0183,1.0,0.0,0.0,0.0,1.0183,0.0
90442,119,1350,0.0183,1.0,0.0,0.0,0.0,1.0183,0.0
90492,119,1400,0.0183,1.0,0.0,0.0,0.0,1.0183,0.0
90542,119,1450,0.0183,1.0,0.0,0.0,0.0,1.0183,0.0
90592,119,1500,0.0183,1.0,0.0,0.0,0.0,1.0183,0.0
90642,119,1550,0.0183,1.0,0.0,0.0,0.0,1.0183,0.0
90692,119,1600,0.0183,1.0,0.0,0.0,0.0,1.0183,0.0
90742,119,1650,0.0183,1.0,0.0,0.0,0.0,1.0183,0.0
90792,119,1700,0.0183,1.0,0.0,0.0,0.0,1.0183,0.0
90842,119,1750,0.0183,1.0,0.0,0.0,0.0,1.0183,0.0
90892,119,1800,0.0183,1.0,0.0,0.0,0.0,1.0183,0.0
90942,119,1850,0.0183,1.0,0.0,0.0,0.0,1.0183,0.0
90992,119,1900,0.0183,1.0,0.0,0.0,0.0,1.0183,0.0
91042,119,1950,0.0183,1.0,0.0,0.0,0.0,1.0183,0.0
91092,119,2000,0.0183,1.0,0.0,0.0,0.0,1.0183,0.0
91142,120,50,0.0187,0.9977,0.0,0.0,0.0,1.0163,0.0
91192,120,100,0.0183,0.9977,0.0,0.0,0.0,1.016,0.0
91242,120,150,0.0183,0.9977,0.0,0.0,0.0,1.016,0.0
91292,120,200,0.0183,0.9977,0.0,0.0,0.0,1.016,0.0
91342,120,250,0.0183,0.9977,0.0,0.0,0.0,1.016,0.0
91392,120,300,0.0183,0.9977,0.0,0.0,0.0,1.016,0.0
91442,120,350,0.0183,0.9977,0.0,0.0,0.0,1.016,0.0
91492,120,400,0.0183,0.9977,0.0,0.0,0.0,1.016,0.0
91542,120,450,0.0183,0.9977,0.0,0.0,0.0,1.016,0.0
91592,120,500,0.0183,0.9977,0.0,0.0,0.0,1.016,0.0
91642,120,550,0.0183,0.9977,0.0,0.0,0.0,1.016,0.0
91692,120,600,0.0183,0.9977,0.0,0.0,0.0,1.016,0.0
91742,120,650,0.0183,0.9977,0.0,0.0,0.0,1.016,0.0
91792,120,700,0.0183,0.9977,0.0,0.0,0.0,1.016,0.0
91842,120,750,0.0183,0.9977,0.0,0.0,0.0,1.016,0.0
91892,120,800,0.0183,0.9977,0.0,0.0,0.0,1.016,0.0
91942,120,850,0.0183,0.9977,0.0,0.0,0.0,1.016,0.0
91992,120,900,0.0183,0.9977,0.0,0.0,0.0,1.016,0.0
92042,120,950,0.0183,0.9977,0.0,0.0,0.0,1.016,0.0
92092,120,1000,0.0183,0.9977,0.0,0.0,0.0,1.016,0.0
92142,120,1050,0.0183,0.9977,0.0,0.0,0.0,1.016,0.0
92192,120,1100,0.0183,0.9977,0.0,0.0,0.0,1.016,0.0
92242,120,1150,0.0183,0.9977,0.0,0.0,0.0,1.016,0.0
92292,120,1200,0.0183,0.9977,0.0,0.0,0.0,1.016,0.0
92342,120,1250,0.0183,0.9977,0.0,0.0,0.0,1.016,0.0
92392,120,1300,0.0183,0.9977,0.0,0.0,0.0,1.016,0.0
92442,120,1350,0.0183,0.9977,0.0,0.0,0.0,1.016,0.0
92492,120,1400,0.0183,0.9977,0.0,0.0,0.0,1.016,0.0
92542,120,1450,0.0183,0.9977,0.0,0.0,0.0,1.016,0.0
92592,120,1500,0.0183,0.9977,0.0,0.0,0.0,1.016,0.0
92642,120,1550,0.0183,0.9977,0.0,0.0,0.0,1.016,0.0
92692,120,1600,0.0183,0.9977,0.0,0.0,0.0,1.016,0.0
92742,120,1650,0.0183,0.9977,0.0,0.0,0.0,1.016,0.0
92792,120,1700,0.0183,0.9977,0.0,0.0,0.0,1.016,0.0
92842,120,1750,0.0183,0.9977,0.0,0.0,0.0,1.016,0.0
92892,120,1800,0.0183,0.9977,0.0,0.0,0.0,1.016,0.0
92942,120,1850,0.0183,0.9977,0.0,0.0,0.0,1.016,0.0
92992,120,1900,0.0183,0.9977,0.0,0.0,0.0,1.016,0.0
93042,120,1950,0.0183,0.9977,0.0,0.0,0.0,1.016,0.0
93092,120,2000,0.0183,0.9977,0.0,0.0,0.0,1.016,0.0
93142,121,50,0.0187,1.0,0.0,0.0,0.0,1.0187,0.0
93192,121,100,0.0183,1.0,0.0,0.0,0.0,1.0183,0.0
93242,121,150,0.0183,1.0,0.0,0.0,0.0,1.0183,0.0
93292,121,200,0.0183,1.0,0.0,0.0,0.0,1.0183,0.0
93342,121,250,0.0183,1.0,0.0,0.0,0.0,1.0183,0.0
93392,121,300,0.0183,1.0,0.0,0.0,0.0,1.0183,0.0
93442,121,350,0.0183,1.0,0.0,0.0,0.0,1.0183,0.0
93492,121,400,0.0183,1.0,0.0,0.0,0.0,1.0183,0.0
93542,121,450,0.0183,1.0,0.0,0.0,0.0,1.0183,0.0
93592,121,500,0.0183,1.0,0.0,0.0,0.0,1.0183,0.0
93642,121,550,0.0183,1.0,0.0,0.0,0.0,1.0183,0.0
93692,121,600,0.0183,1.0,0.0,0.0,0.0,1.0183,0.0
93742,121,650,0.0183,1.0,0.0,0.0,0.0,1.0183,0.0
93792,121,700,0.0183,1.0,0.0,0.0,0.0,1.0183,0.0
93842,121,750,0.0183,1.0,0.0,0.0,0.0,1.0183,0.0
93892,121,800,0.0183,1.0,0.0,0.0,0.0,1.0183,0.0
93942,121,850,0.0183,1.0,0.0,0.0,0.0,1.0183,0.0
93992,121,900,0.0183,1.0,0.0,0.0,0.0,1.0183,0.0
94042,121,950,0.0183,1.0,0.0,0.0,0.0,1.0183,0.0
94092,121,1000,0.0183,1.0,0.0,0.0,0.0,1.0183,0.0
94142,121,1050,0.0183,1.0,0.0,0.0,0.0,1.0183,0.0
94192,121,1100,0.0183,1.0,0.0,0.0,0.0,1.0183,0.0
94242,121,1150,0.0183,1.0,0.0,0.0,0.0,1.0183,0.0
94292,121,1200,0.0183,1.0,0.0,0.0,0.0,1.0183,0.0
94342,121,1250,0.0183,1.0,0.0,0.0,0.0,1.0183,0.0
94392,121,1300,0.0183,1.0,0.0,0.0,0.0,1.0183,0.0
94442,121,1350,0.0183,1.0,0.0,0.0,0.0,1.0183,0.0
94492,121,1400,0.0183,1.0,0.0,0.0,0.0,1.0183,0.0
94542,121,1450,0.0183,1.0,0.0,0.0,0.0,1.0183,0.0
94592,121,1500,0.0183,1.0,0.0,0.0,0.0,1.0183,0.0
94642,121,1550,0.0183,1.0,0.0,0.0,0.0,1.0183,0.0
94692,121,1600,0.0183,1.0,0.0,0.0,0.0,1.0183,0.0
94742,121,1650,0.0183,1.0,0.0,0.0,0.0,1.0183,0.0
94792,121,1700,0.0183,1.0,0.0,0.0,0.0,1.0183,0.0
94842,121,1750,0.0183,1.0,0.0,0.0,0.0,1.0183,0.0
94892,121,1800,0.0183,1.0,0.0,0.0,0.0,1.0183,0.0
94942,121,1850,0.0183,1.0,0.0,0.0,0.0,1.0183,0.0
94992,121,1900,0.0183,1.0,0.0,0.0,0.0,1.0183,0.0
95042,121,1950,0.0183,1.0,0.0,0.0,0.0,1.0183,0.0
95092,121,2000,0.0183,1.0,0.0,0.0,0.0,1.0183,0.0
95142,122,50,0.0187,1.0,0.0,0.0,0.0,1.0187,0.0
95192,122,100,0.0183,1.0,0.0,0.0,0.0,1.0183,0.0
95242,122,150,0.0183,1.0,0.0,0.0,0.0,1.0183,0.0
95292,122,200,0.0183,1.0,0.0,0.0,0.0,1.0183,0.0
95342,122,250,0.0183,1.0,0.0,0.0,0.0,1.0183,0.0
95392,122,300,0.0183,1.0,0.0,0.0,0.0,1.0183,0.0
95442,122,350,0.0183,1.0,0.0,0.0,0.0,1.0183,0.0
95492,122,400,0.0183,1.0,0.0,0.0,0.0,1.0183,0.0
95542,122,450,0.0183,1.0,0.0,0.0,0.0,1.0183,0.0
95592,122,500,0.0183,1.0,0.0,0.0,0.0,1.0183,0.0
95642,122,550,0.0183,1.0,0.0,0.0,0.0,1.0183,0.0
95692,122,600,0.0183,1.0,0.0,0.0,0.0,1.0183,0.0
95742,122,650,0.0183,1.0,0.0,0.0,0.0,1.0183,0.0
95792,122,700,0.0183,1.0,0.0,0.0,0.0,1.0183,0.0
95842,122,750,0.0183,1.0,0.0,0.0,0.0,1.0183,0.0
95892,122,800,0.0183,1.0,0.0,0.0,0.0,1.0183,0.0
95942,122,850,0.0183,1.0,0.0,0.0,0.0,1.0183,0.0
95992,122,900,0.0183,1.0,0.0,0.0,0.0,1.0183,0.0
96042,122,950,0.0183,1.0,0.0,0.0,0.0,1.0183,0.0
96092,122,1000,0.0183,1.0,0.0,0.0,0.0,1.0183,0.0
96142,122,1050,0.0183,1.0,0.0,0.0,0.0,1.0183,0.0
96192,122,1100,0.0183,1.0,0.0,0.0,0.0,1.0183,0.0
96242,122,1150,0.0183,1.0,0.0,0.0,0.0,1.0183,0.0
96292,122,1200,0.0183,1.0,0.0,0.0,0.0,1.0183,0.0
96342,122,1250,0.0183,1.0,0.0,0.0,0.0,1.0183,0.0
96392,122,1300,0.0183,1.0,0.0,0.0,0.0,1.0183,0.0
96442,122,1350,0.0183,1.0,0.0,0.0,0.0,1.0183,0.0
96492,122,1400,0.0183,1.0,0.0,0.0,0.0,1.0183,0.0
96542,122,1450,0.0183,1.0,0.0,0.0,0.0,1.0183,0.0
96592,122,1500,0.0183,1.0,0.0,0.0,0.0,1.0183,0.0
96642,122,1550,0.0183,1.0,0.0,0.0,0.0,1.0183,0.0
96692,122,1600,0.0183,1.0,0.0,0.0,0.0,1.0183,0.0
96742,122,1650,0.0183,1.0,0.0,0.0,0.0,1.0183,0.0
96792,122,1700,0.0183,1.0,0.0,0.0,0.0,1.0183,0.0
96842,122,1750,0.0183,1.0,0.0,0.0,0.0,1.0183,0.0
96892,122,1800,0.0183,1.0,0.0,0.0,0.0,1.0183,0.0
96942,122,1850,0.0183,1.0,0.0,0.0,0.0,1.0183,0.0
96992,122,1900,0.0183,1.0,0.0,0.0,0.0,1.0183,0.0
97042,122,1950,0.0183,1.0,0.0,0.0,0.0,1.0183,0.0
97092,122,2000,0.0183,1.0,0.0,0.0,0.0,1.0183,0.0
97142,123,50,0.0187,1.0,0.0,0.0,0.0,1.0187,0.0
97192,123,100,0.0183,1.0,0.0,0.0,0.0,1.0183,0.0
97242,123,150,0.0183,1.0,0.0,0.0,0.0,1.0183,0.0
97292,123,200,0.0183,1.0,0.0,0.0,0.0,1.0183,0.0
97342,123,250,0.0183,1.0,0.0,0.0,0.0,1.0183,0.0
97392,123,300,0.0183,1.0,0.0,0.0,0.0,1.0183,0.0
97442,123,350,0.0183,1.0,0.0,0.0,0.0,1.0183,0.0
97492,123,400,0.0183,1.0,0.0,0.0,0.0,1.0183,0.0
97542,123,450,0.0183,1.0,0.0,0.0,0.0,1.0183,0.0
97592,123,500,0.0183,1.0,0.0,0.0,0.0,1.0183,0.0
97642,123,550,0.0183,1.0,0.0,0.0,0.0,1.0183,0.0
97692,123,600,0.0183,1.0,0.0,0.0,0.0,1.0183,0.0
97742,123,650,0.0183,1.0,0.0,0.0,0.0,1.0183,0.0
97792,123,700,0.0183,1.0,0.0,0.0,0.0,1.0183,0.0
97842,123,750,0.0183,1.0,0.0,0.0,0.0,1.0183,0.0
97892,123,800,0.0183,1.0,0.0,0.0,0.0,1.0183,0.0
97942,123,850,0.0183,1.0,0.0,0.0,0.0,1.0183,0.0
97992,123,900,0.0183,1.0,0.0,0.0,0.0,1.0183,0.0
98042,123,950,0.0183,1.0,0.0,0.0,0.0,1.0183,0.0
98092,123,1000,0.0183,1.0,0.0,0.0,0.0,1.0183,0.0
98142,123,1050,0.0183,1.0,0.0,0.0,0.0,1.0183,0.0
98192,123,1100,0.0183,1.0,0.0,0.0,0.0,1.0183,0.0
98242,123,1150,0.0183,1.0,0.0,0.0,0.0,1.0183,0.0
98292,123,1200,0.0183,1.0,0.0,0.0,0.0,1.0183,0.0
98342,123,1250,0.0183,1.0,0.0,0.0,0.0,1.0183,0.0
98392,123,1300,0.0183,1.0,0.0,0.0,0.0,1.0183,0.0
98442,123,1350,0.0183,1.0,0.0,0.0,0.0,1.0183,0.0
98492,123,1400,0.0183,1.0,0.0,0.0,0.0,1.0183,0.0
98542,123,1450,0.0183,1.0,0.0,0.0,0.0,1.0183,0.0
98592,123,1500,0.0183,1.0,0.0,0.0,0.0,1.0183,0.0
98642,123,1550,0.0183,1.0,0.0,0.0,0.0,1.0183,0.0
98692,123,1600,0.0183,1.0,0.0,0.0,0.0,1.0183,0.0
98742,123,1650,0.0183,1.0,0.0,0.0,0.0,1.0183,0.0
98792,123,1700,0.0183,1.0,0.0,0.0,0.0,1.0183,0.0
98842,123,1750,0.0183,1.0,0.0,0.0,0.0,1.0183,0.0
98892,123,1800,0.0183,1.0,0.0,0.0,0.0,1.0183,0.0
98942,123,1850,0.0183,1.0,0.0,0.0,0.0,1.0183,0.0
98992,123,1900,0.0183,1.0,0.0,0.0,0.0,1.0183,0.0
99042,123,1950,0.0183,1.0,0.0,0.0,0.0,1.0183,0.0
99092,123,2000,0.0183,1.0,0.0,0.0,0.0,1.0183,0.0
99142,124,50,0.0187,1.0,0.0,0.0,0.0,1.0187,0.0
99192,124,100,0.0183,1.0,0.0,0.0,0.0,1.0183,0.0
99242,124,150,0.0183,1.0,0.0,0.0,0.0,1.0183,0.0
99292,124,200,0.0183,1.0,0.0,0.0,0.0,1.0183,0.0
99342,124,250,0.0183,1.0,0.0,0.0,0.0,1.0183,0.0
99392,124,300,0.0183,1.0,0.0,0.0,0.0,1.0183,0.0
99442,124,350,0.0183,1.0,0.0,0.0,0.0,1.0183,0.0
99492,124,400,0.0183,1.0,0.0,0.0,0.0,1.0183,0.0
99542,124,450,0.0183,1.0,0.0,0.0,0.0,1.0183,0.0
99592,124,500,0.0183,1.0,0.0,0.0,0.0,1.0183,0.0
99642,124,550,0.0183,1.0,0.0,0.0,0.0,1.0183,0.0
99692,124,600,0.0183,1.0,0.0,0.0,0.0,1.0183,0.0
99742,124,650,0.0183,1.0,0.0,0.0,0.0,1.0183,0.0
99792,124,700,0.0183,1.0,0.0,0.0,0.0,1.0183,0.0
99842,124,750,0.0183,1.0,0.0,0.0,0.0,1.0183,0.0
99892,124,800,0.0183,1.0,0.0,0.0,0.0,1.0183,0.0
99942,124,850,0.0183,1.0,0.0,0.0,0.0,1.0183,0.0
99992,124,900,0.0183,1.0,0.0,0.0,0.0,1.0183,0.0
100042,124,950,0.0183,1.0,0.0,0.0,0.0,1.0183,0.0
100092,124,1000,0.0183,1.0,0.0,0.0,0.0,1.0183,0.0
100142,124,1050,0.0183,1.0,0.0,0.0,0.0,1.0183,0.0
100192,124,1100,0.0183,1.0,0.0,0.0,0.0,1.0183,0.0
100242,124,1150,0.0183,1.0,0.0,0.0,0.0,1.0183,0.0
100292,124,1200,0.0183,1.0,0.0,0.0,0.0,1.0183,0.0
100342,124,1250,0.0183,1.0,0.0,0.0,0.0,1.0183,0.0
100392,124,1300,0.0183,1.0,0.0,0.0,0.0,1.0183,0.0
100442,124,1350,0.0183,1.0,0.0,0.0,0.0,1.0183,0.0
100492,124,1400,0.0183,1.0,0.0,0.0,0.0,1.0183,0.0
100542,124,1450,0.0183,1.0,0.0,0.0,0.0,1.0183,0.0
100592,124,1500,0.0183,1.0,0.0,0.0,0.0,1.0183,0.0
100642,124,1550,0.0183,1.0,0.0,0.0,0.0,1.0183,0.0
100692,124,1600,0.0183,1.0,0.0,0.0,0.0,1.0183,0.0
100742,124,1650,0.0183,1.0,0.0,0.0,0.0,1.0183,0.0
100792,124,1700,0.0183,1.0,0.0,0.0,0.0,1.0183,0.0
100842,124,1750,0.0183,1.0,0.0,0.0,0.0,1.0183,0.0
100892,124,1800,0.0183,1.0,0.0,0.0,0.0,1.0183,0.0
100942,124,1850,0.0183,1.0,0.0,0.0,0.0,1.0183,0.0
100992,124,1900,0.0183,1.0,0.0,0.0,0.0,1.0183,0.0
101042,124,1950,0.0183,1.0,0.0,0.0,0.0,1.0183,0.0
101092,124,2000,0.0183,1.0,0.0,0.0,0.0,1.0183,0.0
101142,125,50,0.0187,1.0,0.0,0.0,0.0,1.0187,0.0
101192,125,100,0.0183,1.0,0.0,0.0,0.0,1.0183,0.0
101242,125,150,0.0183,1.0,0.0,0.0,0.0,1.0183,0.0
101292,125,200,0.0183,1.0,0.0,0.0,0.0,1.0183,0.0
101342,125,250,0.0183,1.0,0.0,0.0,0.0,1.0183,0.0
101392,125,300,0.0183,1.0,0.0,0.0,0.0,1.0183,0.0
101442,125,350,0.0183,1.0,0.0,0.0,0.0,1.0183,0.0
101492,125,400,0.0183,1.0,0.0,0.0,0.0,1.0183,0.0
101542,125,450,0.0183,1.0,0.0,0.0,0.0,1.0183,0.0
101592,125,500,0.0183,1.0,0.0,0.0,0.0,1.0183,0.0
101642,125,550,0.0183,1.0,0.0,0.0,0.0,1.0183,0.0
101692,125,600,0.0183,1.0,0.0,0.0,0.0,1.0183,0.0
101742,125,650,0.0183,1.0,0.0,0.0,0.0,1.0183,0.0
101792,125,700,0.0183,1.0,0.0,0.0,0.0,1.0183,0.0
101842,125,750,0.0183,1.0,0.0,0.0,0.0,1.0183,0.0
101892,125,800,0.0183,1.0,0.0,0.0,0.0,1.0183,0.0
101942,125,850,0.0183,1.0,0.0,0.0,0.0,1.0183,0.0
101992,125,900,0.0183,1.0,0.0,0.0,0.0,1.0183,0.0
102042,125,950,0.0183,1.0,0.0,0.0,0.0,1.0183,0.0
102092,125,1000,0.0183,1.0,0.0,0.0,0.0,1.0183,0.0
102142,125,1050,0.0183,1.0,0.0,0.0,0.0,1.0183,0.0
102192,125,1100,0.0183,1.0,0.0,0.0,0.0,1.0183,0.0
102242,125,1150,0.0183,1.0,0.0,0.0,0.0,1.0183,0.0
102292,125,1200,0.0183,1.0,0.0,0.0,0.0,1.0183,0.0
102342,125,1250,0.0183,1.0,0.0,0.0,0.0,1.0183,0.0
102392,125,1300,0.0183,1.0,0.0,0.0,0.0,1.0183,0.0
102442,125,1350,0.0183,1.0,0.0,0.0,0.0,1.0183,0.0
102492,125,1400,0.0183,1.0,0.0,0.0,0.0,1.0183,0.0
102542,125,1450,0.0183,1.0,0.0,0.0,0.0,1.0183,0.0
102592,125,1500,0.0183,1.0,0.0,0.0,0.0,1.0183,0.0
102642,125,1550,0.0183,1.0,0.0,0.0,0.0,1.0183,0.0
102692,125,1600,0.0183,1.0,0.0,0.0,0.0,1.0183,0.0
102742,125,1650,0.0183,1.0,0.0,0.0,0.0,1.0183,0.0
102792,125,1700,0.0183,1.0,0.0,0.0,0.0,1.0183,0.0
102842,125,1750,0.0183,1.0,0.0,0.0,0.0,1.0183,0.0
102892,125,1800,0.0183,1.0,0.0,0.0,0.0,1.0183,0.0
102942,125,1850,0.0183,1.0,0.0,0.0,0.0,1.0183,0.0
102992,125,1900,0.0183,1.0,0.0,0.0,0.0,1.0183,0.0
103042,125,1950,0.0183,1.0,0.0,0.0,0.0,1.0183,0.0
103092,125,2000,0.0183,1.0,0.0,0.0,0.0,1.0183,0.0
103142,126,50,0.0187,1.0,0.0,0.0,0.0,1.0187,0.0
103192,126,100,0.0183,1.0,0.0,0.0,0.0,1.0183,0.0
103242,126,150,0.0183,1.0,0.0,0.0,0.0,1.0183,0.0
103292,126,200,0.0183,1.0,0.0,0.0,0.0,1.0183,0.0
103342,126,250,0.0183,1.0,0.0,0.0,0.0,1.0183,0.0
103392,126,300,0.0183,1.0,0.0,0.0,0.0,1.0183,0.0
103442,126,350,0.0183,1.0,0.0,0.0,0.0,1.0183,0.0
103492,126,400,0.0183,1.0,0.0,0.0,0.0,1.0183,0.0
103542,126,450,0.0183,1.0,0.0,0.0,0.0,1.0183,0.0
103592,126,500,0.0183,1.0,0.0,0.0,0.0,1.0183,0.0
103642,126,550,0.0183,1.0,0.0,0.0,0.0,1.0183,0.0
103692,126,600,0.0183,1.0,0.0,0.0,0.0,1.0183,0.0
103742,126,650,0.0183,1.0,0.0,0.0,0.0,1.0183,0.0
103792,126,700,0.0183,1.0,0.0,0.0,0.0,1.0183,0.0
103842,126,750,0.0183,1.0,0.0,0.0,0.0,1.0183,0.0
103892,126,800,0.0183,1.0,0.0,0.0,0.0,1.0183,0.0
103942,126,850,0.0183,1.0,0.0,0.0,0.0,1.0183,0.0
103992,126,900,0.0183,1.0,0.0,0.0,0.0,1.0183,0.0
104042,126,950,0.0183,1.0,0.0,0.0,0.0,1.0183,0.0
104092,126,1000,0.0183,1.0,0.0,0.0,0.0,1.0183,0.0
104142,126,1050,0.0183,1.0,0.0,0.0,0.0,1.0183,0.0
104192,126,1100,0.0183,1.0,0.0,0.0,0.0,1.0183,0.0
104242,126,1150,0.0183,1.0,0.0,0.0,0.0,1.0183,0.0
104292,126,1200,0.0183,1.0,0.0,0.0,0.0,1.0183,0.0
104342,126,1250,0.0183,1.0,0.0,0.0,0.0,1.0183,0.0
104392,126,1300,0.0183,1.0,0.0,0.0,0.0,1.0183,0.0
104442,126,1350,0.0183,1.0,0.0,0.0,0.0,1.0183,0.0
104492,126,1400,0.0183,1.0,0.0,0.0,0.0,1.0183,0.0
104542,126,1450,0.0183,1.0,0.0,0.0,0.0,1.0183,0.0
104592,126,1500,0.0183,1.0,0.0,0.0,0.0,1.0183,0.0
104642,126,1550,0.0183,1.0,0.0,0.0,0.0,1.0183,0.0
104692,126,1600,0.0183,1.0,0.0,0.0,0.0,1.0183,0.0
104742,126,1650,0.0183,1.0,0.0,0.0,0.0,1.0183,0.0
104792,126,1700,0.0183,1.0,0.0,0.0,0.0,1.0183,0.0
104842,126,1750,0.0183,1.0,0.0,0.0,0.0,1.0183,0.0
104892,126,1800,0.0183,1.0,0.0,0.0,0.0,1.0183,0.0
104942,126,1850,0.0183,1.0,0.0,0.0,0.0,1.0183,0.0
104992,126,1900,0.0183,1.0,0.0,0.0,0.0,1.0183,0.0
105042,126,1950,0.0183,1.0,0.0,0.0,0.0,1.0183,0.0
105092,126,2000,0.0183,1.0,0.0,0.0,0.0,1.0183,0.0
105142,127,50,0.0187,1.0,0.0,0.0,0.0,1.0187,0.0
105192,127,100,0.0183,1.0,0.0,0.0,0.0,1.0183,0.0
105242,127,150,0.0183,1.0,0.0,0.0,0.0,1.0183,0.0
105292,127,200,0.0183,1.0,0.0,0.0,0.0,1.0183,0.0
105342,127,250,0.0183,1.0,0.0,0.0,0.0,1.0183,0.0
105392,127,300,0.0183,1.0,0.0,0.0,0.0,1.0183,0.0
105442,127,350,0.0183,1.0,0.0,0.0,0.0,1.0183,0.0
105492,127,400,0.0183,1.0,0.0,0.0,0.0,1.0183,0.0
105542,127,450,0.0183,1.0,0.0,0.0,0.0,1.0183,0.0
105592,127,500,0.0183,1.0,0.0,0.0,0.0,1.0183,0.0
105642,127,550,0.0183,1.0,0.0,0.0,0.0,1.0183,0.0
105692,127,600,0.0183,1.0,0.0,0.0,0.0,1.0183,0.0
105742,127,650,0.0183,1.0,0.0,0.0,0.0,1.0183,0.0
105792,127,700,0.0183,1.0,0.0,0.0,0.0,1.0183,0.0
105842,127,750,0.0183,1.0,0.0,0.0,0.0,1.0183,0.0
105892,127,800,0.0183,1.0,0.0,0.0,0.0,1.0183,0.0
105942,127,850,0.0183,1.0,0.0,0.0,0.0,1.0183,0.0
105992,127,900,0.0183,1.0,0.0,0.0,0.0,1.0183,0.0
106042,127,950,0.0183,1.0,0.0,0.0,0.0,1.0183,0.0
106092,127,1000,0.0183,1.0,0.0,0.0,0.0,1.0183,0.0
106142,127,1050,0.0183,1.0,0.0,0.0,0.0,1.0183,0.0
106192,127,1100,0.0183,1.0,0.0,0.0,0.0,1.0183,0.0
106242,127,1150,0.0183,1.0,0.0,0.0,0.0,1.0183,0.0
106292,127,1200,0.0183,1.0,0.0,0.0,0.0,1.0183,0.0
106342,127,1250,0.0183,1.0,0.0,0.0,0.0,1.0183,0.0
106392,127,1300,0.0183,1.0,0.0,0.0,0.0,1.0183,0.0
106442,127,1350,0.0183,1.0,0.0,0.0,0.0,1.0183,0.0
106492,127,1400,0.0183,1.0,0.0,0.0,0.0,1.0183,0.0
106542,127,1450,0.0183,1.0,0.0,0.0,0.0,1.0183,0.0
106592,127,1500,0.0183,1.0,0.0,0.0,0.0,1.0183,0.0
106642,127,1550,0.0183,1.0,0.0,0.0,0.0,1.0183,0.0
106692,127,1600,0.0183,1.0,0.0,0.0,0.0,1.0183,0.0
106742,127,1650,0.0183,1.0,0.0,0.0,0.0,1.0183,0.0
106792,127,1700,0.0183,1.0,0.0,0.0,0.0,1.0183,0.0
106842,127,1750,0.0183,1.0,0.0,0.0,0.0,1.0183,0.0
106892,127,1800,0.0183,1.0,0.0,0.0,0.0,1.0183,0.0
106942,127,1850,0.0183,1.0,0.0,0.0,0.0,1.0183,0.0
106992,127,1900,0.0183,1.0,0.0,0.0,0.0,1.0183,0.0
107042,127,1950,0.0183,1.0,0.0,0.0,0.0,1.0183,0.0
107092,127,2000,0.0183,1.0,0.0,0.0,0.0,1.0183,0.0
107142,128,50,0.0187,1.0,0.0,0.0,0.0,1.0187,0.0
107192,128,100,0.0183,1.0,0.0,0.0,0.0,1.0183,0.0
107242,128,150,0.0183,1.0,0.0,0.0,0.0,1.0183,0.0
107292,128,200,0.0183,1.0,0.0,0.0,0.0,1.0183,0.0
107342,128,250,0.0183,1.0,0.0,0.0,0.0,1.0183,0.0
107392,128,300,0.0183,1.0,0.0,0.0,0.0,1.0183,0.0
107442,128,350,0.0183,1.0,0.0,0.0,0.0,1.0183,0.0
107492,128,400,0.0183,1.0,0.0,0.0,0.0,1.0183,0.0
107542,128,450,0.0183,1.0,0.0,0.0,0.0,1.0183,0.0
107592,128,500,0.0183,1.0,0.0,0.0,0.0,1.0183,0.0
107642,128,550,0.0183,1.0,0.0,0.0,0.0,1.0183,0.0
107692,128,600,0.0183,1.0,0.0,0.0,0.0,1.0183,0.0
107742,128,650,0.0183,1.0,0.0,0.0,0.0,1.0183,0.0
107792,128,700,0.0183,1.0,0.0,0.0,0.0,1.0183,0.0
107842,128,750,0.0183,1.0,0.0,0.0,0.0,1.0183,0.0
107892,128,800,0.0183,1.0,0.0,0.0,0.0,1.0183,0.0
107942,128,850,0.0183,1.0,0.0,0.0,0.0,1.0183,0.0
107992,128,900,0.0183,1.0,0.0,0.0,0.0,1.0183,0.0
108042,128,950,0.0183,1.0,0.0,0.0,0.0,1.0183,0.0
108092,128,1000,0.0183,1.0,0.0,0.0,0.0,1.0183,0.0
108142,128,1050,0.0183,1.0,0.0,0.0,0.0,1.0183,0.0
108192,128,1100,0.0183,1.0,0.0,0.0,0.0,1.0183,0.0
108242,128,1150,0.0183,1.0,0.0,0.0,0.0,1.0183,0.0
108292,128,1200,0.0183,1.0,0.0,0.0,0.0,1.0183,0.0
108342,128,1250,0.0183,1.0,0.0,0.0,0.0,1.0183,0.0
108392,128,1300,0.0183,1.0,0.0,0.0,0.0,1.0183,0.0
108442,128,1350,0.0183,1.0,0.0,0.0,0.0,1.0183,0.0
108492,128,1400,0.0183,1.0,0.0,0.0,0.0,1.0183,0.0
108542,128,1450,0.0183,1.0,0.0,0.0,0.0,1.0183,0.0
108592,128,1500,0.0183,1.0,0.0,0.0,0.0,1.0183,0.0
108642,128,1550,0.0183,1.0,0.0,0.0,0.0,1.0183,0.0
108692,128,1600,0.0183,1.0,0.0,0.0,0.0,1.0183,0.0
108742,128,1650,0.0183,1.0,0.0,0.0,0.0,1.0183,0.0
108792,128,1700,0.0183,1.0,0.0,0.0,0.0,1.0183,0.0
108842,128,1750,0.0183,1.0,0.0,0.0,0.0,1.0183,0.0
108892,128,1800,0.0183,1.0,0.0,0.0,0.0,1.0183,0.0
108942,128,1850,0.0183,1.0,0.0,0.0,0.0,1.0183,0.0
108992,128,1900,0.0183,1.0,0.0,0.0,0.0,1.0183,0.0
109042,128,1950,0.0183,1.0,0.0,0.0,0.0,1.0183,0.0
109092,128,2000,0.0183,1.0,0.0,0.0,0.0,1.0183,0.0
109142,129,50,0.0187,1.0,0.0,0.0,0.0,1.0187,0.0
109192,129,100,0.0183,1.0,0.0,0.0,0.0,1.0183,0.0
109242,129,150,0.0183,1.0,0.0,0.0,0.0,1.0183,0.0
109292,129,200,0.0183,1.0,0.0,0.0,0.0,1.0183,0.0
109342,129,250,0.0183,1.0,0.0,0.0,0.0,1.0183,0.0
109392,129,300,0.0183,1.0,0.0,0.0,0.0,1.0183,0.0
109442,129,350,0.0183,1.0,0.0,0.0,0.0,1.0183,0.0
109492,129,400,0.0183,1.0,0.0,0.0,0.0,1.0183,0.0
109542,129,450,0.0183,1.0,0.0,0.0,0.0,1.0183,0.0
109592,129,500,0.0183,1.0,0.0,0.0,0.0,1.0183,0.0
109642,129,550,0.0183,1.0,0.0,0.0,0.0,1.0183,0.0
109692,129,600,0.0183,1.0,0.0,0.0,0.0,1.0183,0.0
109742,129,650,0.0183,1.0,0.0,0.0,0.0,1.0183,0.0
109792,129,700,0.0183,1.0,0.0,0.0,0.0,1.0183,0.0
109842,129,750,0.0183,1.0,0.0,0.0,0.0,1.0183,0.0
109892,129,800,0.0183,1.0,0.0,0.0,0.0,1.0183,0.0
109942,129,850,0.0183,1.0,0.0,0.0,0.0,1.0183,0.0
109992,129,900,0.0183,1.0,0.0,0.0,0.0,1.0183,0.0
110042,129,950,0.0183,1.0,0.0,0.0,0.0,1.0183,0.0
110092,129,1000,0.0183,1.0,0.0,0.0,0.0,1.0183,0.0
110142,129,1050,0.0183,1.0,0.0,0.0,0.0,1.0183,0.0
110192,129,1100,0.0183,1.0,0.0,0.0,0.0,1.0183,0.0
110242,129,1150,0.0183,1.0,0.0,0.0,0.0,1.0183,0.0
110292,129,1200,0.0183,1.0,0.0,0.0,0.0,1.0183,0.0
110342,129,1250,0.0183,1.0,0.0,0.0,0.0,1.0183,0.0
110392,129,1300,0.0183,1.0,0.0,0.0,0.0,1.0183,0.0
110442,129,1350,0.0183,1.0,0.0,0.0,0.0,1.0183,0.0
110492,129,1400,0.0183,1.0,0.0,0.0,0.0,1.0183,0.0
110542,129,1450,0.0183,1.0,0.0,0.0,0.0,1.0183,0.0
110592,129,1500,0.0183,1.0,0.0,0.0,0.0,1.0183,0.0
110642,129,1550,0.0183,1.0,0.0,0.0,0.0,1.0183,0.0
110692,129,1600,0.0183,1.0,0.0,0.0,0.0,1.0183,0.0
110742,129,1650,0.0183,1.0,0.0,0.0,0.0,1.0183,0.0
110792,129,1700,0.0183,1.0,0.0,0.0,0.0,1.0183,0.0
110842,129,1750,0.0183,1.0,0.0,0.0,0.0,1.0183,0.0
110892,129,1800,0.0183,1.0,0.0,0.0,0.0,1.0183,0.0
110942,129,1850,0.0183,1.0,0.0,0.0,0.0,1.0183,0.0
110992,129,1900,0.0183,1.0,0.0,0.0,0.0,1.0183,0.0
111042,129,1950,0.0183,1.0,0.0,0.0,0.0,1.0183,0.0
111092,129,2000,0.0183,1.0,0.0,0.0,0.0,1.0183,0.0
111142,130,50,0.0187,1.0,0.0,0.0,0.0,1.0187,0.0
111192,130,100,0.0183,1.0,0.0,0.0,0.0,1.0183,0.0
111242,130,150,0.0183,1.0,0.0,0.0,0.0,1.0183,0.0
111292,130,200,0.0183,1.0,0.0,0.0,0.0,1.0183,0.0
111342,130,250,0.0183,1.0,0.0,0.0,0.0,1.0183,0.0
111392,130,300,0.0183,1.0,0.0,0.0,0.0,1.0183,0.0
111442,130,350,0.0183,1.0,0.0,0.0,0.0,1.0183,0.0
111492,130,400,0.0183,1.0,0.0,0.0,0.0,1.0183,0.0
111542,130,450,0.0183,1.0,0.0,0.0,0.0,1.0183,0.0
111592,130,500,0.0183,1.0,0.0,0.0,0.0,1.0183,0.0
111642,130,550,0.0183,1.0,0.0,0.0,0.0,1.0183,0.0
111692,130,600,0.0183,1.0,0.0,0.0,0.0,1.0183,0.0
111742,130,650,0.0183,1.0,0.0,0.0,0.0,1.0183,0.0
111792,130,700,0.0183,1.0,0.0,0.0,0.0,1.0183,0.0
111842,130,750,0.0183,1.0,0.0,0.0,0.0,1.0183,0.0
111892,130,800,0.0183,1.0,0.0,0.0,0.0,1.0183,0.0
111942,130,850,0.0183,1.0,0.0,0.0,0.0,1.0183,0.0
111992,130,900,0.0183,1.0,0.0,0.0,0.0,1.0183,0.0
112042,130,950,0.0183,1.0,0.0,0.0,0.0,1.0183,0.0
112092,130,1000,0.0183,1.0,0.0,0.0,0.0,1.0183,0.0
112142,130,1050,0.0183,1.0,0.0,0.0,0.0,1.0183,0.0
112192,130,1100,0.0183,1.0,0.0,0.0,0.0,1.0183,0.0
112242,130,1150,0.0183,1.0,0.0,0.0,0.0,1.0183,0.0
112292,130,1200,0.0183,1.0,0.0,0.0,0.0,1.0183,0.0
112342,130,1250,0.0183,1.0,0.0,0.0,0.0,1.0183,0.0
112392,130,1300,0.0183,1.0,0.0,0.0,0.0,1.0183,0.0
112442,130,1350,0.0183,1.0,0.0,0.0,0.0,1.0183,0.0
112492,130,1400,0.0183,1.0,0.0,0.0,0.0,1.0183,0.0
112542,130,1450,0.0183,1.0,0.0,0.0,0.0,1.0183,0.0
112592,130,1500,0.0183,1.0,0.0,0.0,0.0,1.0183,0.0
112642,130,1550,0.0183,1.0,0.0,0.0,0.0,1.0183,0.0
112692,130,1600,0.0183,1.0,0.0,0.0,0.0,1.0183,0.0
112742,130,1650,0.0183,1.0,0.0,0.0,0.0,1.0183,0.0
112792,130,1700,0.0183,1.0,0.0,0.0,0.0,1.0183,0.0
112842,130,1750,0.0183,1.0,0.0,0.0,0.0,1.0183,0.0
112892,130,1800,0.0183,1.0,0.0,0.0,0.0,1.0183,0.0
112942,130,1850,0.0183,1.0,0.0,0.0,0.0,1.0183,0.0
112992,130,1900,0.0183,1.0,0.0,0.0,0.0,1.0183,0.0
113042,130,1950,0.0183,1.0,0.0,0.0,0.0,1.0183,0.0
113092,130,2000,0.0183,1.0,0.0,0.0,0.0,1.0183,0.0
113142,131,50,0.0187,1.0,0.0,0.0,0.0,1.0187,0.0
113192,131,100,0.0183,1.0,0.0,0.0,0.0,1.0183,0.0
113242,131,150,0.0183,1.0,0.0,0.0,0.0,1.0183,0.0
113292,131,200,0.0183,1.0,0.0,0.0,0.0,1.0183,0.0
113342,131,250,0.0183,1.0,0.0,0.0,0.0,1.0183,0.0
113392,131,300,0.0183,1.0,0.0,0.0,0.0,1.0183,0.0
113442,131,350,0.0183,1.0,0.0,0.0,0.0,1.0183,0.0
113492,131,400,0.0183,1.0,0.0,0.0,0.0,1.0183,0.0
113542,131,450,0.0183,1.0,0.0,0.0,0.0,1.0183,0.0
113592,131,500,0.0183,1.0,0.0,0.0,0.0,1.0183,0.0
113642,131,550,0.0183,1.0,0.0,0.0,0.0,1.0183,0.0
113692,131,600,0.0183,1.0,0.0,0.0,0.0,1.0183,0.0
113742,131,650,0.0183,1.0,0.0,0.0,0.0,1.0183,0.0
113792,131,700,0.0183,1.0,0.0,0.0,0.0,1.0183,0.0
113842,131,750,0.0183,1.0,0.0,0.0,0.0,1.0183,0.0
113892,131,800,0.0183,1.0,0.0,0.0,0.0,1.0183,0.0
113942,131,850,0.0183,1.0,0.0,0.0,0.0,1.0183,0.0
113992,131,900,0.0183,1.0,0.0,0.0,0.0,1.0183,0.0
114042,131,950,0.0183,1.0,0.0,0.0,0.0,1.0183,0.0
114092,131,1000,0.0183,1.0,0.0,0.0,0.0,1.0183,0.0
114142,131,1050,0.0183,1.0,0.0,0.0,0.0,1.0183,0.0
114192,131,1100,0.0183,1.0,0.0,0.0,0.0,1.0183,0.0
114242,131,1150,0.0183,1.0,0.0,0.0,0.0,1.0183,0.0
114292,131,1200,0.0183,1.0,0.0,0.0,0.0,1.0183,0.0
114342,131,1250,0.0183,1.0,0.0,0.0,0.0,1.0183,0.0
114392,131,1300,0.0183,1.0,0.0,0.0,0.0,1.0183,0.0
114442,131,1350,0.0183,1.0,0.0,0.0,0.0,1.0183,0.0
114492,131,1400,0.0183,1.0,0.0,0.0,0.0,1.0183,0.0
114542,131,1450,0.0183,1.0,0.0,0.0,0.0,1.0183,0.0
114592,131,1500,0.0183,1.0,0.0,0.0,0.0,1.0183,0.0
114642,131,1550,0.0183,1.0,0.0,0.0,0.0,1.0183,0.0
114692,131,1600,0.0183,1.0,0.0,0.0,0.0,1.0183,0.0
114742,131,1650,0.0183,1.0,0.0,0.0,0.0,1.0183,0.0
114792,131,1700,0.0183,1.0,0.0,0.0,0.0,1.0183,0.0
114842,131,1750,0.0183,1.0,0.0,0.0,0.0,1.0183,0.0
114892,131,1800,0.0183,1.0,0.0,0.0,0.0,1.0183,0.0
114942,131,1850,0.0183,1.0,0.0,0.0,0.0,1.0183,0.0
114992,131,1900,0.0183,1.0,0.0,0.0,0.0,1.0183,0.0
115042,131,1950,0.0183,1.0,0.0,0.0,0.0,1.0183,0.0
115092,131,2000,0.0183,1.0,0.0,0.0,0.0,1.0183,0.0
115142,132,50,0.0187,1.0,0.0,0.0,0.0,1.0187,0.0
115192,132,100,0.0183,1.0,0.0,0.0,0.0,1.0183,0.0
115242,132,150,0.0183,1.0,0.0,0.0,0.0,1.0183,0.0
115292,132,200,0.0183,1.0,0.0,0.0,0.0,1.0183,0.0
115342,132,250,0.0183,1.0,0.0,0.0,0.0,1.0183,0.0
115392,132,300,0.0183,1.0,0.0,0.0,0.0,1.0183,0.0
115442,132,350,0.0183,1.0,0.0,0.0,0.0,1.0183,0.0
115492,132,400,0.0183,1.0,0.0,0.0,0.0,1.0183,0.0
115542,132,450,0.0183,1.0,0.0,0.0,0.0,1.0183,0.0
115592,132,500,0.0183,1.0,0.0,0.0,0.0,1.0183,0.0
115642,132,550,0.0183,1.0,0.0,0.0,0.0,1.0183,0.0
115692,132,600,0.0183,1.0,0.0,0.0,0.0,1.0183,0.0
115742,132,650,0.0183,1.0,0.0,0.0,0.0,1.0183,0.0
115792,132,700,0.0183,1.0,0.0,0.0,0.0,1.0183,0.0
115842,132,750,0.0183,1.0,0.0,0.0,0.0,1.0183,0.0
115892,132,800,0.0183,1.0,0.0,0.0,0.0,1.0183,0.0
115942,132,850,0.0183,1.0,0.0,0.0,0.0,1.0183,0.0
115992,132,900,0.0183,1.0,0.0,0.0,0.0,1.0183,0.0
116042,132,950,0.0183,1.0,0.0,0.0,0.0,1.0183,0.0
116092,132,1000,0.0183,1.0,0.0,0.0,0.0,1.0183,0.0
116142,132,1050,0.0183,1.0,0.0,0.0,0.0,1.0183,0.0
116192,132,1100,0.0183,1.0,0.0,0.0,0.0,1.0183,0.0
116242,132,1150,0.0183,1.0,0.0,0.0,0.0,1.0183,0.0
116292,132,1200,0.0183,1.0,0.0,0.0,0.0,1.0183,0.0
116342,132,1250,0.0183,1.0,0.0,0.0,0.0,1.0183,0.0
116392,132,1300,0.0183,1.0,0.0,0.0,0.0,1.0183,0.0
116442,132,1350,0.0183,1.0,0.0,0.0,0.0,1.0183,0.0
116492,132,1400,0.0183,1.0,0.0,0.0,0.0,1.0183,0.0
116542,132,1450,0.0183,1.0,0.0,0.0,0.0,1.0183,0.0
116592,132,1500,0.0183,1.0,0.0,0.0,0.0,1.0183,0.0
116642,132,1550,0.0183,1.0,0.0,0.0,0.0,1.0183,0.0
116692,132,1600,0.0183,1.0,0.0,0.0,0.0,1.0183,0.0
116742,132,1650,0.0183,1.0,0.0,0.0,0.0,1.0183,0.0
116792,132,1700,0.0183,1.0,0.0,0.0,0.0,1.0183,0.0
116842,132,1750,0.0183,1.0,0.0,0.0,0.0,1.0183,0.0
116892,132,1800,0.0183,1.0,0.0,0.0,0.0,1.0183,0.0
116942,132,1850,0.0183,1.0,0.0,0.0,0.0,1.0183,0.0
116992,132,1900,0.0183,1.0,0.0,0.0,0.0,1.0183,0.0
117042,132,1950,0.0183,1.0,0.0,0.0,0.0,1.0183,0.0
117092,132,2000,0.0183,1.0,0.0,0.0,0.0,1.0183,0.0
117142,133,50,0.0187,0.9986,0.0,0.0,0.0,1.0173,0.0
117192,133,100,0.0183,0.9986,0.0,0.0,0.0,1.017,0.0
117242,133,150,0.0183,0.9986,0.0,0.0,0.0,1.017,0.0
117292,133,200,0.0183,0.9986,0.0,0.0,0.0,1.017,0.0
117342,133,250,0.0183,0.9986,0.0,0.0,0.0,1.017,0.0
117392,133,300,0.0183,0.9986,0.0,0.0,0.0,1.017,0.0
117442,133,350,0.0183,0.9986,0.0,0.0,0.0,1.017,0.0
117492,133,400,0.0183,0.9986,0.0,0.0,0.0,1.017,0.0
117542,133,450,0.0183,0.9986,0.0,0.0,0.0,1.017,0.0
117592,133,500,0.0183,0.9986,0.0,0.0,0.0,1.017,0.0
117642,133,550,0.0183,0.9986,0.0,0.0,0.0,1.017,0.0
117692,133,600,0.0183,0.9986,0.0,0.0,0.0,1.017,0.0
117742,133,650,0.0183,0.9986,0.0,0.0,0.0,1.017,0.0
117792,133,700,0.0183,0.9986,0.0,0.0,0.0,1.017,0.0
117842,133,750,0.0183,0.9986,0.0,0.0,0.0,1.017,0.0
117892,133,800,0.0183,0.9986,0.0,0.0,0.0,1.017,0.0
117942,133,850,0.0183,0.9986,0.0,0.0,0.0,1.017,0.0
117992,133,900,0.0183,0.9986,0.0,0.0,0.0,1.017,0.0
118042,133,950,0.0183,0.9986,0.0,0.0,0.0,1.017,0.0
118092,133,1000,0.0183,0.9986,0.0,0.0,0.0,1.017,0.0
118142,133,1050,0.0183,0.9986,0.0,0.0,0.0,1.017,0.0
118192,133,1100,0.0183,0.9986,0.0,0.0,0.0,1.017,0.0
118242,133,1150,0.0183,0.9986,0.0,0.0,0.0,1.017,0.0
118292,133,1200,0.0183,0.9986,0.0,0.0,0.0,1.017,0.0
118342,133,1250,0.0183,0.9986,0.0,0.0,0.0,1.017,0.0
118392,133,1300,0.0183,0.9986,0.0,0.0,0.0,1.017,0.0
118442,133,1350,0.0183,0.9986,0.0,0.0,0.0,1.017,0.0
118492,133,1400,0.0183,0.9986,0.0,0.0,0.0,1.017,0.0
118542,133,1450,0.0183,0.9986,0.0,0.0,0.0,1.017,0.0
118592,133,1500,0.0183,0.9986,0.0,0.0,0.0,1.017,0.0
118642,133,1550,0.0183,0.9986,0.0,0.0,0.0,1.017,0.0
118692,133,1600,0.0183,0.9986,0.0,0.0,0.0,1.017,0.0
118742,133,1650,0.0183,0.9986,0.0,0.0,0.0,1.017,0.0
118792,133,1700,0.0183,0.9986,0.0,0.0,0.0,1.017,0.0
118842,133,1750,0.0183,0.9986,0.0,0.0,0.0,1.017,0.0
118892,133,1800,0.0183,0.9986,0.0,0.0,0.0,1.017,0.0
118942,133,1850,0.0183,0.9986,0.0,0.0,0.0,1.017,0.0
118992,133,1900,0.0183,0.9986,0.0,0.0,0.0,1.017,0.0
119042,133,1950,0.0183,0.9986,0.0,0.0,0.0,1.017,0.0
119092,133,2000,0.0183,0.9986,0.0,0.0,0.0,1.017,0.0
119142,134,50,0.0187,0.9996,0.0,0.0,0.0,1.0183,0.0
119192,134,100,0.0183,0.9996,0.0,0.0,0.0,1.0179,0.0
119242,134,150,0.0183,0.9996,0.0,0.0,0.0,1.0179,0.0
119292,134,200,0.0183,0.9996,0.0,0.0,0.0,1.0179,0.0
119342,134,250,0.0183,0.9996,0.0,0.0,0.0,1.0179,0.0
119392,134,300,0.0183,0.9996,0.0,0.0,0.0,1.0179,0.0
119442,134,350,0.0183,0.9996,0.0,0.0,0.0,1.0179,0.0
119492,134,400,0.0183,0.9996,0.0,0.0,0.0,1.0179,0.0
119542,134,450,0.0183,0.9996,0.0,0.0,0.0,1.0179,0.0
119592,134,500,0.0183,0.9996,0.0,0.0,0.0,1.0179,0.0
119642,134,550,0.0183,0.9996,0.0,0.0,0.0,1.0179,0.0
119692,134,600,0.0183,0.9996,0.0,0.0,0.0,1.0179,0.0
119742,134,650,0.0183,0.9996,0.0,0.0,0.0,1.0179,0.0
119792,134,700,0.0183,0.9996,0.0,0.0,0.0,1.0179,0.0
119842,134,750,0.0183,0.9996,0.0,0.0,0.0,1.0179,0.0
119892,134,800,0.0183,0.9996,0.0,0.0,0.0,1.0179,0.0
119942,134,850,0.0183,0.9996,0.0,0.0,0.0,1.0179,0.0
119992,134,900,0.0183,0.9996,0.0,0.0,0.0,1.0179,0.0
120042,134,950,0.0183,0.9996,0.0,0.0,0.0,1.0179,0.0
120092,134,1000,0.0183,0.9996,0.0,0.0,0.0,1.0179,0.0
120142,134,1050,0.0183,0.9996,0.0,0.0,0.0,1.0179,0.0
120192,134,1100,0.0183,0.9996,0.0,0.0,0.0,1.0179,0.0
120242,134,1150,0.0183,0.9996,0.0,0.0,0.0,1.0179,0.0
120292,134,1200,0.0183,0.9996,0.0,0.0,0.0,1.0179,0.0
120342,134,1250,0.0183,0.9996,0.0,0.0,0.0,1.0179,0.0
120392,134,1300,0.0183,0.9996,0.0,0.0,0.0,1.0179,0.0
120442,134,1350,0.0183,0.9996,0.0,0.0,0.0,1.0179,0.0
120492,134,1400,0.0183,0.9996,0.0,0.0,0.0,1.0179,0.0
120542,134,1450,0.0183,0.9996,0.0,0.0,0.0,1.0179,0.0
120592,134,1500,0.0183,0.9996,0.0,0.0,0.0,1.0179,0.0
120642,134,1550,0.0183,0.9996,0.0,0.0,0.0,1.0179,0.0
120692,134,1600,0.0183,0.9996,0.0,0.0,0.0,1.0179,0.0
120742,134,1650,0.0183,0.9996,0.0,0.0,0.0,1.0179,0.0
120792,134,1700,0.0183,0.9996,0.0,0.0,0.0,1.0179,0.0
120842,134,1750,0.0183,0.9996,0.0,0.0,0.0,1.0179,0.0
120892,134,1800,0.0183,0.9996,0.0,0.0,0.0,1.0179,0.0
120942,134,1850,0.0183,0.9996,0.0,0.0,0.0,1.0179,0.0
120992,134,1900,0.0183,0.9996,0.0,0.0,0.0,1.0179,0.0
121042,134,1950,0.0183,0.9996,0.0,0.0,0.0,1.0179,0.0
121092,134,2000,0.0183,0.9996,0.0,0.0,0.0,1.0179,0.0
121142,135,50,0.0187,1.0,0.0,0.0,0.0,1.0187,0.0
121192,135,100,0.0183,1.0,0.0,0.0,0.0,1.0183,0.0
121242,135,150,0.0183,1.0,0.0,0.0,0.0,1.0183,0.0
121292,135,200,0.0183,1.0,0.0,0.0,0.0,1.0183,0.0
121342,135,250,0.0183,1.0,0.0,0.0,0.0,1.0183,0.0
121392,135,300,0.0183,1.0,0.0,0.0,0.0,1.0183,0.0
121442,135,350,0.0183,1.0,0.0,0.0,0.0,1.0183,0.0
121492,135,400,0.0183,1.0,0.0,0.0,0.0,1.0183,0.0
121542,135,450,0.0183,1.0,0.0,0.0,0.0,1.0183,0.0
121592,135,500,0.0183,1.0,0.0,0.0,0.0,1.0183,0.0
121642,135,550,0.0183,1.0,0.0,0.0,0.0,1.0183,0.0
121692,135,600,0.0183,1.0,0.0,0.0,0.0,1.0183,0.0
121742,135,650,0.0183,1.0,0.0,0.0,0.0,1.0183,0.0
121792,135,700,0.0183,1.0,0.0,0.0,0.0,1.0183,0.0
121842,135,750,0.0183,1.0,0.0,0.0,0.0,1.0183,0.0
121892,135,800,0.0183,1.0,0.0,0.0,0.0,1.0183,0.0
121942,135,850,0.0183,1.0,0.0,0.0,0.0,1.0183,0.0
121992,135,900,0.0183,1.0,0.0,0.0,0.0,1.0183,0.0
122042,135,950,0.0183,1.0,0.0,0.0,0.0,1.0183,0.0
122092,135,1000,0.0183,1.0,0.0,0.0,0.0,1.0183,0.0
122142,135,1050,0.0183,1.0,0.0,0.0,0.0,1.0183,0.0
122192,135,1100,0.0183,1.0,0.0,0.0,0.0,1.0183,0.0
122242,135,1150,0.0183,1.0,0.0,0.0,0.0,1.0183,0.0
122292,135,1200,0.0183,1.0,0.0,0.0,0.0,1.0183,0.0
122342,135,1250,0.0183,1.0,0.0,0.0,0.0,1.0183,0.0
122392,135,1300,0.0183,1.0,0.0,0.0,0.0,1.0183,0.0
122442,135,1350,0.0183,1.0,0.0,0.0,0.0,1.0183,0.0
122492,135,1400,0.0183,1.0,0.0,0.0,0.0,1.0183,0.0
122542,135,1450,0.0183,1.0,0.0,0.0,0.0,1.0183,0.0
122592,135,1500,0.0183,1.0,0.0,0.0,0.0,1.0183,0.0
122642,135,1550,0.0183,1.0,0.0,0.0,0.0,1.0183,0.0
122692,135,1600,0.0183,1.0,0.0,0.0,0.0,1.0183,0.0
122742,135,1650,0.0183,1.0,0.0,0.0,0.0,1.0183,0.0
122792,135,1700,0.0183,1.0,0.0,0.0,0.0,1.0183,0.0
122842,135,1750,0.0183,1.0,0.0,0.0,0.0,1.0183,0.0
122892,135,1800,0.0183,1.0,0.0,0.0,0.0,1.0183,0.0
122942,135,1850,0.0183,1.0,0.0,0.0,0.0,1.0183,0.0
122992,135,1900,0.0183,1.0,0.0,0.0,0.0,1.0183,0.0
123042,135,1950,0.0183,1.0,0.0,0.0,0.0,1.0183,0.0
123092,135,2000,0.0183,1.0,0.0,0.0,0.0,1.0183,0.0
123142,136,50,0.0187,1.0,0.0,0.0,0.0,1.0187,0.0
123192,136,100,0.0183,1.0,0.0,0.0,0.0,1.0183,0.0
123242,136,150,0.0183,1.0,0.0,0.0,0.0,1.0183,0.0
123292,136,200,0.0183,1.0,0.0,0.0,0.0,1.0183,0.0
123342,136,250,0.0183,1.0,0.0,0.0,0.0,1.0183,0.0
123392,136,300,0.0183,1.0,0.0,0.0,0.0,1.0183,0.0
123442,136,350,0.0183,1.0,0.0,0.0,0.0,1.0183,0.0
123492,136,400,0.0183,1.0,0.0,0.0,0.0,1.0183,0.0
123542,136,450,0.0183,1.0,0.0,0.0,0.0,1.0183,0.0
123592,136,500,0.0183,1.0,0.0,0.0,0.0,1.0183,0.0
123642,136,550,0.0183,1.0,0.0,0.0,0.0,1.0183,0.0
123692,136,600,0.0183,1.0,0.0,0.0,0.0,1.0183,0.0
123742,136,650,0.0183,1.0,0.0,0.0,0.0,1.0183,0.0
123792,136,700,0.0183,1.0,0.0,0.0,0.0,1.0183,0.0
123842,136,750,0.0183,1.0,0.0,0.0,0.0,1.0183,0.0
123892,136,800,0.0183,1.0,0.0,0.0,0.0,1.0183,0.0
123942,136,850,0.0183,1.0,0.0,0.0,0.0,1.0183,0.0
123992,136,900,0.0183,1.0,0.0,0.0,0.0,1.0183,0.0
124042,136,950,0.0183,1.0,0.0,0.0,0.0,1.0183,0.0
124092,136,1000,0.0183,1.0,0.0,0.0,0.0,1.0183,0.0
124142,136,1050,0.0183,1.0,0.0,0.0,0.0,1.0183,0.0
124192,136,1100,0.0183,1.0,0.0,0.0,0.0,1.0183,0.0
124242,136,1150,0.0183,1.0,0.0,0.0,0.0,1.0183,0.0
124292,136,1200,0.0183,1.0,0.0,0.0,0.0,1.0183,0.0
124342,136,1250,0.0183,1.0,0.0,0.0,0.0,1.0183,0.0
124392,136,1300,0.0183,1.0,0.0,0.0,0.0,1.0183,0.0
124442,136,1350,0.0183,1.0,0.0,0.0,0.0,1.0183,0.0
124492,136,1400,0.0183,1.0,0.0,0.0,0.0,1.0183,0.0
124542,136,1450,0.0183,1.0,0.0,0.0,0.0,1.0183,0.0
124592,136,1500,0.0183,1.0,0.0,0.0,0.0,1.0183,0.0
124642,136,1550,0.0183,1.0,0.0,0.0,0.0,1.0183,0.0
124692,136,1600,0.0183,1.0,0.0,0.0,0.0,1.0183,0.0
124742,136,1650,0.0183,1.0,0.0,0.0,0.0,1.0183,0.0
124792,136,1700,0.0183,1.0,0.0,0.0,0.0,1.0183,0.0
124842,136,1750,0.0183,1.0,0.0,0.0,0.0,1.0183,0.0
124892,136,1800,0.0183,1.0,0.0,0.0,0.0,1.0183,0.0
124942,136,1850,0.0183,1.0,0.0,0.0,0.0,1.0183,0.0
124992,136,1900,0.0183,1.0,0.0,0.0,0.0,1.0183,0.0
125042,136,1950,0.0183,1.0,0.0,0.0,0.0,1.0183,0.0
125092,136,2000,0.0183,1.0,0.0,0.0,0.0,1.0183,0.0
125142,137,50,0.0187,1.0,0.0,0.0,0.0,1.0187,0.0
125192,137,100,0.0183,1.0,0.0,0.0,0.0,1.0183,0.0
125242,137,150,0.0183,1.0,0.0,0.0,0.0,1.0183,0.0
125292,137,200,0.0183,1.0,0.0,0.0,0.0,1.0183,0.0
125342,137,250,0.0183,1.0,0.0,0.0,0.0,1.0183,0.0
125392,137,300,0.0183,1.0,0.0,0.0,0.0,1.0183,0.0
125442,137,350,0.0183,1.0,0.0,0.0,0.0,1.0183,0.0
125492,137,400,0.0183,1.0,0.0,0.0,0.0,1.0183,0.0
125542,137,450,0.0183,1.0,0.0,0.0,0.0,1.0183,0.0
125592,137,500,0.0183,1.0,0.0,0.0,0.0,1.0183,0.0
125642,137,550,0.0183,1.0,0.0,0.0,0.0,1.0183,0.0
125692,137,600,0.0183,1.0,0.0,0.0,0.0,1.0183,0.0
125742,137,650,0.0183,1.0,0.0,0.0,0.0,1.0183,0.0
125792,137,700,0.0183,1.0,0.0,0.0,0.0,1.0183,0.0
125842,137,750,0.0183,1.0,0.0,0.0,0.0,1.0183,0.0
125892,137,800,0.0183,1.0,0.0,0.0,0.0,1.0183,0.0
125942,137,850,0.0183,1.0,0.0,0.0,0.0,1.0183,0.0
125992,137,900,0.0183,1.0,0.0,0.0,0.0,1.0183,0.0
126042,137,950,0.0183,1.0,0.0,0.0,0.0,1.0183,0.0
126092,137,1000,0.0183,1.0,0.0,0.0,0.0,1.0183,0.0
126142,137,1050,0.0183,1.0,0.0,0.0,0.0,1.0183,0.0
126192,137,1100,0.0183,1.0,0.0,0.0,0.0,1.0183,0.0
126242,137,1150,0.0183,1.0,0.0,0.0,0.0,1.0183,0.0
126292,137,1200,0.0183,1.0,0.0,0.0,0.0,1.0183,0.0
126342,137,1250,0.0183,1.0,0.0,0.0,0.0,1.0183,0.0
126392,137,1300,0.0183,1.0,0.0,0.0,0.0,1.0183,0.0
126442,137,1350,0.0183,1.0,0.0,0.0,0.0,1.0183,0.0
126492,137,1400,0.0183,1.0,0.0,0.0,0.0,1.0183,0.0
126542,137,1450,0.0183,1.0,0.0,0.0,0.0,1.0183,0.0
126592,137,1500,0.0183,1.0,0.0,0.0,0.0,1.0183,0.0
126642,137,1550,0.0183,1.0,0.0,0.0,0.0,1.0183,0.0
126692,137,1600,0.0183,1.0,0.0,0.0,0.0,1.0183,0.0
126742,137,1650,0.0183,1.0,0.0,0.0,0.0,1.0183,0.0
126792,137,1700,0.0183,1.0,0.0,0.0,0.0,1.0183,0.0
126842,137,1750,0.0183,1.0,0.0,0.0,0.0,1.0183,0.0
126892,137,1800,0.0183,1.0,0.0,0.0,0.0,1.0183,0.0
126942,137,1850,0.0183,1.0,0.0,0.0,0.0,1.0183,0.0
126992,137,1900,0.0183,1.0,0.0,0.0,0.0,1.0183,0.0
127042,137,1950,0.0183,1.0,0.0,0.0,0.0,1.0183,0.0
127092,137,2000,0.0183,1.0,0.0,0.0,0.0,1.0183,0.0
127142,138,50,0.0187,1.0,0.0,0.0,0.0,1.0187,0.0
127192,138,100,0.0183,1.0,0.0,0.0,0.0,1.0183,0.0
127242,138,150,0.0183,1.0,0.0,0.0,0.0,1.0183,0.0
127292,138,200,0.0183,1.0,0.0,0.0,0.0,1.0183,0.0
127342,138,250,0.0183,1.0,0.0,0.0,0.0,1.0183,0.0
127392,138,300,0.0183,1.0,0.0,0.0,0.0,1.0183,0.0
127442,138,350,0.0183,1.0,0.0,0.0,0.0,1.0183,0.0
127492,138,400,0.0183,1.0,0.0,0.0,0.0,1.0183,0.0
127542,138,450,0.0183,1.0,0.0,0.0,0.0,1.0183,0.0
127592,138,500,0.0183,1.0,0.0,0.0,0.0,1.0183,0.0
127642,138,550,0.0183,1.0,0.0,0.0,0.0,1.0183,0.0
127692,138,600,0.0183,1.0,0.0,0.0,0.0,1.0183,0.0
127742,138,650,0.0183,1.0,0.0,0.0,0.0,1.0183,0.0
127792,138,700,0.0183,1.0,0.0,0.0,0.0,1.0183,0.0
127842,138,750,0.0183,1.0,0.0,0.0,0.0,1.0183,0.0
127892,138,800,0.0183,1.0,0.0,0.0,0.0,1.0183,0.0
127942,138,850,0.0183,1.0,0.0,0.0,0.0,1.0183,0.0
127992,138,900,0.0183,1.0,0.0,0.0,0.0,1.0183,0.0
128042,138,950,0.0183,1.0,0.0,0.0,0.0,1.0183,0.0
128092,138,1000,0.0183,1.0,0.0,0.0,0.0,1.0183,0.0
128142,138,1050,0.0183,1.0,0.0,0.0,0.0,1.0183,0.0
128192,138,1100,0.0183,1.0,0.0,0.0,0.0,1.0183,0.0
128242,138,1150,0.0183,1.0,0.0,0.0,0.0,1.0183,0.0
128292,138,1200,0.0183,1.0,0.0,0.0,0.0,1.0183,0.0
128342,138,1250,0.0183,1.0,0.0,0.0,0.0,1.0183,0.0
128392,138,1300,0.0183,1.0,0.0,0.0,0.0,1.0183,0.0
128442,138,1350,0.0183,1.0,0.0,0.0,0.0,1.0183,0.0
128492,138,1400,0.0183,1.0,0.0,0.0,0.0,1.0183,0.0
128542,138,1450,0.0183,1.0,0.0,0.0,0.0,1.0183,0.0
128592,138,1500,0.0183,1.0,0.0,0.0,0.0,1.0183,0.0
128642,138,1550,0.0183,1.0,0.0,0.0,0.0,1.0183,0.0
128692,138,1600,0.0183,1.0,0.0,0.0,0.0,1.0183,0.0
128742,138,1650,0.0183,1.0,0.0,0.0,0.0,1.0183,0.0
128792,138,1700,0.0183,1.0,0.0,0.0,0.0,1.0183,0.0
128842,138,1750,0.0183,1.0,0.0,0.0,0.0,1.0183,0.0
128892,138,1800,0.0183,1.0,0.0,0.0,0.0,1.0183,0.0
128942,138,1850,0.0183,1.0,0.0,0.0,0.0,1.0183,0.0
128992,138,1900,0.0183,1.0,0.0,0.0,0.0,1.0183,0.0
129042,138,1950,0.0183,1.0,0.0,0.0,0.0,1.0183,0.0
129092,138,2000,0.0183,1.0,0.0,0.0,0.0,1.0183,0.0
129142,139,50,0.0187,1.0,0.0,0.0,0.0,1.0187,0.0
129192,139,100,0.0183,1.0,0.0,0.0,0.0,1.0183,0.0
129242,139,150,0.0183,1.0,0.0,0.0,0.0,1.0183,0.0
129292,139,200,0.0183,1.0,0.0,0.0,0.0,1.0183,0.0
129342,139,250,0.0183,1.0,0.0,0.0,0.0,1.0183,0.0
129392,139,300,0.0183,1.0,0.0,0.0,0.0,1.0183,0.0
129442,139,350,0.0183,1.0,0.0,0.0,0.0,1.0183,0.0
129492,139,400,0.0183,1.0,0.0,0.0,0.0,1.0183,0.0
129542,139,450,0.0183,1.0,0.0,0.0,0.0,1.0183,0.0
129592,139,500,0.0183,1.0,0.0,0.0,0.0,1.0183,0.0
129642,139,550,0.0183,1.0,0.0,0.0,0.0,1.0183,0.0
129692,139,600,0.0183,1.0,0.0,0.0,0.0,1.0183,0.0
129742,139,650,0.0183,1.0,0.0,0.0,0.0,1.0183,0.0
129792,139,700,0.0183,1.0,0.0,0.0,0.0,1.0183,0.0
129842,139,750,0.0183,1.0,0.0,0.0,0.0,1.0183,0.0
129892,139,800,0.0183,1.0,0.0,0.0,0.0,1.0183,0.0
129942,139,850,0.0183,1.0,0.0,0.0,0.0,1.0183,0.0
129992,139,900,0.0183,1.0,0.0,0.0,0.0,1.0183,0.0
130042,139,950,0.0183,1.0,0.0,0.0,0.0,1.0183,0.0
130092,139,1000,0.0183,1.0,0.0,0.0,0.0,1.0183,0.0
130142,139,1050,0.0183,1.0,0.0,0.0,0.0,1.0183,0.0
130192,139,1100,0.0183,1.0,0.0,0.0,0.0,1.0183,0.0
130242,139,1150,0.0183,1.0,0.0,0.0,0.0,1.0183,0.0
130292,139,1200,0.0183,1.0,0.0,0.0,0.0,1.0183,0.0
130342,139,1250,0.0183,1.0,0.0,0.0,0.0,1.0183,0.0
130392,139,1300,0.0183,1.0,0.0,0.0,0.0,1.0183,0.0
130442,139,1350,0.0183,1.0,0.0,0.0,0.0,1.0183,0.0
130492,139,1400,0.0183,1.0,0.0,0.0,0.0,1.0183,0.0
130542,139,1450,0.0183,1.0,0.0,0.0,0.0,1.0183,0.0
130592,139,1500,0.0183,1.0,0.0,0.0,0.0,1.0183,0.0
130642,139,1550,0.0183,1.0,0.0,0.0,0.0,1.0183,0.0
130692,139,1600,0.0183,1.0,0.0,0.0,0.0,1.0183,0.0
130742,139,1650,0.0183,1.0,0.0,0.0,0.0,1.0183,0.0
130792,139,1700,0.0183,1.0,0.0,0.0,0.0,1.0183,0.0
130842,139,1750,0.0183,1.0,0.0,0.0,0.0,1.0183,0.0
130892,139,1800,0.0183,1.0,0.0,0.0,0.0,1.0183,0.0
130942,139,1850,0.0183,1.0,0.0,0.0,0.0,1.0183,0.0
130992,139,1900,0.0183,1.0,0.0,0.0,0.0,1.0183,0.0
131042,139,1950,0.0183,1.0,0.0,0.0,0.0,1.0183,0.0
131092,139,2000,0.0183,1.0,0.0,0.0,0.0,1.0183,0.0
131142,140,50,0.0187,1.0,0.0,0.0,0.0,1.0187,0.0
131192,140,100,0.0183,1.0,0.0,0.0,0.0,1.0183,0.0
131242,140,150,0.0183,1.0,0.0,0.0,0.0,1.0183,0.0
131292,140,200,0.0183,1.0,0.0,0.0,0.0,1.0183,0.0
131342,140,250,0.0183,1.0,0.0,0.0,0.0,1.0183,0.0
131392,140,300,0.0183,1.0,0.0,0.0,0.0,1.0183,0.0
131442,140,350,0.0183,1.0,0.0,0.0,0.0,1.0183,0.0
131492,140,400,0.0183,1.0,0.0,0.0,0.0,1.0183,0.0
131542,140,450,0.0183,1.0,0.0,0.0,0.0,1.0183,0.0
131592,140,500,0.0183,1.0,0.0,0.0,0.0,1.0183,0.0
131642,140,550,0.0183,1.0,0.0,0.0,0.0,1.0183,0.0
131692,140,600,0.0183,1.0,0.0,0.0,0.0,1.0183,0.0
131742,140,650,0.0183,1.0,0.0,0.0,0.0,1.0183,0.0
131792,140,700,0.0183,1.0,0.0,0.0,0.0,1.0183,0.0
131842,140,750,0.0183,1.0,0.0,0.0,0.0,1.0183,0.0
131892,140,800,0.0183,1.0,0.0,0.0,0.0,1.0183,0.0
131942,140,850,0.0183,1.0,0.0,0.0,0.0,1.0183,0.0
131992,140,900,0.0183,1.0,0.0,0.0,0.0,1.0183,0.0
132042,140,950,0.0183,1.0,0.0,0.0,0.0,1.0183,0.0
132092,140,1000,0.0183,1.0,0.0,0.0,0.0,1.0183,0.0
132142,140,1050,0.0183,1.0,0.0,0.0,0.0,1.0183,0.0
132192,140,1100,0.0183,1.0,0.0,0.0,0.0,1.0183,0.0
132242,140,1150,0.0183,1.0,0.0,0.0,0.0,1.0183,0.0
132292,140,1200,0.0183,1.0,0.0,0.0,0.0,1.0183,0.0
132342,140,1250,0.0183,1.0,0.0,0.0,0.0,1.0183,0.0
132392,140,1300,0.0183,1.0,0.0,0.0,0.0,1.0183,0.0
132442,140,1350,0.0183,1.0,0.0,0.0,0.0,1.0183,0.0
132492,140,1400,0.0183,1.0,0.0,0.0,0.0,1.0183,0.0
132542,140,1450,0.0183,1.0,0.0,0.0,0.0,1.0183,0.0
132592,140,1500,0.0183,1.0,0.0,0.0,0.0,1.0183,0.0
132642,140,1550,0.0183,1.0,0.0,0.0,0.0,1.0183,0.0
132692,140,1600,0.0183,1.0,0.0,0.0,0.0,1.0183,0.0
132742,140,1650,0.0183,1.0,0.0,0.0,0.0,1.0183,0.0
132792,140,1700,0.0183,1.0,0.0,0.0,0.0,1.0183,0.0
132842,140,1750,0.0183,1.0,0.0,0.0,0.0,1.0183,0.0
132892,140,1800,0.0183,1.0,0.0,0.0,0.0,1.0183,0.0
132942,140,1850,0.0183,1.0,0.0,0.0,0.0,1.0183,0.0
132992,140,1900,0.0183,1.0,0.0,0.0,0.0,1.0183,0.0
133042,140,1950,0.0183,1.0,0.0,0.0,0.0,1.0183,0.0
133092,140,2000,0.0183,1.0,0.0,0.0,0.0,1.0183,0.0
133142,141,50,0.0187,1.0,0.0,0.0,0.0,1.0187,0.0
133192,141,100,0.0183,1.0,0.0,0.0,0.0,1.0183,0.0
133242,141,150,0.0183,1.0,0.0,0.0,0.0,1.0183,0.0
133292,141,200,0.0183,1.0,0.0,0.0,0.0,1.0183,0.0
133342,141,250,0.0183,1.0,0.0,0.0,0.0,1.0183,0.0
133392,141,300,0.0183,1.0,0.0,0.0,0.0,1.0183,0.0
133442,141,350,0.0183,1.0,0.0,0.0,0.0,1.0183,0.0
133492,141,400,0.0183,1.0,0.0,0.0,0.0,1.0183,0.0
133542,141,450,0.0183,1.0,0.0,0.0,0.0,1.0183,0.0
133592,141,500,0.0183,1.0,0.0,0.0,0.0,1.0183,0.0
133642,141,550,0.0183,1.0,0.0,0.0,0.0,1.0183,0.0
133692,141,600,0.0183,1.0,0.0,0.0,0.0,1.0183,0.0
133742,141,650,0.0183,1.0,0.0,0.0,0.0,1.0183,0.0
133792,141,700,0.0183,1.0,0.0,0.0,0.0,1.0183,0.0
133842,141,750,0.0183,1.0,0.0,0.0,0.0,1.0183,0.0
133892,141,800,0.0183,1.0,0.0,0.0,0.0,1.0183,0.0
133942,141,850,0.0183,1.0,0.0,0.0,0.0,1.0183,0.0
133992,141,900,0.0183,1.0,0.0,0.0,0.0,1.0183,0.0
134042,141,950,0.0183,1.0,0.0,0.0,0.0,1.0183,0.0
134092,141,1000,0.0183,1.0,0.0,0.0,0.0,1.0183,0.0
134142,141,1050,0.0183,1.0,0.0,0.0,0.0,1.0183,0.0
134192,141,1100,0.0183,1.0,0.0,0.0,0.0,1.0183,0.0
134242,141,1150,0.0183,1.0,0.0,0.0,0.0,1.0183,0.0
134292,141,1200,0.0183,1.0,0.0,0.0,0.0,1.0183,0.0
134342,141,1250,0.0183,1.0,0.0,0.0,0.0,1.0183,0.0
134392,141,1300,0.0183,1.0,0.0,0.0,0.0,1.0183,0.0
134442,141,1350,0.0183,1.0,0.0,0.0,0.0,1.0183,0.0
134492,141,1400,0.0183,1.0,0.0,0.0,0.0,1.0183,0.0
134542,141,1450,0.0183,1.0,0.0,0.0,0.0,1.0183,0.0
134592,141,1500,0.0183,1.0,0.0,0.0,0.0,1.0183,0.0
134642,141,1550,0.0183,1.0,0.0,0.0,0.0,1.0183,0.0
134692,141,1600,0.0183,1.0,0.0,0.0,0.0,1.0183,0.0
134742,141,1650,0.0183,1.0,0.0,0.0,0.0,1.0183,0.0
134792,141,1700,0.0183,1.0,0.0,0.0,0.0,1.0183,0.0
134842,141,1750,0.0183,1.0,0.0,0.0,0.0,1.0183,0.0
134892,141,1800,0.0183,1.0,0.0,0.0,0.0,1.0183,0.0
134942,141,1850,0.0183,1.0,0.0,0.0,0.0,1.0183,0.0
134992,141,1900,0.0183,1.0,0.0,0.0,0.0,1.0183,0.0
135042,141,1950,0.0183,1.0,0.0,0.0,0.0,1.0183,0.0
135092,141,2000,0.0183,1.0,0.0,0.0,0.0,1.0183,0.0
135142,142,50,0.0187,1.0,0.0,0.0,0.0,1.0187,0.0
135192,142,100,0.0183,1.0,0.0,0.0,0.0,1.0183,0.0
135242,142,150,0.0183,1.0,0.0,0.0,0.0,1.0183,0.0
135292,142,200,0.0183,1.0,0.0,0.0,0.0,1.0183,0.0
135342,142,250,0.0183,1.0,0.0,0.0,0.0,1.0183,0.0
135392,142,300,0.0183,1.0,0.0,0.0,0.0,1.0183,0.0
135442,142,350,0.0183,1.0,0.0,0.0,0.0,1.0183,0.0
135492,142,400,0.0183,1.0,0.0,0.0,0.0,1.0183,0.0
135542,142,450,0.0183,1.0,0.0,0.0,0.0,1.0183,0.0
135592,142,500,0.0183,1.0,0.0,0.0,0.0,1.0183,0.0
135642,142,550,0.0183,1.0,0.0,0.0,0.0,1.0183,0.0
135692,142,600,0.0183,1.0,0.0,0.0,0.0,1.0183,0.0
135742,142,650,0.0183,1.0,0.0,0.0,0.0,1.0183,0.0
135792,142,700,0.0183,1.0,0.0,0.0,0.0,1.0183,0.0
135842,142,750,0.0183,1.0,0.0,0.0,0.0,1.0183,0.0
135892,142,800,0.0183,1.0,0.0,0.0,0.0,1.0183,0.0
135942,142,850,0.0183,1.0,0.0,0.0,0.0,1.0183,0.0
135992,142,900,0.0183,1.0,0.0,0.0,0.0,1.0183,0.0
136042,142,950,0.0183,1.0,0.0,0.0,0.0,1.0183,0.0
136092,142,1000,0.0183,1.0,0.0,0.0,0.0,1.0183,0.0
136142,142,1050,0.0183,1.0,0.0,0.0,0.0,1.0183,0.0
136192,142,1100,0.0183,1.0,0.0,0.0,0.0,1.0183,0.0
136242,142,1150,0.0183,1.0,0.0,0.0,0.0,1.0183,0.0
136292,142,1200,0.0183,1.0,0.0,0.0,0.0,1.0183,0.0
136342,142,1250,0.0183,1.0,0.0,0.0,0.0,1.0183,0.0
136392,142,1300,0.0183,1.0,0.0,0.0,0.0,1.0183,0.0
136442,142,1350,0.0183,1.0,0.0,0.0,0.0,1.0183,0.0
136492,142,1400,0.0183,1.0,0.0,0.0,0.0,1.0183,0.0
136542,142,1450,0.0183,1.0,0.0,0.0,0.0,1.0183,0.0
136592,142,1500,0.0183,1.0,0.0,0.0,0.0,1.0183,0.0
136642,142,1550,0.0183,1.0,0.0,0.0,0.0,1.0183,0.0
136692,142,1600,0.0183,1.0,0.0,0.0,0.0,1.0183,0.0
136742,142,1650,0.0183,1.0,0.0,0.0,0.0,1.0183,0.0
136792,142,1700,0.0183,1.0,0.0,0.0,0.0,1.0183,0.0
136842,142,1750,0.0183,1.0,0.0,0.0,0.0,1.0183,0.0
136892,142,1800,0.0183,1.0,0.0,0.0,0.0,1.0183,0.0
136942,142,1850,0.0183,1.0,0.0,0.0,0.0,1.0183,0.0
136992,142,1900,0.0183,1.0,0.0,0.0,0.0,1.0183,0.0
137042,142,1950,0.0183,1.0,0.0,0.0,0.0,1.0183,0.0
137092,142,2000,0.0183,1.0,0.0,0.0,0.0,1.0183,0.0
137142,143,50,0.0187,1.0,0.0,0.0,0.0,1.0187,0.0
137192,143,100,0.0183,1.0,0.0,0.0,0.0,1.0183,0.0
137242,143,150,0.0183,1.0,0.0,0.0,0.0,1.0183,0.0
137292,143,200,0.0183,1.0,0.0,0.0,0.0,1.0183,0.0
137342,143,250,0.0183,1.0,0.0,0.0,0.0,1.0183,0.0
137392,143,300,0.0183,1.0,0.0,0.0,0.0,1.0183,0.0
137442,143,350,0.0183,1.0,0.0,0.0,0.0,1.0183,0.0
137492,143,400,0.0183,1.0,0.0,0.0,0.0,1.0183,0.0
137542,143,450,0.0183,1.0,0.0,0.0,0.0,1.0183,0.0
137592,143,500,0.0183,1.0,0.0,0.0,0.0,1.0183,0.0
137642,143,550,0.0183,1.0,0.0,0.0,0.0,1.0183,0.0
137692,143,600,0.0183,1.0,0.0,0.0,0.0,1.0183,0.0
137742,143,650,0.0183,1.0,0.0,0.0,0.0,1.0183,0.0
137792,143,700,0.0183,1.0,0.0,0.0,0.0,1.0183,0.0
137842,143,750,0.0183,1.0,0.0,0.0,0.0,1.0183,0.0
137892,143,800,0.0183,1.0,0.0,0.0,0.0,1.0183,0.0
137942,143,850,0.0183,1.0,0.0,0.0,0.0,1.0183,0.0
137992,143,900,0.0183,1.0,0.0,0.0,0.0,1.0183,0.0
138042,143,950,0.0183,1.0,0.0,0.0,0.0,1.0183,0.0
138092,143,1000,0.0183,1.0,0.0,0.0,0.0,1.0183,0.0
138142,143,1050,0.0183,1.0,0.0,0.0,0.0,1.0183,0.0
138192,143,1100,0.0183,1.0,0.0,0.0,0.0,1.0183,0.0
138242,143,1150,0.0183,1.0,0.0,0.0,0.0,1.0183,0.0
138292,143,1200,0.0183,1.0,0.0,0.0,0.0,1.0183,0.0
138342,143,1250,0.0183,1.0,0.0,0.0,0.0,1.0183,0.0
138392,143,1300,0.0183,1.0,0.0,0.0,0.0,1.0183,0.0
138442,143,1350,0.0183,1.0,0.0,0.0,0.0,1.0183,0.0
138492,143,1400,0.0183,1.0,0.0,0.0,0.0,1.0183,0.0
138542,143,1450,0.0183,1.0,0.0,0.0,0.0,1.0183,0.0
138592,143,1500,0.0183,1.0,0.0,0.0,0.0,1.0183,0.0
138642,143,1550,0.0183,1.0,0.0,0.0,0.0,1.0183,0.0
138692,143,1600,0.0183,1.0,0.0,0.0,0.0,1.0183,0.0
138742,143,1650,0.0183,1.0,0.0,0.0,0.0,1.0183,0.0
138792,143,1700,0.0183,1.0,0.0,0.0,0.0,1.0183,0.0
138842,143,1750,0.0183,1.0,0.0,0.0,0.0,1.0183,0.0
138892,143,1800,0.0183,1.0,0.0,0.0,0.0,1.0183,0.0
138942,143,1850,0.0183,1.0,0.0,0.0,0.0,1.0183,0.0
138992,143,1900,0.0183,1.0,0.0,0.0,0.0,1.0183,0.0
139042,143,1950,0.0183,1.0,0.0,0.0,0.0,1.0183,0.0
139092,143,2000,0.0183,1.0,0.0,0.0,0.0,1.0183,0.0
139142,144,50,0.0187,1.0,0.0,0.0,0.0,1.0187,0.0
139192,144,100,0.0183,1.0,0.0,0.0,0.0,1.0183,0.0
139242,144,150,0.0183,1.0,0.0,0.0,0.0,1.0183,0.0
139292,144,200,0.0183,1.0,0.0,0.0,0.0,1.0183,0.0
139342,144,250,0.0183,1.0,0.0,0.0,0.0,1.0183,0.0
139392,144,300,0.0183,1.0,0.0,0.0,0.0,1.0183,0.0
139442,144,350,0.0183,1.0,0.0,0.0,0.0,1.0183,0.0
139492,144,400,0.0183,1.0,0.0,0.0,0.0,1.0183,0.0
139542,144,450,0.0183,1.0,0.0,0.0,0.0,1.0183,0.0
139592,144,500,0.0183,1.0,0.0,0.0,0.0,1.0183,0.0
139642,144,550,0.0183,1.0,0.0,0.0,0.0,1.0183,0.0
139692,144,600,0.0183,1.0,0.0,0.0,0.0,1.0183,0.0
139742,144,650,0.0183,1.0,0.0,0.0,0.0,1.0183,0.0
139792,144,700,0.0183,1.0,0.0,0.0,0.0,1.0183,0.0
139842,144,750,0.0183,1.0,0.0,0.0,0.0,1.0183,0.0
139892,144,800,0.0183,1.0,0.0,0.0,0.0,1.0183,0.0
139942,144,850,0.0183,1.0,0.0,0.0,0.0,1.0183,0.0
139992,144,900,0.0183,1.0,0.0,0.0,0.0,1.0183,0.0
140042,144,950,0.0183,1.0,0.0,0.0,0.0,1.0183,0.0
140092,144,1000,0.0183,1.0,0.0,0.0,0.0,1.0183,0.0
140142,144,1050,0.0183,1.0,0.0,0.0,0.0,1.0183,0.0
140192,144,1100,0.0183,1.0,0.0,0.0,0.0,1.0183,0.0
140242,144,1150,0.0183,1.0,0.0,0.0,0.0,1.0183,0.0
140292,144,1200,0.0183,1.0,0.0,0.0,0.0,1.0183,0.0
140342,144,1250,0.0183,1.0,0.0,0.0,0.0,1.0183,0.0
140392,144,1300,0.0183,1.0,0.0,0.0,0.0,1.0183,0.0
140442,144,1350,0.0183,1.0,0.0,0.0,0.0,1.0183,0.0
140492,144,1400,0.0183,1.0,0.0,0.0,0.0,1.0183,0.0
140542,144,1450,0.0183,1.0,0.0,0.0,0.0,1.0183,0.0
140592,144,1500,0.0183,1.0,0.0,0.0,0.0,1.0183,0.0
140642,144,1550,0.0183,1.0,0.0,0.0,0.0,1.0183,0.0
140692,144,1600,0.0183,1.0,0.0,0.0,0.0,1.0183,0.0
140742,144,1650,0.0183,1.0,0.0,0.0,0.0,1.0183,0.0
140792,144,1700,0.0183,1.0,0.0,0.0,0.0,1.0183,0.0
140842,144,1750,0.0183,1.0,0.0,0.0,0.0,1.0183,0.0
140892,144,1800,0.0183,1.0,0.0,0.0,0.0,1.0183,0.0
140942,144,1850,0.0183,1.0,0.0,0.0,0.0,1.0183,0.0
140992,144,1900,0.0183,1.0,0.0,0.0,0.0,1.0183,0.0
141042,144,1950,0.0183,1.0,0.0,0.0,0.0,1.0183,0.0
141092,144,2000,0.0183,1.0,0.0,0.0,0.0,1.0183,0.0
141142,145,50,0.0187,1.0,0.0,0.0,0.0,1.0187,0.0
141192,145,100,0.0183,1.0,0.0,0.0,0.0,1.0183,0.0
141242,145,150,0.0183,1.0,0.0,0.0,0.0,1.0183,0.0
141292,145,200,0.0183,1.0,0.0,0.0,0.0,1.0183,0.0
141342,145,250,0.0183,1.0,0.0,0.0,0.0,1.0183,0.0
141392,145,300,0.0183,1.0,0.0,0.0,0.0,1.0183,0.0
141442,145,350,0.0183,1.0,0.0,0.0,0.0,1.0183,0.0
141492,145,400,0.0183,1.0,0.0,0.0,0.0,1.0183,0.0
141542,145,450,0.0183,1.0,0.0,0.0,0.0,1.0183,0.0
141592,145,500,0.0183,1.0,0.0,0.0,0.0,1.0183,0.0
141642,145,550,0.0183,1.0,0.0,0.0,0.0,1.0183,0.0
141692,145,600,0.0183,1.0,0.0,0.0,0.0,1.0183,0.0
141742,145,650,0.0183,1.0,0.0,0.0,0.0,1.0183,0.0
141792,145,700,0.0183,1.0,0.0,0.0,0.0,1.0183,0.0
141842,145,750,0.0183,1.0,0.0,0.0,0.0,1.0183,0.0
141892,145,800,0.0183,1.0,0.0,0.0,0.0,1.0183,0.0
141942,145,850,0.0183,1.0,0.0,0.0,0.0,1.0183,0.0
141992,145,900,0.0183,1.0,0.0,0.0,0.0,1.0183,0.0
142042,145,950,0.0183,1.0,0.0,0.0,0.0,1.0183,0.0
142092,145,1000,0.0183,1.0,0.0,0.0,0.0,1.0183,0.0
142142,145,1050,0.0183,1.0,0.0,0.0,0.0,1.0183,0.0
142192,145,1100,0.0183,1.0,0.0,0.0,0.0,1.0183,0.0
142242,145,1150,0.0183,1.0,0.0,0.0,0.0,1.0183,0.0
142292,145,1200,0.0183,1.0,0.0,0.0,0.0,1.0183,0.0
142342,145,1250,0.0183,1.0,0.0,0.0,0.0,1.0183,0.0
142392,145,1300,0.0183,1.0,0.0,0.0,0.0,1.0183,0.0
142442,145,1350,0.0183,1.0,0.0,0.0,0.0,1.0183,0.0
142492,145,1400,0.0183,1.0,0.0,0.0,0.0,1.0183,0.0
142542,145,1450,0.0183,1.0,0.0,0.0,0.0,1.0183,0.0
142592,145,1500,0.0183,1.0,0.0,0.0,0.0,1.0183,0.0
142642,145,1550,0.0183,1.0,0.0,0.0,0.0,1.0183,0.0
142692,145,1600,0.0183,1.0,0.0,0.0,0.0,1.0183,0.0
142742,145,1650,0.0183,1.0,0.0,0.0,0.0,1.0183,0.0
142792,145,1700,0.0183,1.0,0.0,0.0,0.0,1.0183,0.0
142842,145,1750,0.0183,1.0,0.0,0.0,0.0,1.0183,0.0
142892,145,1800,0.0183,1.0,0.0,0.0,0.0,1.0183,0.0
142942,145,1850,0.0183,1.0,0.0,0.0,0.0,1.0183,0.0
142992,145,1900,0.0183,1.0,0.0,0.0,0.0,1.0183,0.0
143042,145,1950,0.0183,1.0,0.0,0.0,0.0,1.0183,0.0
143092,145,2000,0.0183,1.0,0.0,0.0,0.0,1.0183,0.0
143142,146,50,0.0187,1.0,0.0,0.0,0.0,1.0187,0.0
143192,146,100,0.0183,1.0,0.0,0.0,0.0,1.0183,0.0
143242,146,150,0.0183,1.0,0.0,0.0,0.0,1.0183,0.0
143292,146,200,0.0183,1.0,0.0,0.0,0.0,1.0183,0.0
143342,146,250,0.0183,1.0,0.0,0.0,0.0,1.0183,0.0
143392,146,300,0.0183,1.0,0.0,0.0,0.0,1.0183,0.0
143442,146,350,0.0183,1.0,0.0,0.0,0.0,1.0183,0.0
143492,146,400,0.0183,1.0,0.0,0.0,0.0,1.0183,0.0
143542,146,450,0.0183,1.0,0.0,0.0,0.0,1.0183,0.0
143592,146,500,0.0183,1.0,0.0,0.0,0.0,1.0183,0.0
143642,146,550,0.0183,1.0,0.0,0.0,0.0,1.0183,0.0
143692,146,600,0.0183,1.0,0.0,0.0,0.0,1.0183,0.0
143742,146,650,0.0183,1.0,0.0,0.0,0.0,1.0183,0.0
143792,146,700,0.0183,1.0,0.0,0.0,0.0,1.0183,0.0
143842,146,750,0.0183,1.0,0.0,0.0,0.0,1.0183,0.0
143892,146,800,0.0183,1.0,0.0,0.0,0.0,1.0183,0.0
143942,146,850,0.0183,1.0,0.0,0.0,0.0,1.0183,0.0
143992,146,900,0.0183,1.0,0.0,0.0,0.0,1.0183,0.0
144042,146,950,0.0183,1.0,0.0,0.0,0.0,1.0183,0.0
144092,146,1000,0.0183,1.0,0.0,0.0,0.0,1.0183,0.0
144142,146,1050,0.0183,1.0,0.0,0.0,0.0,1.0183,0.0
144192,146,1100,0.0183,1.0,0.0,0.0,0.0,1.0183,0.0
144242,146,1150,0.0183,1.0,0.0,0.0,0.0,1.0183,0.0
144292,146,1200,0.0183,1.0,0.0,0.0,0.0,1.0183,0.0
144342,146,1250,0.0183,1.0,0.0,0.0,0.0,1.0183,0.0
144392,146,1300,0.0183,1.0,0.0,0.0,0.0,1.0183,0.0
144442,146,1350,0.0183,1.0,0.0,0.0,0.0,1.0183,0.0
144492,146,1400,0.0183,1.0,0.0,0.0,0.0,1.0183,0.0
144542,146,1450,0.0183,1.0,0.0,0.0,0.0,1.0183,0.0
144592,146,1500,0.0183,1.0,0.0,0.0,0.0,1.0183,0.0
144642,146,1550,0.0183,1.0,0.0,0.0,0.0,1.0183,0.0
144692,146,1600,0.0183,1.0,0.0,0.0,0.0,1.0183,0.0
144742,146,1650,0.0183,1.0,0.0,0.0,0.0,1.0183,0.0
144792,146,1700,0.0183,1.0,0.0,0.0,0.0,1.0183,0.0
144842,146,1750,0.0183,1.0,0.0,0.0,0.0,1.0183,0.0
144892,146,1800,0.0183,1.0,0.0,0.0,0.0,1.0183,0.0
144942,146,1850,0.0183,1.0,0.0,0.0,0.0,1.0183,0.0
144992,146,1900,0.0183,1.0,0.0,0.0,0.0,1.0183,0.0
145042,146,1950,0.0183,1.0,0.0,0.0,0.0,1.0183,0.0
145092,146,2000,0.0183,1.0,0.0,0.0,0.0,1.0183,0.0
145142,147,50,0.0187,1.0,0.0,0.0,0.0,1.0187,0.0
145192,147,100,0.0183,1.0,0.0,0.0,0.0,1.0183,0.0
145242,147,150,0.0183,1.0,0.0,0.0,0.0,1.0183,0.0
145292,147,200,0.0183,1.0,0.0,0.0,0.0,1.0183,0.0
145342,147,250,0.0183,1.0,0.0,0.0,0.0,1.0183,0.0
145392,147,300,0.0183,1.0,0.0,0.0,0.0,1.0183,0.0
145442,147,350,0.0183,1.0,0.0,0.0,0.0,1.0183,0.0
145492,147,400,0.0183,1.0,0.0,0.0,0.0,1.0183,0.0
145542,147,450,0.0183,1.0,0.0,0.0,0.0,1.0183,0.0
145592,147,500,0.0183,1.0,0.0,0.0,0.0,1.0183,0.0
145642,147,550,0.0183,1.0,0.0,0.0,0.0,1.0183,0.0
145692,147,600,0.0183,1.0,0.0,0.0,0.0,1.0183,0.0
145742,147,650,0.0183,1.0,0.0,0.0,0.0,1.0183,0.0
145792,147,700,0.0183,1.0,0.0,0.0,0.0,1.0183,0.0
145842,147,750,0.0183,1.0,0.0,0.0,0.0,1.0183,0.0
145892,147,800,0.0183,1.0,0.0,0.0,0.0,1.0183,0.0
145942,147,850,0.0183,1.0,0.0,0.0,0.0,1.0183,0.0
145992,147,900,0.0183,1.0,0.0,0.0,0.0,1.0183,0.0
146042,147,950,0.0183,1.0,0.0,0.0,0.0,1.0183,0.0
146092,147,1000,0.0183,1.0,0.0,0.0,0.0,1.0183,0.0
146142,147,1050,0.0183,1.0,0.0,0.0,0.0,1.0183,0.0
146192,147,1100,0.0183,1.0,0.0,0.0,0.0,1.0183,0.0
146242,147,1150,0.0183,1.0,0.0,0.0,0.0,1.0183,0.0
146292,147,1200,0.0183,1.0,0.0,0.0,0.0,1.0183,0.0
146342,147,1250,0.0183,1.0,0.0,0.0,0.0,1.0183,0.0
146392,147,1300,0.0183,1.0,0.0,0.0,0.0,1.0183,0.0
146442,147,1350,0.0183,1.0,0.0,0.0,0.0,1.0183,0.0
146492,147,1400,0.0183,1.0,0.0,0.0,0.0,1.0183,0.0
146542,147,1450,0.0183,1.0,0.0,0.0,0.0,1.0183,0.0
146592,147,1500,0.0183,1.0,0.0,0.0,0.0,1.0183,0.0
146642,147,1550,0.0183,1.0,0.0,0.0,0.0,1.0183,0.0
146692,147,1600,0.0183,1.0,0.0,0.0,0.0,1.0183,0.0
146742,147,1650,0.0183,1.0,0.0,0.0,0.0,1.0183,0.0
146792,147,1700,0.0183,1.0,0.0,0.0,0.0,1.0183,0.0
146842,147,1750,0.0183,1.0,0.0,0.0,0.0,1.0183,0.0
146892,147,1800,0.0183,1.0,0.0,0.0,0.0,1.0183,0.0
146942,147,1850,0.0183,1.0,0.0,0.0,0.0,1.0183,0.0
146992,147,1900,0.0183,1.0,0.0,0.0,0.0,1.0183,0.0
147042,147,1950,0.0183,1.0,0.0,0.0,0.0,1.0183,0.0
147092,147,2000,0.0183,1.0,0.0,0.0,0.0,1.0183,0.0
147142,148,50,0.0187,0.9977,0.0,0.0,0.0,1.0163,0.0
147192,148,100,0.0183,0.9977,0.0,0.0,0.0,1.016,0.0
147242,148,150,0.0183,0.9977,0.0,0.0,0.0,1.016,0.0
147292,148,200,0.0183,0.9977,0.0,0.0,0.0,1.016,0.0
147342,148,250,0.0183,0.9977,0.0,0.0,0.0,1.016,0.0
147392,148,300,0.0183,0.9977,0.0,0.0,0.0,1.016,0.0
147442,148,350,0.0183,0.9977,0.0,0.0,0.0,1.016,0.0
147492,148,400,0.0183,0.9977,0.0,0.0,0.0,1.016,0.0
147542,148,450,0.0183,0.9977,0.0,0.0,0.0,1.016,0.0
147592,148,500,0.0183,0.9977,0.0,0.0,0.0,1.016,0.0
147642,148,550,0.0183,0.9977,0.0,0.0,0.0,1.016,0.0
147692,148,600,0.0183,0.9977,0.0,0.0,0.0,1.016,0.0
147742,148,650,0.0183,0.9977,0.0,0.0,0.0,1.016,0.0
147792,148,700,0.0183,0.9977,0.0,0.0,0.0,1.016,0.0
147842,148,750,0.0183,0.9977,0.0,0.0,0.0,1.016,0.0
147892,148,800,0.0183,0.9977,0.0,0.0,0.0,1.016,0.0
147942,148,850,0.0183,0.9977,0.0,0.0,0.0,1.016,0.0
147992,148,900,0.0183,0.9977,0.0,0.0,0.0,1.016,0.0
148042,148,950,0.0183,0.9977,0.0,0.0,0.0,1.016,0.0
148092,148,1000,0.0183,0.9977,0.0,0.0,0.0,1.016,0.0
148142,148,1050,0.0183,0.9977,0.0,0.0,0.0,1.016,0.0
148192,148,1100,0.0183,0.9977,0.0,0.0,0.0,1.016,0.0
148242,148,1150,0.0183,0.9977,0.0,0.0,0.0,1.016,0.0
148292,148,1200,0.0183,0.9977,0.0,0.0,0.0,1.016,0.0
148342,148,1250,0.0183,0.9977,0.0,0.0,0.0,1.016,0.0
148392,148,1300,0.0183,0.9977,0.0,0.0,0.0,1.016,0.0
148442,148,1350,0.0183,0.9977,0.0,0.0,0.0,1.016,0.0
148492,148,1400,0.0183,0.9977,0.0,0.0,0.0,1.016,0.0
148542,148,1450,0.0183,0.9977,0.0,0.0,0.0,1.016,0.0
148592,148,1500,0.0183,0.9977,0.0,0.0,0.0,1.016,0.0
148642,148,1550,0.0183,0.9977,0.0,0.0,0.0,1.016,0.0
148692,148,1600,0.0183,0.9977,0.0,0.0,0.0,1.016,0.0
148742,148,1650,0.0183,0.9977,0.0,0.0,0.0,1.016,0.0
148792,148,1700,0.0183,0.9977,0.0,0.0,0.0,1.016,0.0
148842,148,1750,0.0183,0.9977,0.0,0.0,0.0,1.016,0.0
148892,148,1800,0.0183,0.9977,0.0,0.0,0.0,1.016,0.0
148942,148,1850,0.0183,0.9977,0.0,0.0,0.0,1.016,0.0
148992,148,1900,0.0183,0.9977,0.0,0.0,0.0,1.016,0.0
149042,148,1950,0.0183,0.9977,0.0,0.0,0.0,1.016,0.0
149092,148,2000,0.0183,0.9977,0.0,0.0,0.0,1.016,0.0
149142,149,50,0.0187,1.0,0.0,0.0,0.0,1.0187,0.0
149192,149,100,0.0183,1.0,0.0,0.0,0.0,1.0183,0.0
149242,149,150,0.0183,1.0,0.0,0.0,0.0,1.0183,0.0
149292,149,200,0.0183,1.0,0.0,0.0,0.0,1.0183,0.0
149342,149,250,0.0183,1.0,0.0,0.0,0.0,1.0183,0.0
149392,149,300,0.0183,1.0,0.0,0.0,0.0,1.0183,0.0
149442,149,350,0.0183,1.0,0.0,0.0,0.0,1.0183,0.0
149492,149,400,0.0183,1.0,0.0,0.0,0.0,1.0183,0.0
149542,149,450,0.0183,1.0,0.0,0.0,0.0,1.0183,0.0
149592,149,500,0.0183,1.0,0.0,0.0,0.0,1.0183,0.0
149642,149,550,0.0183,1.0,0.0,0.0,0.0,1.0183,0.0
149692,149,600,0.0183,1.0,0.0,0.0,0.0,1.0183,0.0
149742,149,650,0.0183,1.0,0.0,0.0,0.0,1.0183,0.0
149792,149,700,0.0183,1.0,0.0,0.0,0.0,1.0183,0.0
149842,149,750,0.0183,1.0,0.0,0.0,0.0,1.0183,0.0
149892,149,800,0.0183,1.0,0.0,0.0,0.0,1.0183,0.0
149942,149,850,0.0183,1.0,0.0,0.0,0.0,1.0183,0.0
149992,149,900,0.0183,1.0,0.0,0.0,0.0,1.0183,0.0
150042,149,950,0.0183,1.0,0.0,0.0,0.0,1.0183,0.0
150092,149,1000,0.0183,1.0,0.0,0.0,0.0,1.0183,0.0
150142,149,1050,0.0183,1.0,0.0,0.0,0.0,1.0183,0.0
150192,149,1100,0.0183,1.0,0.0,0.0,0.0,1.0183,0.0
150242,149,1150,0.0183,1.0,0.0,0.0,0.0,1.0183,0.0
150292,149,1200,0.0183,1.0,0.0,0.0,0.0,1.0183,0.0
150342,149,1250,0.0183,1.0,0.0,0.0,0.0,1.0183,0.0
150392,149,1300,0.0183,1.0,0.0,0.0,0.0,1.0183,0.0
150442,149,1350,0.0183,1.0,0.0,0.0,0.0,1.0183,0.0
150492,149,1400,0.0183,1.0,0.0,0.0,0.0,1.0183,0.0
150542,149,1450,0.0183,1.0,0.0,0.0,0.0,1.0183,0.0
150592,149,1500,0.0183,1.0,0.0,0.0,0.0,1.0183,0.0
150642,149,1550,0.0183,1.0,0.0,0.0,0.0,1.0183,0.0
150692,149,1600,0.0183,1.0,0.0,0.0,0.0,1.0183,0.0
150742,149,1650,0.0183,1.0,0.0,0.0,0.0,1.0183,0.0
150792,149,1700,0.0183,1.0,0.0,0.0,0.0,1.0183,0.0
150842,149,1750,0.0183,1.0,0.0,0.0,0.0,1.0183,0.0
150892,149,1800,0.0183,1.0,0.0,0.0,0.0,1.0183,0.0
150942,149,1850,0.0183,1.0,0.0,0.0,0.0,1.0183,0.0
150992,149,1900,0.0183,1.0,0.0,0.0,0.0,1.0183,0.0
151042,149,1950,0.0183,1.0,0.0,0.0,0.0,1.0183,0.0
151092,149,2000,0.0183,1.0,0.0,0.0,0.0,1.0183,0.0
151142,150,50,0.0187,1.0,0.0,0.0,0.0,1.0187,0.0
151192,150,100,0.0183,1.0,0.0,0.0,0.0,1.0183,0.0
151242,150,150,0.0183,1.0,0.0,0.0,0.0,1.0183,0.0
151292,150,200,0.0183,1.0,0.0,0.0,0.0,1.0183,0.0
151342,150,250,0.0183,1.0,0.0,0.0,0.0,1.0183,0.0
151392,150,300,0.0183,1.0,0.0,0.0,0.0,1.0183,0.0
151442,150,350,0.0183,1.0,0.0,0.0,0.0,1.0183,0.0
151492,150,400,0.0183,1.0,0.0,0.0,0.0,1.0183,0.0
151542,150,450,0.0183,1.0,0.0,0.0,0.0,1.0183,0.0
151592,150,500,0.0183,1.0,0.0,0.0,0.0,1.0183,0.0
151642,150,550,0.0183,1.0,0.0,0.0,0.0,1.0183,0.0
151692,150,600,0.0183,1.0,0.0,0.0,0.0,1.0183,0.0
151742,150,650,0.0183,1.0,0.0,0.0,0.0,1.0183,0.0
151792,150,700,0.0183,1.0,0.0,0.0,0.0,1.0183,0.0
151842,150,750,0.0183,1.0,0.0,0.0,0.0,1.0183,0.0
151892,150,800,0.0183,1.0,0.0,0.0,0.0,1.0183,0.0
151942,150,850,0.0183,1.0,0.0,0.0,0.0,1.0183,0.0
151992,150,900,0.0183,1.0,0.0,0.0,0.0,1.0183,0.0
152042,150,950,0.0183,1.0,0.0,0.0,0.0,1.0183,0.0
152092,150,1000,0.0183,1.0,0.0,0.0,0.0,1.0183,0.0
152142,150,1050,0.0183,1.0,0.0,0.0,0.0,1.0183,0.0
152192,150,1100,0.0183,1.0,0.0,0.0,0.0,1.0183,0.0
152242,150,1150,0.0183,1.0,0.0,0.0,0.0,1.0183,0.0
152292,150,1200,0.0183,1.0,0.0,0.0,0.0,1.0183,0.0
152342,150,1250,0.0183,1.0,0.0,0.0,0.0,1.0183,0.0
152392,150,1300,0.0183,1.0,0.0,0.0,0.0,1.0183,0.0
152442,150,1350,0.0183,1.0,0.0,0.0,0.0,1.0183,0.0
152492,150,1400,0.0183,1.0,0.0,0.0,0.0,1.0183,0.0
152542,150,1450,0.0183,1.0,0.0,0.0,0.0,1.0183,0.0
152592,150,1500,0.0183,1.0,0.0,0.0,0.0,1.0183,0.0
152642,150,1550,0.0183,1.0,0.0,0.0,0.0,1.0183,0.0
152692,150,1600,0.0183,1.0,0.0,0.0,0.0,1.0183,0.0
152742,150,1650,0.0183,1.0,0.0,0.0,0.0,1.0183,0.0
152792,150,1700,0.0183,1.0,0.0,0.0,0.0,1.0183,0.0
152842,150,1750,0.0183,1.0,0.0,0.0,0.0,1.0183,0.0
152892,150,1800,0.0183,1.0,0.0,0.0,0.0,1.0183,0.0
152942,150,1850,0.0183,1.0,0.0,0.0,0.0,1.0183,0.0
152992,150,1900,0.0183,1.0,0.0,0.0,0.0,1.0183,0.0
153042,150,1950,0.0183,1.0,0.0,0.0,0.0,1.0183,0.0
153092,150,2000,0.0183,1.0,0.0,0.0,0.0,1.0183,0.0
153142,151,50,0.0187,1.0,0.0,0.0,0.0,1.0187,0.0
153192,151,100,0.0183,1.0,0.0,0.0,0.0,1.0183,0.0
153242,151,150,0.0183,1.0,0.0,0.0,0.0,1.0183,0.0
153292,151,200,0.0183,1.0,0.0,0.0,0.0,1.0183,0.0
153342,151,250,0.0183,1.0,0.0,0.0,0.0,1.0183,0.0
153392,151,300,0.0183,1.0,0.0,0.0,0.0,1.0183,0.0
153442,151,350,0.0183,1.0,0.0,0.0,0.0,1.0183,0.0
153492,151,400,0.0183,1.0,0.0,0.0,0.0,1.0183,0.0
153542,151,450,0.0183,1.0,0.0,0.0,0.0,1.0183,0.0
153592,151,500,0.0183,1.0,0.0,0.0,0.0,1.0183,0.0
153642,151,550,0.0183,1.0,0.0,0.0,0.0,1.0183,0.0
153692,151,600,0.0183,1.0,0.0,0.0,0.0,1.0183,0.0
153742,151,650,0.0183,1.0,0.0,0.0,0.0,1.0183,0.0
153792,151,700,0.0183,1.0,0.0,0.0,0.0,1.0183,0.0
153842,151,750,0.0183,1.0,0.0,0.0,0.0,1.0183,0.0
153892,151,800,0.0183,1.0,0.0,0.0,0.0,1.0183,0.0
153942,151,850,0.0183,1.0,0.0,0.0,0.0,1.0183,0.0
153992,151,900,0.0183,1.0,0.0,0.0,0.0,1.0183,0.0
154042,151,950,0.0183,1.0,0.0,0.0,0.0,1.0183,0.0
154092,151,1000,0.0183,1.0,0.0,0.0,0.0,1.0183,0.0
154142,151,1050,0.0183,1.0,0.0,0.0,0.0,1.0183,0.0
154192,151,1100,0.0183,1.0,0.0,0.0,0.0,1.0183,0.0
154242,151,1150,0.0183,1.0,0.0,0.0,0.0,1.0183,0.0
154292,151,1200,0.0183,1.0,0.0,0.0,0.0,1.0183,0.0
154342,151,1250,0.0183,1.0,0.0,0.0,0.0,1.0183,0.0
154392,151,1300,0.0183,1.0,0.0,0.0,0.0,1.0183,0.0
154442,151,1350,0.0183,1.0,0.0,0.0,0.0,1.0183,0.0
154492,151,1400,0.0183,1.0,0.0,0.0,0.0,1.0183,0.0
154542,151,1450,0.0183,1.0,0.0,0.0,0.0,1.0183,0.0
154592,151,1500,0.0183,1.0,0.0,0.0,0.0,1.0183,0.0
154642,151,1550,0.0183,1.0,0.0,0.0,0.0,1.0183,0.0
154692,151,1600,0.0183,1.0,0.0,0.0,0.0,1.0183,0.0
154742,151,1650,0.0183,1.0,0.0,0.0,0.0,1.0183,0.0
154792,151,1700,0.0183,1.0,0.0,0.0,0.0,1.0183,0.0
154842,151,1750,0.0183,1.0,0.0,0.0,0.0,1.0183,0.0
154892,151,1800,0.0183,1.0,0.0,0.0,0.0,1.0183,0.0
154942,151,1850,0.0183,1.0,0.0,0.0,0.0,1.0183,0.0
154992,151,1900,0.0183,1.0,0.0,0.0,0.0,1.0183,0.0
155042,151,1950,0.0183,1.0,0.0,0.0,0.0,1.0183,0.0
155092,151,2000,0.0183,1.0,0.0,0.0,0.0,1.0183,0.0
155142,152,50,0.0187,1.0,0.0,0.0,0.0,1.0187,0.0
155192,152,100,0.0183,1.0,0.0,0.0,0.0,1.0183,0.0
155242,152,150,0.0183,1.0,0.0,0.0,0.0,1.0183,0.0
155292,152,200,0.0183,1.0,0.0,0.0,0.0,1.0183,0.0
155342,152,250,0.0183,1.0,0.0,0.0,0.0,1.0183,0.0
155392,152,300,0.0183,1.0,0.0,0.0,0.0,1.0183,0.0
155442,152,350,0.0183,1.0,0.0,0.0,0.0,1.0183,0.0
155492,152,400,0.0183,1.0,0.0,0.0,0.0,1.0183,0.0
155542,152,450,0.0183,1.0,0.0,0.0,0.0,1.0183,0.0
155592,152,500,0.0183,1.0,0.0,0.0,0.0,1.0183,0.0
155642,152,550,0.0183,1.0,0.0,0.0,0.0,1.0183,0.0
155692,152,600,0.0183,1.0,0.0,0.0,0.0,1.0183,0.0
155742,152,650,0.0183,1.0,0.0,0.0,0.0,1.0183,0.0
155792,152,700,0.0183,1.0,0.0,0.0,0.0,1.0183,0.0
155842,152,750,0.0183,1.0,0.0,0.0,0.0,1.0183,0.0
155892,152,800,0.0183,1.0,0.0,0.0,0.0,1.0183,0.0
155942,152,850,0.0183,1.0,0.0,0.0,0.0,1.0183,0.0
155992,152,900,0.0183,1.0,0.0,0.0,0.0,1.0183,0.0
156042,152,950,0.0183,1.0,0.0,0.0,0.0,1.0183,0.0
156092,152,1000,0.0183,1.0,0.0,0.0,0.0,1.0183,0.0
156142,152,1050,0.0183,1.0,0.0,0.0,0.0,1.0183,0.0
156192,152,1100,0.0183,1.0,0.0,0.0,0.0,1.0183,0.0
156242,152,1150,0.0183,1.0,0.0,0.0,0.0,1.0183,0.0
156292,152,1200,0.0183,1.0,0.0,0.0,0.0,1.0183,0.0
156342,152,1250,0.0183,1.0,0.0,0.0,0.0,1.0183,0.0
156392,152,1300,0.0183,1.0,0.0,0.0,0.0,1.0183,0.0
156442,152,1350,0.0183,1.0,0.0,0.0,0.0,1.0183,0.0
156492,152,1400,0.0183,1.0,0.0,0.0,0.0,1.0183,0.0
156542,152,1450,0.0183,1.0,0.0,0.0,0.0,1.0183,0.0
156592,152,1500,0.0183,1.0,0.0,0.0,0.0,1.0183,0.0
156642,152,1550,0.0183,1.0,0.0,0.0,0.0,1.0183,0.0
156692,152,1600,0.0183,1.0,0.0,0.0,0.0,1.0183,0.0
156742,152,1650,0.0183,1.0,0.0,0.0,0.0,1.0183,0.0
156792,152,1700,0.0183,1.0,0.0,0.0,0.0,1.0183,0.0
156842,152,1750,0.0183,1.0,0.0,0.0,0.0,1.0183,0.0
156892,152,1800,0.0183,1.0,0.0,0.0,0.0,1.0183,0.0
156942,152,1850,0.0183,1.0,0.0,0.0,0.0,1.0183,0.0
156992,152,1900,0.0183,1.0,0.0,0.0,0.0,1.0183,0.0
157042,152,1950,0.0183,1.0,0.0,0.0,0.0,1.0183,0.0
157092,152,2000,0.0183,1.0,0.0,0.0,0.0,1.0183,0.0
157142,153,50,0.0187,1.0,0.0,0.0,0.0,1.0187,0.0
157192,153,100,0.0183,1.0,0.0,0.0,0.0,1.0183,0.0
157242,153,150,0.0183,1.0,0.0,0.0,0.0,1.0183,0.0
157292,153,200,0.0183,1.0,0.0,0.0,0.0,1.0183,0.0
157342,153,250,0.0183,1.0,0.0,0.0,0.0,1.0183,0.0
157392,153,300,0.0183,1.0,0.0,0.0,0.0,1.0183,0.0
157442,153,350,0.0183,1.0,0.0,0.0,0.0,1.0183,0.0
157492,153,400,0.0183,1.0,0.0,0.0,0.0,1.0183,0.0
157542,153,450,0.0183,1.0,0.0,0.0,0.0,1.0183,0.0
157592,153,500,0.0183,1.0,0.0,0.0,0.0,1.0183,0.0
157642,153,550,0.0183,1.0,0.0,0.0,0.0,1.0183,0.0
157692,153,600,0.0183,1.0,0.0,0.0,0.0,1.0183,0.0
157742,153,650,0.0183,1.0,0.0,0.0,0.0,1.0183,0.0
157792,153,700,0.0183,1.0,0.0,0.0,0.0,1.0183,0.0
157842,153,750,0.0183,1.0,0.0,0.0,0.0,1.0183,0.0
157892,153,800,0.0183,1.0,0.0,0.0,0.0,1.0183,0.0
157942,153,850,0.0183,1.0,0.0,0.0,0.0,1.0183,0.0
157992,153,900,0.0183,1.0,0.0,0.0,0.0,1.0183,0.0
158042,153,950,0.0183,1.0,0.0,0.0,0.0,1.0183,0.0
158092,153,1000,0.0183,1.0,0.0,0.0,0.0,1.0183,0.0
158142,153,1050,0.0183,1.0,0.0,0.0,0.0,1.0183,0.0
158192,153,1100,0.0183,1.0,0.0,0.0,0.0,1.0183,0.0
158242,153,1150,0.0183,1.0,0.0,0.0,0.0,1.0183,0.0
158292,153,1200,0.0183,1.0,0.0,0.0,0.0,1.0183,0.0
158342,153,1250,0.0183,1.0,0.0,0.0,0.0,1.0183,0.0
158392,153,1300,0.0183,1.0,0.0,0.0,0.0,1.0183,0.0
158442,153,1350,0.0183,1.0,0.0,0.0,0.0,1.0183,0.0
158492,153,1400,0.0183,1.0,0.0,0.0,0.0,1.0183,0.0
158542,153,1450,0.0183,1.0,0.0,0.0,0.0,1.0183,0.0
158592,153,1500,0.0183,1.0,0.0,0.0,0.0,1.0183,0.0
158642,153,1550,0.0183,1.0,0.0,0.0,0.0,1.0183,0.0
158692,153,1600,0.0183,1.0,0.0,0.0,0.0,1.0183,0.0
158742,153,1650,0.0183,1.0,0.0,0.0,0.0,1.0183,0.0
158792,153,1700,0.0183,1.0,0.0,0.0,0.0,1.0183,0.0
158842,153,1750,0.0183,1.0,0.0,0.0,0.0,1.0183,0.0
158892,153,1800,0.0183,1.0,0.0,0.0,0.0,1.0183,0.0
158942,153,1850,0.0183,1.0,0.0,0.0,0.0,1.0183,0.0
158992,153,1900,0.0183,1.0,0.0,0.0,0.0,1.0183,0.0
159042,153,1950,0.0183,1.0,0.0,0.0,0.0,1.0183,0.0
159092,153,2000,0.0183,1.0,0.0,0.0,0.0,1.0183,0.0
159142,154,50,0.0187,1.0,0.0,0.0,0.0,1.0187,0.0
159192,154,100,0.0183,1.0,0.0,0.0,0.0,1.0183,0.0
159242,154,150,0.0183,1.0,0.0,0.0,0.0,1.0183,0.0
159292,154,200,0.0183,1.0,0.0,0.0,0.0,1.0183,0.0
159342,154,250,0.0183,1.0,0.0,0.0,0.0,1.0183,0.0
159392,154,300,0.0183,1.0,0.0,0.0,0.0,1.0183,0.0
159442,154,350,0.0183,1.0,0.0,0.0,0.0,1.0183,0.0
159492,154,400,0.0183,1.0,0.0,0.0,0.0,1.0183,0.0
159542,154,450,0.0183,1.0,0.0,0.0,0.0,1.0183,0.0
159592,154,500,0.0183,1.0,0.0,0.0,0.0,1.0183,0.0
159642,154,550,0.0183,1.0,0.0,0.0,0.0,1.0183,0.0
159692,154,600,0.0183,1.0,0.0,0.0,0.0,1.0183,0.0
159742,154,650,0.0183,1.0,0.0,0.0,0.0,1.0183,0.0
159792,154,700,0.0183,1.0,0.0,0.0,0.0,1.0183,0.0
159842,154,750,0.0183,1.0,0.0,0.0,0.0,1.0183,0.0
159892,154,800,0.0183,1.0,0.0,0.0,0.0,1.0183,0.0
159942,154,850,0.0183,1.0,0.0,0.0,0.0,1.0183,0.0
159992,154,900,0.0183,1.0,0.0,0.0,0.0,1.0183,0.0
160042,154,950,0.0183,1.0,0.0,0.0,0.0,1.0183,0.0
160092,154,1000,0.0183,1.0,0.0,0.0,0.0,1.0183,0.0
160142,154,1050,0.0183,1.0,0.0,0.0,0.0,1.0183,0.0
160192,154,1100,0.0183,1.0,0.0,0.0,0.0,1.0183,0.0
160242,154,1150,0.0183,1.0,0.0,0.0,0.0,1.0183,0.0
160292,154,1200,0.0183,1.0,0.0,0.0,0.0,1.0183,0.0
160342,154,1250,0.0183,1.0,0.0,0.0,0.0,1.0183,0.0
160392,154,1300,0.0183,1.0,0.0,0.0,0.0,1.0183,0.0
160442,154,1350,0.0183,1.0,0.0,0.0,0.0,1.0183,0.0
160492,154,1400,0.0183,1.0,0.0,0.0,0.0,1.0183,0.0
160542,154,1450,0.0183,1.0,0.0,0.0,0.0,1.0183,0.0
160592,154,1500,0.0183,1.0,0.0,0.0,0.0,1.0183,0.0
160642,154,1550,0.0183,1.0,0.0,0.0,0.0,1.0183,0.0
160692,154,1600,0.0183,1.0,0.0,0.0,0.0,1.0183,0.0
160742,154,1650,0.0183,1.0,0.0,0.0,0.0,1.0183,0.0
160792,154,1700,0.0183,1.0,0.0,0.0,0.0,1.0183,0.0
160842,154,1750,0.0183,1.0,0.0,0.0,0.0,1.0183,0.0
160892,154,1800,0.0183,1.0,0.0,0.0,0.0,1.0183,0.0
160942,154,1850,0.0183,1.0,0.0,0.0,0.0,1.0183,0.0
160992,154,1900,0.0183,1.0,0.0,0.0,0.0,1.0183,0.0
161042,154,1950,0.0183,1.0,0.0,0.0,0.0,1.0183,0.0
161092,154,2000,0.0183,1.0,0.0,0.0,0.0,1.0183,0.0
161142,155,50,0.0187,1.0,0.0,0.0,0.0,1.0187,0.0
161192,155,100,0.0183,1.0,0.0,0.0,0.0,1.0183,0.0
161242,155,150,0.0183,1.0,0.0,0.0,0.0,1.0183,0.0
161292,155,200,0.0183,1.0,0.0,0.0,0.0,1.0183,0.0
161342,155,250,0.0183,1.0,0.0,0.0,0.0,1.0183,0.0
161392,155,300,0.0183,1.0,0.0,0.0,0.0,1.0183,0.0
161442,155,350,0.0183,1.0,0.0,0.0,0.0,1.0183,0.0
161492,155,400,0.0183,1.0,0.0,0.0,0.0,1.0183,0.0
161542,155,450,0.0183,1.0,0.0,0.0,0.0,1.0183,0.0
161592,155,500,0.0183,1.0,0.0,0.0,0.0,1.0183,0.0
161642,155,550,0.0183,1.0,0.0,0.0,0.0,1.0183,0.0
161692,155,600,0.0183,1.0,0.0,0.0,0.0,1.0183,0.0
161742,155,650,0.0183,1.0,0.0,0.0,0.0,1.0183,0.0
161792,155,700,0.0183,1.0,0.0,0.0,0.0,1.0183,0.0
161842,155,750,0.0183,1.0,0.0,0.0,0.0,1.0183,0.0
161892,155,800,0.0183,1.0,0.0,0.0,0.0,1.0183,0.0
161942,155,850,0.0183,1.0,0.0,0.0,0.0,1.0183,0.0
161992,155,900,0.0183,1.0,0.0,0.0,0.0,1.0183,0.0
162042,155,950,0.0183,1.0,0.0,0.0,0.0,1.0183,0.0
162092,155,1000,0.0183,1.0,0.0,0.0,0.0,1.0183,0.0
162142,155,1050,0.0183,1.0,0.0,0.0,0.0,1.0183,0.0
162192,155,1100,0.0183,1.0,0.0,0.0,0.0,1.0183,0.0
162242,155,1150,0.0183,1.0,0.0,0.0,0.0,1.0183,0.0
162292,155,1200,0.0183,1.0,0.0,0.0,0.0,1.0183,0.0
162342,155,1250,0.0183,1.0,0.0,0.0,0.0,1.0183,0.0
162392,155,1300,0.0183,1.0,0.0,0.0,0.0,1.0183,0.0
162442,155,1350,0.0183,1.0,0.0,0.0,0.0,1.0183,0.0
162492,155,1400,0.0183,1.0,0.0,0.0,0.0,1.0183,0.0
162542,155,1450,0.0183,1.0,0.0,0.0,0.0,1.0183,0.0
162592,155,1500,0.0183,1.0,0.0,0.0,0.0,1.0183,0.0
162642,155,1550,0.0183,1.0,0.0,0.0,0.0,1.0183,0.0
162692,155,1600,0.0183,1.0,0.0,0.0,0.0,1.0183,0.0
162742,155,1650,0.0183,1.0,0.0,0.0,0.0,1.0183,0.0
162792,155,1700,0.0183,1.0,0.0,0.0,0.0,1.0183,0.0
162842,155,1750,0.0183,1.0,0.0,0.0,0.0,1.0183,0.0
162892,155,1800,0.0183,1.0,0.0,0.0,0.0,1.0183,0.0
162942,155,1850,0.0183,1.0,0.0,0.0,0.0,1.0183,0.0
162992,155,1900,0.0183,1.0,0.0,0.0,0.0,1.0183,0.0
163042,155,1950,0.0183,1.0,0.0,0.0,0.0,1.0183,0.0
163092,155,2000,0.0183,1.0,0.0,0.0,0.0,1.0183,0.0
163142,156,50,0.0187,1.0,0.0,0.0,0.0,1.0187,0.0
163192,156,100,0.0183,1.0,0.0,0.0,0.0,1.0183,0.0
163242,156,150,0.0183,1.0,0.0,0.0,0.0,1.0183,0.0
163292,156,200,0.0183,1.0,0.0,0.0,0.0,1.0183,0.0
163342,156,250,0.0183,1.0,0.0,0.0,0.0,1.0183,0.0
163392,156,300,0.0183,1.0,0.0,0.0,0.0,1.0183,0.0
163442,156,350,0.0183,1.0,0.0,0.0,0.0,1.0183,0.0
163492,156,400,0.0183,1.0,0.0,0.0,0.0,1.0183,0.0
163542,156,450,0.0183,1.0,0.0,0.0,0.0,1.0183,0.0
163592,156,500,0.0183,1.0,0.0,0.0,0.0,1.0183,0.0
163642,156,550,0.0183,1.0,0.0,0.0,0.0,1.0183,0.0
163692,156,600,0.0183,1.0,0.0,0.0,0.0,1.0183,0.0
163742,156,650,0.0183,1.0,0.0,0.0,0.0,1.0183,0.0
163792,156,700,0.0183,1.0,0.0,0.0,0.0,1.0183,0.0
163842,156,750,0.0183,1.0,0.0,0.0,0.0,1.0183,0.0
163892,156,800,0.0183,1.0,0.0,0.0,0.0,1.0183,0.0
163942,156,850,0.0183,1.0,0.0,0.0,0.0,1.0183,0.0
163992,156,900,0.0183,1.0,0.0,0.0,0.0,1.0183,0.0
164042,156,950,0.0183,1.0,0.0,0.0,0.0,1.0183,0.0
164092,156,1000,0.0183,1.0,0.0,0.0,0.0,1.0183,0.0
164142,156,1050,0.0183,1.0,0.0,0.0,0.0,1.0183,0.0
164192,156,1100,0.0183,1.0,0.0,0.0,0.0,1.0183,0.0
164242,156,1150,0.0183,1.0,0.0,0.0,0.0,1.0183,0.0
164292,156,1200,0.0183,1.0,0.0,0.0,0.0,1.0183,0.0
164342,156,1250,0.0183,1.0,0.0,0.0,0.0,1.0183,0.0
164392,156,1300,0.0183,1.0,0.0,0.0,0.0,1.0183,0.0
164442,156,1350,0.0183,1.0,0.0,0.0,0.0,1.0183,0.0
164492,156,1400,0.0183,1.0,0.0,0.0,0.0,1.0183,0.0
164542,156,1450,0.0183,1.0,0.0,0.0,0.0,1.0183,0.0
164592,156,1500,0.0183,1.0,0.0,0.0,0.0,1.0183,0.0
164642,156,1550,0.0183,1.0,0.0,0.0,0.0,1.0183,0.0
164692,156,1600,0.0183,1.0,0.0,0.0,0.0,1.0183,0.0
164742,156,1650,0.0183,1.0,0.0,0.0,0.0,1.0183,0.0
164792,156,1700,0.0183,1.0,0.0,0.0,0.0,1.0183,0.0
164842,156,1750,0.0183,1.0,0.0,0.0,0.0,1.0183,0.0
164892,156,1800,0.0183,1.0,0.0,0.0,0.0,1.0183,0.0
164942,156,1850,0.0183,1.0,0.0,0.0,0.0,1.0183,0.0
164992,156,1900,0.0183,1.0,0.0,0.0,0.0,1.0183,0.0
165042,156,1950,0.0183,1.0,0.0,0.0,0.0,1.0183,0.0
165092,156,2000,0.0183,1.0,0.0,0.0,0.0,1.0183,0.0
165142,157,50,0.0187,1.0,0.0,0.0,0.0,1.0187,0.0
165192,157,100,0.0183,1.0,0.0,0.0,0.0,1.0183,0.0
165242,157,150,0.0183,1.0,0.0,0.0,0.0,1.0183,0.0
165292,157,200,0.0183,1.0,0.0,0.0,0.0,1.0183,0.0
165342,157,250,0.0183,1.0,0.0,0.0,0.0,1.0183,0.0
165392,157,300,0.0183,1.0,0.0,0.0,0.0,1.0183,0.0
165442,157,350,0.0183,1.0,0.0,0.0,0.0,1.0183,0.0
165492,157,400,0.0183,1.0,0.0,0.0,0.0,1.0183,0.0
165542,157,450,0.0183,1.0,0.0,0.0,0.0,1.0183,0.0
165592,157,500,0.0183,1.0,0.0,0.0,0.0,1.0183,0.0
165642,157,550,0.0183,1.0,0.0,0.0,0.0,1.0183,0.0
165692,157,600,0.0183,1.0,0.0,0.0,0.0,1.0183,0.0
165742,157,650,0.0183,1.0,0.0,0.0,0.0,1.0183,0.0
165792,157,700,0.0183,1.0,0.0,0.0,0.0,1.0183,0.0
165842,157,750,0.0183,1.0,0.0,0.0,0.0,1.0183,0.0
165892,157,800,0.0183,1.0,0.0,0.0,0.0,1.0183,0.0
165942,157,850,0.0183,1.0,0.0,0.0,0.0,1.0183,0.0
165992,157,900,0.0183,1.0,0.0,0.0,0.0,1.0183,0.0
166042,157,950,0.0183,1.0,0.0,0.0,0.0,1.0183,0.0
166092,157,1000,0.0183,1.0,0.0,0.0,0.0,1.0183,0.0
166142,157,1050,0.0183,1.0,0.0,0.0,0.0,1.0183,0.0
166192,157,1100,0.0183,1.0,0.0,0.0,0.0,1.0183,0.0
166242,157,1150,0.0183,1.0,0.0,0.0,0.0,1.0183,0.0
166292,157,1200,0.0183,1.0,0.0,0.0,0.0,1.0183,0.0
166342,157,1250,0.0183,1.0,0.0,0.0,0.0,1.0183,0.0
166392,157,1300,0.0183,1.0,0.0,0.0,0.0,1.0183,0.0
166442,157,1350,0.0183,1.0,0.0,0.0,0.0,1.0183,0.0
166492,157,1400,0.0183,1.0,0.0,0.0,0.0,1.0183,0.0
166542,157,1450,0.0183,1.0,0.0,0.0,0.0,1.0183,0.0
166592,157,1500,0.0183,1.0,0.0,0.0,0.0,1.0183,0.0
166642,157,1550,0.0183,1.0,0.0,0.0,0.0,1.0183,0.0
166692,157,1600,0.0183,1.0,0.0,0.0,0.0,1.0183,0.0
166742,157,1650,0.0183,1.0,0.0,0.0,0.0,1.0183,0.0
166792,157,1700,0.0183,1.0,0.0,0.0,0.0,1.0183,0.0
166842,157,1750,0.0183,1.0,0.0,0.0,0.0,1.0183,0.0
166892,157,1800,0.0183,1.0,0.0,0.0,0.0,1.0183,0.0
166942,157,1850,0.0183,1.0,0.0,0.0,0.0,1.0183,0.0
166992,157,1900,0.0183,1.0,0.0,0.0,0.0,1.0183,0.0
167042,157,1950,0.0183,1.0,0.0,0.0,0.0,1.0183,0.0
167092,157,2000,0.0183,1.0,0.0,0.0,0.0,1.0183,0.0
167142,158,50,0.0187,1.0,0.0,0.0,0.0,1.0187,0.0
167192,158,100,0.0183,1.0,0.0,0.0,0.0,1.0183,0.0
167242,158,150,0.0183,1.0,0.0,0.0,0.0,1.0183,0.0
167292,158,200,0.0183,1.0,0.0,0.0,0.0,1.0183,0.0
167342,158,250,0.0183,1.0,0.0,0.0,0.0,1.0183,0.0
167392,158,300,0.0183,1.0,0.0,0.0,0.0,1.0183,0.0
167442,158,350,0.0183,1.0,0.0,0.0,0.0,1.0183,0.0
167492,158,400,0.0183,1.0,0.0,0.0,0.0,1.0183,0.0
167542,158,450,0.0183,1.0,0.0,0.0,0.0,1.0183,0.0
167592,158,500,0.0183,1.0,0.0,0.0,0.0,1.0183,0.0
167642,158,550,0.0183,1.0,0.0,0.0,0.0,1.0183,0.0
167692,158,600,0.0183,1.0,0.0,0.0,0.0,1.0183,0.0
167742,158,650,0.0183,1.0,0.0,0.0,0.0,1.0183,0.0
167792,158,700,0.0183,1.0,0.0,0.0,0.0,1.0183,0.0
167842,158,750,0.0183,1.0,0.0,0.0,0.0,1.0183,0.0
167892,158,800,0.0183,1.0,0.0,0.0,0.0,1.0183,0.0
167942,158,850,0.0183,1.0,0.0,0.0,0.0,1.0183,0.0
167992,158,900,0.0183,1.0,0.0,0.0,0.0,1.0183,0.0
168042,158,950,0.0183,1.0,0.0,0.0,0.0,1.0183,0.0
168092,158,1000,0.0183,1.0,0.0,0.0,0.0,1.0183,0.0
168142,158,1050,0.0183,1.0,0.0,0.0,0.0,1.0183,0.0
168192,158,1100,0.0183,1.0,0.0,0.0,0.0,1.0183,0.0
168242,158,1150,0.0183,1.0,0.0,0.0,0.0,1.0183,0.0
168292,158,1200,0.0183,1.0,0.0,0.0,0.0,1.0183,0.0
168342,158,1250,0.0183,1.0,0.0,0.0,0.0,1.0183,0.0
168392,158,1300,0.0183,1.0,0.0,0.0,0.0,1.0183,0.0
168442,158,1350,0.0183,1.0,0.0,0.0,0.0,1.0183,0.0
168492,158,1400,0.0183,1.0,0.0,0.0,0.0,1.0183,0.0
168542,158,1450,0.0183,1.0,0.0,0.0,0.0,1.0183,0.0
168592,158,1500,0.0183,1.0,0.0,0.0,0.0,1.0183,0.0
168642,158,1550,0.0183,1.0,0.0,0.0,0.0,1.0183,0.0
168692,158,1600,0.0183,1.0,0.0,0.0,0.0,1.0183,0.0
168742,158,1650,0.0183,1.0,0.0,0.0,0.0,1.0183,0.0
168792,158,1700,0.0183,1.0,0.0,0.0,0.0,1.0183,0.0
168842,158,1750,0.0183,1.0,0.0,0.0,0.0,1.0183,0.0
168892,158,1800,0.0183,1.0,0.0,0.0,0.0,1.0183,0.0
168942,158,1850,0.0183,1.0,0.0,0.0,0.0,1.0183,0.0
168992,158,1900,0.0183,1.0,0.0,0.0,0.0,1.0183,0.0
169042,158,1950,0.0183,1.0,0.0,0.0,0.0,1.0183,0.0
169092,158,2000,0.0183,1.0,0.0,0.0,0.0,1.0183,0.0
169142,159,50,0.0187,1.0,0.0,0.0,0.0,1.0186,0.0
169192,159,100,0.0183,1.0,0.0,0.0,0.0,1.0183,0.0
169242,159,150,0.0183,1.0,0.0,0.0,0.0,1.0183,0.0
169292,159,200,0.0183,1.0,0.0,0.0,0.0,1.0183,0.0
169342,159,250,0.0183,1.0,0.0,0.0,0.0,1.0183,0.0
169392,159,300,0.0183,1.0,0.0,0.0,0.0,1.0183,0.0
169442,159,350,0.0183,1.0,0.0,0.0,0.0,1.0183,0.0
169492,159,400,0.0183,1.0,0.0,0.0,0.0,1.0183,0.0
169542,159,450,0.0183,1.0,0.0,0.0,0.0,1.0183,0.0
169592,159,500,0.0183,1.0,0.0,0.0,0.0,1.0183,0.0
169642,159,550,0.0183,1.0,0.0,0.0,0.0,1.0183,0.0
169692,159,600,0.0183,1.0,0.0,0.0,0.0,1.0183,0.0
169742,159,650,0.0183,1.0,0.0,0.0,0.0,1.0183,0.0
169792,159,700,0.0183,1.0,0.0,0.0,0.0,1.0183,0.0
169842,159,750,0.0183,1.0,0.0,0.0,0.0,1.0183,0.0
169892,159,800,0.0183,1.0,0.0,0.0,0.0,1.0183,0.0
169942,159,850,0.0183,1.0,0.0,0.0,0.0,1.0183,0.0
169992,159,900,0.0183,1.0,0.0,0.0,0.0,1.0183,0.0
170042,159,950,0.0183,1.0,0.0,0.0,0.0,1.0183,0.0
170092,159,1000,0.0183,1.0,0.0,0.0,0.0,1.0183,0.0
170142,159,1050,0.0183,1.0,0.0,0.0,0.0,1.0183,0.0
170192,159,1100,0.0183,1.0,0.0,0.0,0.0,1.0183,0.0
170242,159,1150,0.0183,1.0,0.0,0.0,0.0,1.0183,0.0
170292,159,1200,0.0183,1.0,0.0,0.0,0.0,1.0183,0.0
170342,159,1250,0.0183,1.0,0.0,0.0,0.0,1.0183,0.0
170392,159,1300,0.0183,1.0,0.0,0.0,0.0,1.0183,0.0
170442,159,1350,0.0183,1.0,0.0,0.0,0.0,1.0183,0.0
170492,159,1400,0.0183,1.0,0.0,0.0,0.0,1.0183,0.0
170542,159,1450,0.0183,1.0,0.0,0.0,0.0,1.0183,0.0
170592,159,1500,0.0183,1.0,0.0,0.0,0.0,1.0183,0.0
170642,159,1550,0.0183,1.0,0.0,0.0,0.0,1.0183,0.0
170692,159,1600,0.0183,1.0,0.0,0.0,0.0,1.0183,0.0
170742,159,1650,0.0183,1.0,0.0,0.0,0.0,1.0183,0.0
170792,159,1700,0.0183,1.0,0.0,0.0,0.0,1.0183,0.0
170842,159,1750,0.0183,1.0,0.0,0.0,0.0,1.0183,0.0
170892,159,1800,0.0183,1.0,0.0,0.0,0.0,1.0183,0.0
170942,159,1850,0.0183,1.0,0.0,0.0,0.0,1.0183,0.0
170992,159,1900,0.0183,1.0,0.0,0.0,0.0,1.0183,0.0
171042,159,1950,0.0183,1.0,0.0,0.0,0.0,1.0183,0.0
171092,159,2000,0.0183,1.0,0.0,0.0,0.0,1.0183,0.0
171142,160,50,0.0187,1.0,0.0,0.0,0.0,1.0187,0.0
171192,160,100,0.0183,1.0,0.0,0.0,0.0,1.0183,0.0
171242,160,150,0.0183,1.0,0.0,0.0,0.0,1.0183,0.0
171292,160,200,0.0183,1.0,0.0,0.0,0.0,1.0183,0.0
171342,160,250,0.0183,1.0,0.0,0.0,0.0,1.0183,0.0
171392,160,300,0.0183,1.0,0.0,0.0,0.0,1.0183,0.0
171442,160,350,0.0183,1.0,0.0,0.0,0.0,1.0183,0.0
171492,160,400,0.0183,1.0,0.0,0.0,0.0,1.0183,0.0
171542,160,450,0.0183,1.0,0.0,0.0,0.0,1.0183,0.0
171592,160,500,0.0183,1.0,0.0,0.0,0.0,1.0183,0.0
171642,160,550,0.0183,1.0,0.0,0.0,0.0,1.0183,0.0
171692,160,600,0.0183,1.0,0.0,0.0,0.0,1.0183,0.0
171742,160,650,0.0183,1.0,0.0,0.0,0.0,1.0183,0.0
171792,160,700,0.0183,1.0,0.0,0.0,0.0,1.0183,0.0
171842,160,750,0.0183,1.0,0.0,0.0,0.0,1.0183,0.0
171892,160,800,0.0183,1.0,0.0,0.0,0.0,1.0183,0.0
171942,160,850,0.0183,1.0,0.0,0.0,0.0,1.0183,0.0
171992,160,900,0.0183,1.0,0.0,0.0,0.0,1.0183,0.0
172042,160,950,0.0183,1.0,0.0,0.0,0.0,1.0183,0.0
172092,160,1000,0.0183,1.0,0.0,0.0,0.0,1.0183,0.0
172142,160,1050,0.0183,1.0,0.0,0.0,0.0,1.0183,0.0
172192,160,1100,0.0183,1.0,0.0,0.0,0.0,1.0183,0.0
172242,160,1150,0.0183,1.0,0.0,0.0,0.0,1.0183,0.0
172292,160,1200,0.0183,1.0,0.0,0.0,0.0,1.0183,0.0
172342,160,1250,0.0183,1.0,0.0,0.0,0.0,1.0183,0.0
172392,160,1300,0.0183,1.0,0.0,0.0,0.0,1.0183,0.0
172442,160,1350,0.0183,1.0,0.0,0.0,0.0,1.0183,0.0
172492,160,1400,0.0183,1.0,0.0,0.0,0.0,1.0183,0.0
172542,160,1450,0.0183,1.0,0.0,0.0,0.0,1.0183,0.0
172592,160,1500,0.0183,1.0,0.0,0.0,0.0,1.0183,0.0
172642,160,1550,0.0183,1.0,0.0,0.0,0.0,1.0183,0.0
172692,160,1600,0.0183,1.0,0.0,0.0,0.0,1.0183,0.0
172742,160,1650,0.0183,1.0,0.0,0.0,0.0,1.0183,0.0
172792,160,1700,0.0183,1.0,0.0,0.0,0.0,1.0183,0.0
172842,160,1750,0.0183,1.0,0.0,0.0,0.0,1.0183,0.0
172892,160,1800,0.0183,1.0,0.0,0.0,0.0,1.0183,0.0
172942,160,1850,0.0183,1.0,0.0,0.0,0.0,1.0183,0.0
172992,160,1900,0.0183,1.0,0.0,0.0,0.0,1.0183,0.0
173042,160,1950,0.0183,1.0,0.0,0.0,0.0,1.0183,0.0
173092,160,2000,0.0183,1.0,0.0,0.0,0.0,1.0183,0.0
173142,161,50,0.0187,1.0,0.0,0.0,0.0,1.0187,0.0
173192,161,100,0.0183,1.0,0.0,0.0,0.0,1.0183,0.0
173242,161,150,0.0183,1.0,0.0,0.0,0.0,1.0183,0.0
173292,161,200,0.0183,1.0,0.0,0.0,0.0,1.0183,0.0
173342,161,250,0.0183,1.0,0.0,0.0,0.0,1.0183,0.0
173392,161,300,0.0183,1.0,0.0,0.0,0.0,1.0183,0.0
173442,161,350,0.0183,1.0,0.0,0.0,0.0,1.0183,0.0
173492,161,400,0.0183,1.0,0.0,0.0,0.0,1.0183,0.0
173542,161,450,0.0183,1.0,0.0,0.0,0.0,1.0183,0.0
173592,161,500,0.0183,1.0,0.0,0.0,0.0,1.0183,0.0
173642,161,550,0.0183,1.0,0.0,0.0,0.0,1.0183,0.0
173692,161,600,0.0183,1.0,0.0,0.0,0.0,1.0183,0.0
173742,161,650,0.0183,1.0,0.0,0.0,0.0,1.0183,0.0
173792,161,700,0.0183,1.0,0.0,0.0,0.0,1.0183,0.0
173842,161,750,0.0183,1.0,0.0,0.0,0.0,1.0183,0.0
173892,161,800,0.0183,1.0,0.0,0.0,0.0,1.0183,0.0
173942,161,850,0.0183,1.0,0.0,0.0,0.0,1.0183,0.0
173992,161,900,0.0183,1.0,0.0,0.0,0.0,1.0183,0.0
174042,161,950,0.0183,1.0,0.0,0.0,0.0,1.0183,0.0
174092,161,1000,0.0183,1.0,0.0,0.0,0.0,1.0183,0.0
174142,161,1050,0.0183,1.0,0.0,0.0,0.0,1.0183,0.0
174192,161,1100,0.0183,1.0,0.0,0.0,0.0,1.0183,0.0
174242,161,1150,0.0183,1.0,0.0,0.0,0.0,1.0183,0.0
174292,161,1200,0.0183,1.0,0.0,0.0,0.0,1.0183,0.0
174342,161,1250,0.0183,1.0,0.0,0.0,0.0,1.0183,0.0
174392,161,1300,0.0183,1.0,0.0,0.0,0.0,1.0183,0.0
174442,161,1350,0.0183,1.0,0.0,0.0,0.0,1.0183,0.0
174492,161,1400,0.0183,1.0,0.0,0.0,0.0,1.0183,0.0
174542,161,1450,0.0183,1.0,0.0,0.0,0.0,1.0183,0.0
174592,161,1500,0.0183,1.0,0.0,0.0,0.0,1.0183,0.0
174642,161,1550,0.0183,1.0,0.0,0.0,0.0,1.0183,0.0
174692,161,1600,0.0183,1.0,0.0,0.0,0.0,1.0183,0.0
174742,161,1650,0.0183,1.0,0.0,0.0,0.0,1.0183,0.0
174792,161,1700,0.0183,1.0,0.0,0.0,0.0,1.0183,0.0
174842,161,1750,0.0183,1.0,0.0,0.0,0.0,1.0183,0.0
174892,161,1800,0.0183,1.0,0.0,0.0,0.0,1.0183,0.0
174942,161,1850,0.0183,1.0,0.0,0.0,0.0,1.0183,0.0
174992,161,1900,0.0183,1.0,0.0,0.0,0.0,1.0183,0.0
175042,161,1950,0.0183,1.0,0.0,0.0,0.0,1.0183,0.0
175092,161,2000,0.0183,1.0,0.0,0.0,0.0,1.0183,0.0
175142,162,50,0.0187,0.9999,0.0,0.0,0.0,1.0186,0.0
175192,162,100,0.0183,0.9999,0.0,0.0,0.0,1.0182,0.0
175242,162,150,0.0183,0.9999,0.0,0.0,0.0,1.0182,0.0
175292,162,200,0.0183,0.9999,0.0,0.0,0.0,1.0182,0.0
175342,162,250,0.0183,0.9999,0.0,0.0,0.0,1.0182,0.0
175392,162,300,0.0183,0.9999,0.0,0.0,0.0,1.0182,0.0
175442,162,350,0.0183,0.9999,0.0,0.0,0.0,1.0182,0.0
175492,162,400,0.0183,0.9999,0.0,0.0,0.0,1.0182,0.0
175542,162,450,0.0183,0.9999,0.0,0.0,0.0,1.0182,0.0
175592,162,500,0.0183,0.9999,0.0,0.0,0.0,1.0182,0.0
175642,162,550,0.0183,0.9999,0.0,0.0,0.0,1.0182,0.0
175692,162,600,0.0183,0.9999,0.0,0.0,0.0,1.0182,0.0
175742,162,650,0.0183,0.9999,0.0,0.0,0.0,1.0182,0.0
175792,162,700,0.0183,0.9999,0.0,0.0,0.0,1.0182,0.0
175842,162,750,0.0183,0.9999,0.0,0.0,0.0,1.0182,0.0
175892,162,800,0.0183,0.9999,0.0,0.0,0.0,1.0182,0.0
175942,162,850,0.0183,0.9999,0.0,0.0,0.0,1.0182,0.0
175992,162,900,0.0183,0.9999,0.0,0.0,0.0,1.0182,0.0
176042,162,950,0.0183,0.9999,0.0,0.0,0.0,1.0182,0.0
176092,162,1000,0.0183,0.9999,0.0,0.0,0.0,1.0182,0.0
176142,162,1050,0.0183,0.9999,0.0,0.0,0.0,1.0182,0.0
176192,162,1100,0.0183,0.9999,0.0,0.0,0.0,1.0182,0.0
176242,162,1150,0.0183,0.9999,0.0,0.0,0.0,1.0182,0.0
176292,162,1200,0.0183,0.9999,0.0,0.0,0.0,1.0182,0.0
176342,162,1250,0.0183,0.9999,0.0,0.0,0.0,1.0182,0.0
176392,162,1300,0.0183,0.9999,0.0,0.0,0.0,1.0182,0.0
176442,162,1350,0.0183,0.9999,0.0,0.0,0.0,1.0182,0.0
176492,162,1400,0.0183,0.9999,0.0,0.0,0.0,1.0182,0.0
176542,162,1450,0.0183,0.9999,0.0,0.0,0.0,1.0182,0.0
176592,162,1500,0.0183,0.9999,0.0,0.0,0.0,1.0182,0.0
176642,162,1550,0.0183,0.9999,0.0,0.0,0.0,1.0182,0.0
176692,162,1600,0.0183,0.9999,0.0,0.0,0.0,1.0182,0.0
176742,162,1650,0.0183,0.9999,0.0,0.0,0.0,1.0182,0.0
176792,162,1700,0.0183,0.9999,0.0,0.0,0.0,1.0182,0.0
176842,162,1750,0.0183,0.9999,0.0,0.0,0.0,1.0182,0.0
176892,162,1800,0.0183,0.9999,0.0,0.0,0.0,1.0182,0.0
176942,162,1850,0.0183,0.9999,0.0,0.0,0.0,1.0182,0.0
176992,162,1900,0.0183,0.9999,0.0,0.0,0.0,1.0182,0.0
177042,162,1950,0.0183,0.9999,0.0,0.0,0.0,1.0182,0.0
177092,162,2000,0.0183,0.9999,0.0,0.0,0.0,1.0182,0.0
177142,163,50,0.0187,1.0,0.0,0.0,0.0,1.0187,0.0
177192,163,100,0.0183,1.0,0.0,0.0,0.0,1.0183,0.0
177242,163,150,0.0183,1.0,0.0,0.0,0.0,1.0183,0.0
177292,163,200,0.0183,1.0,0.0,0.0,0.0,1.0183,0.0
177342,163,250,0.0183,1.0,0.0,0.0,0.0,1.0183,0.0
177392,163,300,0.0183,1.0,0.0,0.0,0.0,1.0183,0.0
177442,163,350,0.0183,1.0,0.0,0.0,0.0,1.0183,0.0
177492,163,400,0.0183,1.0,0.0,0.0,0.0,1.0183,0.0
177542,163,450,0.0183,1.0,0.0,0.0,0.0,1.0183,0.0
177592,163,500,0.0183,1.0,0.0,0.0,0.0,1.0183,0.0
177642,163,550,0.0183,1.0,0.0,0.0,0.0,1.0183,0.0
177692,163,600,0.0183,1.0,0.0,0.0,0.0,1.0183,0.0
177742,163,650,0.0183,1.0,0.0,0.0,0.0,1.0183,0.0
177792,163,700,0.0183,1.0,0.0,0.0,0.0,1.0183,0.0
177842,163,750,0.0183,1.0,0.0,0.0,0.0,1.0183,0.0
177892,163,800,0.0183,1.0,0.0,0.0,0.0,1.0183,0.0
177942,163,850,0.0183,1.0,0.0,0.0,0.0,1.0183,0.0
177992,163,900,0.0183,1.0,0.0,0.0,0.0,1.0183,0.0
178042,163,950,0.0183,1.0,0.0,0.0,0.0,1.0183,0.0
178092,163,1000,0.0183,1.0,0.0,0.0,0.0,1.0183,0.0
178142,163,1050,0.0183,1.0,0.0,0.0,0.0,1.0183,0.0
178192,163,1100,0.0183,1.0,0.0,0.0,0.0,1.0183,0.0
178242,163,1150,0.0183,1.0,0.0,0.0,0.0,1.0183,0.0
178292,163,1200,0.0183,1.0,0.0,0.0,0.0,1.0183,0.0
178342,163,1250,0.0183,1.0,0.0,0.0,0.0,1.0183,0.0
178392,163,1300,0.0183,1.0,0.0,0.0,0.0,1.0183,0.0
178442,163,1350,0.0183,1.0,0.0,0.0,0.0,1.0183,0.0
178492,163,1400,0.0183,1.0,0.0,0.0,0.0,1.0183,0.0
178542,163,1450,0.0183,1.0,0.0,0.0,0.0,1.0183,0.0
178592,163,1500,0.0183,1.0,0.0,0.0,0.0,1.0183,0.0
178642,163,1550,0.0183,1.0,0.0,0.0,0.0,1.0183,0.0
178692,163,1600,0.0183,1.0,0.0,0.0,0.0,1.0183,0.0
178742,163,1650,0.0183,1.0,0.0,0.0,0.0,1.0183,0.0
178792,163,1700,0.0183,1.0,0.0,0.0,0.0,1.0183,0.0
178842,163,1750,0.0183,1.0,0.0,0.0,0.0,1.0183,0.0
178892,163,1800,0.0183,1.0,0.0,0.0,0.0,1.0183,0.0
178942,163,1850,0.0183,1.0,0.0,0.0,0.0,1.0183,0.0
178992,163,1900,0.0183,1.0,0.0,0.0,0.0,1.0183,0.0
179042,163,1950,0.0183,1.0,0.0,0.0,0.0,1.0183,0.0
179092,163,2000,0.0183,1.0,0.0,0.0,0.0,1.0183,0.0
179142,164,50,0.0187,1.0,0.0,0.0,0.0,1.0187,0.0
179192,164,100,0.0183,1.0,0.0,0.0,0.0,1.0183,0.0
179242,164,150,0.0183,1.0,0.0,0.0,0.0,1.0183,0.0
179292,164,200,0.0183,1.0,0.0,0.0,0.0,1.0183,0.0
179342,164,250,0.0183,1.0,0.0,0.0,0.0,1.0183,0.0
179392,164,300,0.0183,1.0,0.0,0.0,0.0,1.0183,0.0
179442,164,350,0.0183,1.0,0.0,0.0,0.0,1.0183,0.0
179492,164,400,0.0183,1.0,0.0,0.0,0.0,1.0183,0.0
179542,164,450,0.0183,1.0,0.0,0.0,0.0,1.0183,0.0
179592,164,500,0.0183,1.0,0.0,0.0,0.0,1.0183,0.0
179642,164,550,0.0183,1.0,0.0,0.0,0.0,1.0183,0.0
179692,164,600,0.0183,1.0,0.0,0.0,0.0,1.0183,0.0
179742,164,650,0.0183,1.0,0.0,0.0,0.0,1.0183,0.0
179792,164,700,0.0183,1.0,0.0,0.0,0.0,1.0183,0.0
179842,164,750,0.0183,1.0,0.0,0.0,0.0,1.0183,0.0
179892,164,800,0.0183,1.0,0.0,0.0,0.0,1.0183,0.0
179942,164,850,0.0183,1.0,0.0,0.0,0.0,1.0183,0.0
179992,164,900,0.0183,1.0,0.0,0.0,0.0,1.0183,0.0
180042,164,950,0.0183,1.0,0.0,0.0,0.0,1.0183,0.0
180092,164,1000,0.0183,1.0,0.0,0.0,0.0,1.0183,0.0
180142,164,1050,0.0183,1.0,0.0,0.0,0.0,1.0183,0.0
180192,164,1100,0.0183,1.0,0.0,0.0,0.0,1.0183,0.0
180242,164,1150,0.0183,1.0,0.0,0.0,0.0,1.0183,0.0
180292,164,1200,0.0183,1.0,0.0,0.0,0.0,1.0183,0.0
180342,164,1250,0.0183,1.0,0.0,0.0,0.0,1.0183,0.0
180392,164,1300,0.0183,1.0,0.0,0.0,0.0,1.0183,0.0
180442,164,1350,0.0183,1.0,0.0,0.0,0.0,1.0183,0.0
180492,164,1400,0.0183,1.0,0.0,0.0,0.0,1.0183,0.0
180542,164,1450,0.0183,1.0,0.0,0.0,0.0,1.0183,0.0
180592,164,1500,0.0183,1.0,0.0,0.0,0.0,1.0183,0.0
180642,164,1550,0.0183,1.0,0.0,0.0,0.0,1.0183,0.0
180692,164,1600,0.0183,1.0,0.0,0.0,0.0,1.0183,0.0
180742,164,1650,0.0183,1.0,0.0,0.0,0.0,1.0183,0.0
180792,164,1700,0.0183,1.0,0.0,0.0,0.0,1.0183,0.0
180842,164,1750,0.0183,1.0,0.0,0.0,0.0,1.0183,0.0
180892,164,1800,0.0183,1.0,0.0,0.0,0.0,1.0183,0.0
180942,164,1850,0.0183,1.0,0.0,0.0,0.0,1.0183,0.0
180992,164,1900,0.0183,1.0,0.0,0.0,0.0,1.0183,0.0
181042,164,1950,0.0183,1.0,0.0,0.0,0.0,1.0183,0.0
181092,164,2000,0.0183,1.0,0.0,0.0,0.0,1.0183,0.0
181142,165,50,0.0187,1.0,0.0,0.0,0.0,1.0187,0.0
181192,165,100,0.0183,1.0,0.0,0.0,0.0,1.0183,0.0
181242,165,150,0.0183,1.0,0.0,0.0,0.0,1.0183,0.0
181292,165,200,0.0183,1.0,0.0,0.0,0.0,1.0183,0.0
181342,165,250,0.0183,1.0,0.0,0.0,0.0,1.0183,0.0
181392,165,300,0.0183,1.0,0.0,0.0,0.0,1.0183,0.0
181442,165,350,0.0183,1.0,0.0,0.0,0.0,1.0183,0.0
181492,165,400,0.0183,1.0,0.0,0.0,0.0,1.0183,0.0
181542,165,450,0.0183,1.0,0.0,0.0,0.0,1.0183,0.0
181592,165,500,0.0183,1.0,0.0,0.0,0.0,1.0183,0.0
181642,165,550,0.0183,1.0,0.0,0.0,0.0,1.0183,0.0
181692,165,600,0.0183,1.0,0.0,0.0,0.0,1.0183,0.0
181742,165,650,0.0183,1.0,0.0,0.0,0.0,1.0183,0.0
181792,165,700,0.0183,1.0,0.0,0.0,0.0,1.0183,0.0
181842,165,750,0.0183,1.0,0.0,0.0,0.0,1.0183,0.0
181892,165,800,0.0183,1.0,0.0,0.0,0.0,1.0183,0.0
181942,165,850,0.0183,1.0,0.0,0.0,0.0,1.0183,0.0
181992,165,900,0.0183,1.0,0.0,0.0,0.0,1.0183,0.0
182042,165,950,0.0183,1.0,0.0,0.0,0.0,1.0183,0.0
182092,165,1000,0.0183,1.0,0.0,0.0,0.0,1.0183,0.0
182142,165,1050,0.0183,1.0,0.0,0.0,0.0,1.0183,0.0
182192,165,1100,0.0183,1.0,0.0,0.0,0.0,1.0183,0.0
182242,165,1150,0.0183,1.0,0.0,0.0,0.0,1.0183,0.0
182292,165,1200,0.0183,1.0,0.0,0.0,0.0,1.0183,0.0
182342,165,1250,0.0183,1.0,0.0,0.0,0.0,1.0183,0.0
182392,165,1300,0.0183,1.0,0.0,0.0,0.0,1.0183,0.0
182442,165,1350,0.0183,1.0,0.0,0.0,0.0,1.0183,0.0
182492,165,1400,0.0183,1.0,0.0,0.0,0.0,1.0183,0.0
182542,165,1450,0.0183,1.0,0.0,0.0,0.0,1.0183,0.0
182592,165,1500,0.0183,1.0,0.0,0.0,0.0,1.0183,0.0
182642,165,1550,0.0183,1.0,0.0,0.0,0.0,1.0183,0.0
182692,165,1600,0.0183,1.0,0.0,0.0,0.0,1.0183,0.0
182742,165,1650,0.0183,1.0,0.0,0.0,0.0,1.0183,0.0
182792,165,1700,0.0183,1.0,0.0,0.0,0.0,1.0183,0.0
182842,165,1750,0.0183,1.0,0.0,0.0,0.0,1.0183,0.0
182892,165,1800,0.0183,1.0,0.0,0.0,0.0,1.0183,0.0
182942,165,1850,0.0183,1.0,0.0,0.0,0.0,1.0183,0.0
182992,165,1900,0.0183,1.0,0.0,0.0,0.0,1.0183,0.0
183042,165,1950,0.0183,1.0,0.0,0.0,0.0,1.0183,0.0
183092,165,2000,0.0183,1.0,0.0,0.0,0.0,1.0183,0.0
183142,166,50,0.0187,1.0,0.0,0.0,0.0,1.0187,0.0
183192,166,100,0.0183,1.0,0.0,0.0,0.0,1.0183,0.0
183242,166,150,0.0183,1.0,0.0,0.0,0.0,1.0183,0.0
183292,166,200,0.0183,1.0,0.0,0.0,0.0,1.0183,0.0
183342,166,250,0.0183,1.0,0.0,0.0,0.0,1.0183,0.0
183392,166,300,0.0183,1.0,0.0,0.0,0.0,1.0183,0.0
183442,166,350,0.0183,1.0,0.0,0.0,0.0,1.0183,0.0
183492,166,400,0.0183,1.0,0.0,0.0,0.0,1.0183,0.0
183542,166,450,0.0183,1.0,0.0,0.0,0.0,1.0183,0.0
183592,166,500,0.0183,1.0,0.0,0.0,0.0,1.0183,0.0
183642,166,550,0.0183,1.0,0.0,0.0,0.0,1.0183,0.0
183692,166,600,0.0183,1.0,0.0,0.0,0.0,1.0183,0.0
183742,166,650,0.0183,1.0,0.0,0.0,0.0,1.0183,0.0
183792,166,700,0.0183,1.0,0.0,0.0,0.0,1.0183,0.0
183842,166,750,0.0183,1.0,0.0,0.0,0.0,1.0183,0.0
183892,166,800,0.0183,1.0,0.0,0.0,0.0,1.0183,0.0
183942,166,850,0.0183,1.0,0.0,0.0,0.0,1.0183,0.0
183992,166,900,0.0183,1.0,0.0,0.0,0.0,1.0183,0.0
184042,166,950,0.0183,1.0,0.0,0.0,0.0,1.0183,0.0
184092,166,1000,0.0183,1.0,0.0,0.0,0.0,1.0183,0.0
184142,166,1050,0.0183,1.0,0.0,0.0,0.0,1.0183,0.0
184192,166,1100,0.0183,1.0,0.0,0.0,0.0,1.0183,0.0
184242,166,1150,0.0183,1.0,0.0,0.0,0.0,1.0183,0.0
184292,166,1200,0.0183,1.0,0.0,0.0,0.0,1.0183,0.0
184342,166,1250,0.0183,1.0,0.0,0.0,0.0,1.0183,0.0
184392,166,1300,0.0183,1.0,0.0,0.0,0.0,1.0183,0.0
184442,166,1350,0.0183,1.0,0.0,0.0,0.0,1.0183,0.0
184492,166,1400,0.0183,1.0,0.0,0.0,0.0,1.0183,0.0
184542,166,1450,0.0183,1.0,0.0,0.0,0.0,1.0183,0.0
184592,166,1500,0.0183,1.0,0.0,0.0,0.0,1.0183,0.0
184642,166,1550,0.0183,1.0,0.0,0.0,0.0,1.0183,0.0
184692,166,1600,0.0183,1.0,0.0,0.0,0.0,1.0183,0.0
184742,166,1650,0.0183,1.0,0.0,0.0,0.0,1.0183,0.0
184792,166,1700,0.0183,1.0,0.0,0.0,0.0,1.0183,0.0
184842,166,1750,0.0183,1.0,0.0,0.0,0.0,1.0183,0.0
184892,166,1800,0.0183,1.0,0.0,0.0,0.0,1.0183,0.0
184942,166,1850,0.0183,1.0,0.0,0.0,0.0,1.0183,0.0
184992,166,1900,0.0183,1.0,0.0,0.0,0.0,1.0183,0.0
185042,166,1950,0.0183,1.0,0.0,0.0,0.0,1.0183,0.0
185092,166,2000,0.0183,1.0,0.0,0.0,0.0,1.0183,0.0
185142,167,50,0.0187,1.0,0.0,0.0,0.0,1.0187,0.0
185192,167,100,0.0183,1.0,0.0,0.0,0.0,1.0183,0.0
185242,167,150,0.0183,1.0,0.0,0.0,0.0,1.0183,0.0
185292,167,200,0.0183,1.0,0.0,0.0,0.0,1.0183,0.0
185342,167,250,0.0183,1.0,0.0,0.0,0.0,1.0183,0.0
185392,167,300,0.0183,1.0,0.0,0.0,0.0,1.0183,0.0
185442,167,350,0.0183,1.0,0.0,0.0,0.0,1.0183,0.0
185492,167,400,0.0183,1.0,0.0,0.0,0.0,1.0183,0.0
185542,167,450,0.0183,1.0,0.0,0.0,0.0,1.0183,0.0
185592,167,500,0.0183,1.0,0.0,0.0,0.0,1.0183,0.0
185642,167,550,0.0183,1.0,0.0,0.0,0.0,1.0183,0.0
185692,167,600,0.0183,1.0,0.0,0.0,0.0,1.0183,0.0
185742,167,650,0.0183,1.0,0.0,0.0,0.0,1.0183,0.0
185792,167,700,0.0183,1.0,0.0,0.0,0.0,1.0183,0.0
185842,167,750,0.0183,1.0,0.0,0.0,0.0,1.0183,0.0
185892,167,800,0.0183,1.0,0.0,0.0,0.0,1.0183,0.0
185942,167,850,0.0183,1.0,0.0,0.0,0.0,1.0183,0.0
185992,167,900,0.0183,1.0,0.0,0.0,0.0,1.0183,0.0
186042,167,950,0.0183,1.0,0.0,0.0,0.0,1.0183,0.0
186092,167,1000,0.0183,1.0,0.0,0.0,0.0,1.0183,0.0
186142,167,1050,0.0183,1.0,0.0,0.0,0.0,1.0183,0.0
186192,167,1100,0.0183,1.0,0.0,0.0,0.0,1.0183,0.0
186242,167,1150,0.0183,1.0,0.0,0.0,0.0,1.0183,0.0
186292,167,1200,0.0183,1.0,0.0,0.0,0.0,1.0183,0.0
186342,167,1250,0.0183,1.0,0.0,0.0,0.0,1.0183,0.0
186392,167,1300,0.0183,1.0,0.0,0.0,0.0,1.0183,0.0
186442,167,1350,0.0183,1.0,0.0,0.0,0.0,1.0183,0.0
186492,167,1400,0.0183,1.0,0.0,0.0,0.0,1.0183,0.0
186542,167,1450,0.0183,1.0,0.0,0.0,0.0,1.0183,0.0
186592,167,1500,0.0183,1.0,0.0,0.0,0.0,1.0183,0.0
186642,167,1550,0.0183,1.0,0.0,0.0,0.0,1.0183,0.0
186692,167,1600,0.0183,1.0,0.0,0.0,0.0,1.0183,0.0
186742,167,1650,0.0183,1.0,0.0,0.0,0.0,1.0183,0.0
186792,167,1700,0.0183,1.0,0.0,0.0,0.0,1.0183,0.0
186842,167,1750,0.0183,1.0,0.0,0.0,0.0,1.0183,0.0
186892,167,1800,0.0183,1.0,0.0,0.0,0.0,1.0183,0.0
186942,167,1850,0.0183,1.0,0.0,0.0,0.0,1.0183,0.0
186992,167,1900,0.0183,1.0,0.0,0.0,0.0,1.0183,0.0
187042,167,1950,0.0183,1.0,0.0,0.0,0.0,1.0183,0.0
187092,167,2000,0.0183,1.0,0.0,0.0,0.0,1.0183,0.0
187142,168,50,0.0187,1.0,0.0,0.0,0.0,1.0186,0.0
187192,168,100,0.0183,1.0,0.0,0.0,0.0,1.0183,0.0
187242,168,150,0.0183,1.0,0.0,0.0,0.0,1.0183,0.0
187292,168,200,0.0183,1.0,0.0,0.0,0.0,1.0183,0.0
187342,168,250,0.0183,1.0,0.0,0.0,0.0,1.0183,0.0
187392,168,300,0.0183,1.0,0.0,0.0,0.0,1.0183,0.0
187442,168,350,0.0183,1.0,0.0,0.0,0.0,1.0183,0.0
187492,168,400,0.0183,1.0,0.0,0.0,0.0,1.0183,0.0
187542,168,450,0.0183,1.0,0.0,0.0,0.0,1.0183,0.0
187592,168,500,0.0183,1.0,0.0,0.0,0.0,1.0183,0.0
187642,168,550,0.0183,1.0,0.0,0.0,0.0,1.0183,0.0
187692,168,600,0.0183,1.0,0.0,0.0,0.0,1.0183,0.0
187742,168,650,0.0183,1.0,0.0,0.0,0.0,1.0183,0.0
187792,168,700,0.0183,1.0,0.0,0.0,0.0,1.0183,0.0
187842,168,750,0.0183,1.0,0.0,0.0,0.0,1.0183,0.0
187892,168,800,0.0183,1.0,0.0,0.0,0.0,1.0183,0.0
187942,168,850,0.0183,1.0,0.0,0.0,0.0,1.0183,0.0
187992,168,900,0.0183,1.0,0.0,0.0,0.0,1.0183,0.0
188042,168,950,0.0183,1.0,0.0,0.0,0.0,1.0183,0.0
188092,168,1000,0.0183,1.0,0.0,0.0,0.0,1.0183,0.0
188142,168,1050,0.0183,1.0,0.0,0.0,0.0,1.0183,0.0
188192,168,1100,0.0183,1.0,0.0,0.0,0.0,1.0183,0.0
188242,168,1150,0.0183,1.0,0.0,0.0,0.0,1.0183,0.0
188292,168,1200,0.0183,1.0,0.0,0.0,0.0,1.0183,0.0
188342,168,1250,0.0183,1.0,0.0,0.0,0.0,1.0183,0.0
188392,168,1300,0.0183,1.0,0.0,0.0,0.0,1.0183,0.0
188442,168,1350,0.0183,1.0,0.0,0.0,0.0,1.0183,0.0
188492,168,1400,0.0183,1.0,0.0,0.0,0.0,1.0183,0.0
188542,168,1450,0.0183,1.0,0.0,0.0,0.0,1.0183,0.0
188592,168,1500,0.0183,1.0,0.0,0.0,0.0,1.0183,0.0
188642,168,1550,0.0183,1.0,0.0,0.0,0.0,1.0183,0.0
188692,168,1600,0.0183,1.0,0.0,0.0,0.0,1.0183,0.0
188742,168,1650,0.0183,1.0,0.0,0.0,0.0,1.0183,0.0
188792,168,1700,0.0183,1.0,0.0,0.0,0.0,1.0183,0.0
188842,168,1750,0.0183,1.0,0.0,0.0,0.0,1.0183,0.0
188892,168,1800,0.0183,1.0,0.0,0.0,0.0,1.0183,0.0
188942,168,1850,0.0183,1.0,0.0,0.0,0.0,1.0183,0.0
188992,168,1900,0.0183,1.0,0.0,0.0,0.0,1.0183,0.0
189042,168,1950,0.0183,1.0,0.0,0.0,0.0,1.0183,0.0
189092,168,2000,0.0183,1.0,0.0,0.0,0.0,1.0183,0.0
189142,169,50,0.0187,1.0,0.0,0.0,0.0,1.0187,0.0
189192,169,100,0.0183,1.0,0.0,0.0,0.0,1.0183,0.0
189242,169,150,0.0183,1.0,0.0,0.0,0.0,1.0183,0.0
189292,169,200,0.0183,1.0,0.0,0.0,0.0,1.0183,0.0
189342,169,250,0.0183,1.0,0.0,0.0,0.0,1.0183,0.0
189392,169,300,0.0183,1.0,0.0,0.0,0.0,1.0183,0.0
189442,169,350,0.0183,1.0,0.0,0.0,0.0,1.0183,0.0
189492,169,400,0.0183,1.0,0.0,0.0,0.0,1.0183,0.0
189542,169,450,0.0183,1.0,0.0,0.0,0.0,1.0183,0.0
189592,169,500,0.0183,1.0,0.0,0.0,0.0,1.0183,0.0
189642,169,550,0.0183,1.0,0.0,0.0,0.0,1.0183,0.0
189692,169,600,0.0183,1.0,0.0,0.0,0.0,1.0183,0.0
189742,169,650,0.0183,1.0,0.0,0.0,0.0,1.0183,0.0
189792,169,700,0.0183,1.0,0.0,0.0,0.0,1.0183,0.0
189842,169,750,0.0183,1.0,0.0,0.0,0.0,1.0183,0.0
189892,169,800,0.0183,1.0,0.0,0.0,0.0,1.0183,0.0
189942,169,850,0.0183,1.0,0.0,0.0,0.0,1.0183,0.0
189992,169,900,0.0183,1.0,0.0,0.0,0.0,1.0183,0.0
190042,169,950,0.0183,1.0,0.0,0.0,0.0,1.0183,0.0
190092,169,1000,0.0183,1.0,0.0,0.0,0.0,1.0183,0.0
190142,169,1050,0.0183,1.0,0.0,0.0,0.0,1.0183,0.0
190192,169,1100,0.0183,1.0,0.0,0.0,0.0,1.0183,0.0
190242,169,1150,0.0183,1.0,0.0,0.0,0.0,1.0183,0.0
190292,169,1200,0.0183,1.0,0.0,0.0,0.0,1.0183,0.0
190342,169,1250,0.0183,1.0,0.0,0.0,0.0,1.0183,0.0
190392,169,1300,0.0183,1.0,0.0,0.0,0.0,1.0183,0.0
190442,169,1350,0.0183,1.0,0.0,0.0,0.0,1.0183,0.0
190492,169,1400,0.0183,1.0,0.0,0.0,0.0,1.0183,0.0
190542,169,1450,0.0183,1.0,0.0,0.0,0.0,1.0183,0.0
190592,169,1500,0.0183,1.0,0.0,0.0,0.0,1.0183,0.0
190642,169,1550,0.0183,1.0,0.0,0.0,0.0,1.0183,0.0
190692,169,1600,0.0183,1.0,0.0,0.0,0.0,1.0183,0.0
190742,169,1650,0.0183,1.0,0.0,0.0,0.0,1.0183,0.0
190792,169,1700,0.0183,1.0,0.0,0.0,0.0,1.0183,0.0
190842,169,1750,0.0183,1.0,0.0,0.0,0.0,1.0183,0.0
190892,169,1800,0.0183,1.0,0.0,0.0,0.0,1.0183,0.0
190942,169,1850,0.0183,1.0,0.0,0.0,0.0,1.0183,0.0
190992,169,1900,0.0183,1.0,0.0,0.0,0.0,1.0183,0.0
191042,169,1950,0.0183,1.0,0.0,0.0,0.0,1.0183,0.0
191092,169,2000,0.0183,1.0,0.0,0.0,0.0,1.0183,0.0
191142,170,50,0.0187,1.0,0.0,0.0,0.0,1.0187,0.0
191192,170,100,0.0183,1.0,0.0,0.0,0.0,1.0183,0.0
191242,170,150,0.0183,1.0,0.0,0.0,0.0,1.0183,0.0
191292,170,200,0.0183,1.0,0.0,0.0,0.0,1.0183,0.0
191342,170,250,0.0183,1.0,0.0,0.0,0.0,1.0183,0.0
191392,170,300,0.0183,1.0,0.0,0.0,0.0,1.0183,0.0
191442,170,350,0.0183,1.0,0.0,0.0,0.0,1.0183,0.0
191492,170,400,0.0183,1.0,0.0,0.0,0.0,1.0183,0.0
191542,170,450,0.0183,1.0,0.0,0.0,0.0,1.0183,0.0
191592,170,500,0.0183,1.0,0.0,0.0,0.0,1.0183,0.0
191642,170,550,0.0183,1.0,0.0,0.0,0.0,1.0183,0.0
191692,170,600,0.0183,1.0,0.0,0.0,0.0,1.0183,0.0
191742,170,650,0.0183,1.0,0.0,0.0,0.0,1.0183,0.0
191792,170,700,0.0183,1.0,0.0,0.0,0.0,1.0183,0.0
191842,170,750,0.0183,1.0,0.0,0.0,0.0,1.0183,0.0
191892,170,800,0.0183,1.0,0.0,0.0,0.0,1.0183,0.0
191942,170,850,0.0183,1.0,0.0,0.0,0.0,1.0183,0.0
191992,170,900,0.0183,1.0,0.0,0.0,0.0,1.0183,0.0
192042,170,950,0.0183,1.0,0.0,0.0,0.0,1.0183,0.0
192092,170,1000,0.0183,1.0,0.0,0.0,0.0,1.0183,0.0
192142,170,1050,0.0183,1.0,0.0,0.0,0.0,1.0183,0.0
192192,170,1100,0.0183,1.0,0.0,0.0,0.0,1.0183,0.0
192242,170,1150,0.0183,1.0,0.0,0.0,0.0,1.0183,0.0
192292,170,1200,0.0183,1.0,0.0,0.0,0.0,1.0183,0.0
192342,170,1250,0.0183,1.0,0.0,0.0,0.0,1.0183,0.0
192392,170,1300,0.0183,1.0,0.0,0.0,0.0,1.0183,0.0
192442,170,1350,0.0183,1.0,0.0,0.0,0.0,1.0183,0.0
192492,170,1400,0.0183,1.0,0.0,0.0,0.0,1.0183,0.0
192542,170,1450,0.0183,1.0,0.0,0.0,0.0,1.0183,0.0
192592,170,1500,0.0183,1.0,0.0,0.0,0.0,1.0183,0.0
192642,170,1550,0.0183,1.0,0.0,0.0,0.0,1.0183,0.0
192692,170,1600,0.0183,1.0,0.0,0.0,0.0,1.0183,0.0
192742,170,1650,0.0183,1.0,0.0,0.0,0.0,1.0183,0.0
192792,170,1700,0.0183,1.0,0.0,0.0,0.0,1.0183,0.0
192842,170,1750,0.0183,1.0,0.0,0.0,0.0,1.0183,0.0
192892,170,1800,0.0183,1.0,0.0,0.0,0.0,1.0183,0.0
192942,170,1850,0.0183,1.0,0.0,0.0,0.0,1.0183,0.0
192992,170,1900,0.0183,1.0,0.0,0.0,0.0,1.0183,0.0
193042,170,1950,0.0183,1.0,0.0,0.0,0.0,1.0183,0.0
193092,170,2000,0.0183,1.0,0.0,0.0,0.0,1.0183,0.0
193142,171,50,0.0187,1.0,0.0,0.0,0.0,1.0187,0.0
193192,171,100,0.0183,1.0,0.0,0.0,0.0,1.0183,0.0
193242,171,150,0.0183,1.0,0.0,0.0,0.0,1.0183,0.0
193292,171,200,0.0183,1.0,0.0,0.0,0.0,1.0183,0.0
193342,171,250,0.0183,1.0,0.0,0.0,0.0,1.0183,0.0
193392,171,300,0.0183,1.0,0.0,0.0,0.0,1.0183,0.0
193442,171,350,0.0183,1.0,0.0,0.0,0.0,1.0183,0.0
193492,171,400,0.0183,1.0,0.0,0.0,0.0,1.0183,0.0
193542,171,450,0.0183,1.0,0.0,0.0,0.0,1.0183,0.0
193592,171,500,0.0183,1.0,0.0,0.0,0.0,1.0183,0.0
193642,171,550,0.0183,1.0,0.0,0.0,0.0,1.0183,0.0
193692,171,600,0.0183,1.0,0.0,0.0,0.0,1.0183,0.0
193742,171,650,0.0183,1.0,0.0,0.0,0.0,1.0183,0.0
193792,171,700,0.0183,1.0,0.0,0.0,0.0,1.0183,0.0
193842,171,750,0.0183,1.0,0.0,0.0,0.0,1.0183,0.0
193892,171,800,0.0183,1.0,0.0,0.0,0.0,1.0183,0.0
193942,171,850,0.0183,1.0,0.0,0.0,0.0,1.0183,0.0
193992,171,900,0.0183,1.0,0.0,0.0,0.0,1.0183,0.0
194042,171,950,0.0183,1.0,0.0,0.0,0.0,1.0183,0.0
194092,171,1000,0.0183,1.0,0.0,0.0,0.0,1.0183,0.0
194142,171,1050,0.0183,1.0,0.0,0.0,0.0,1.0183,0.0
194192,171,1100,0.0183,1.0,0.0,0.0,0.0,1.0183,0.0
194242,171,1150,0.0183,1.0,0.0,0.0,0.0,1.0183,0.0
194292,171,1200,0.0183,1.0,0.0,0.0,0.0,1.0183,0.0
194342,171,1250,0.0183,1.0,0.0,0.0,0.0,1.0183,0.0
194392,171,1300,0.0183,1.0,0.0,0.0,0.0,1.0183,0.0
194442,171,1350,0.0183,1.0,0.0,0.0,0.0,1.0183,0.0
194492,171,1400,0.0183,1.0,0.0,0.0,0.0,1.0183,0.0
194542,171,1450,0.0183,1.0,0.0,0.0,0.0,1.0183,0.0
194592,171,1500,0.0183,1.0,0.0,0.0,0.0,1.0183,0.0
194642,171,1550,0.0183,1.0,0.0,0.0,0.0,1.0183,0.0
194692,171,1600,0.0183,1.0,0.0,0.0,0.0,1.0183,0.0
194742,171,1650,0.0183,1.0,0.0,0.0,0.0,1.0183,0.0
194792,171,1700,0.0183,1.0,0.0,0.0,0.0,1.0183,0.0
194842,171,1750,0.0183,1.0,0.0,0.0,0.0,1.0183,0.0
194892,171,1800,0.0183,1.0,0.0,0.0,0.0,1.0183,0.0
194942,171,1850,0.0183,1.0,0.0,0.0,0.0,1.0183,0.0
194992,171,1900,0.0183,1.0,0.0,0.0,0.0,1.0183,0.0
195042,171,1950,0.0183,1.0,0.0,0.0,0.0,1.0183,0.0
195092,171,2000,0.0183,1.0,0.0,0.0,0.0,1.0183,0.0
195142,172,50,0.0187,1.0,0.0,0.0,0.0,1.0187,0.0
195192,172,100,0.0183,1.0,0.0,0.0,0.0,1.0183,0.0
195242,172,150,0.0183,1.0,0.0,0.0,0.0,1.0183,0.0
195292,172,200,0.0183,1.0,0.0,0.0,0.0,1.0183,0.0
195342,172,250,0.0183,1.0,0.0,0.0,0.0,1.0183,0.0
195392,172,300,0.0183,1.0,0.0,0.0,0.0,1.0183,0.0
195442,172,350,0.0183,1.0,0.0,0.0,0.0,1.0183,0.0
195492,172,400,0.0183,1.0,0.0,0.0,0.0,1.0183,0.0
195542,172,450,0.0183,1.0,0.0,0.0,0.0,1.0183,0.0
195592,172,500,0.0183,1.0,0.0,0.0,0.0,1.0183,0.0
195642,172,550,0.0183,1.0,0.0,0.0,0.0,1.0183,0.0
195692,172,600,0.0183,1.0,0.0,0.0,0.0,1.0183,0.0
195742,172,650,0.0183,1.0,0.0,0.0,0.0,1.0183,0.0
195792,172,700,0.0183,1.0,0.0,0.0,0.0,1.0183,0.0
195842,172,750,0.0183,1.0,0.0,0.0,0.0,1.0183,0.0
195892,172,800,0.0183,1.0,0.0,0.0,0.0,1.0183,0.0
195942,172,850,0.0183,1.0,0.0,0.0,0.0,1.0183,0.0
195992,172,900,0.0183,1.0,0.0,0.0,0.0,1.0183,0.0
196042,172,950,0.0183,1.0,0.0,0.0,0.0,1.0183,0.0
196092,172,1000,0.0183,1.0,0.0,0.0,0.0,1.0183,0.0
196142,172,1050,0.0183,1.0,0.0,0.0,0.0,1.0183,0.0
196192,172,1100,0.0183,1.0,0.0,0.0,0.0,1.0183,0.0
196242,172,1150,0.0183,1.0,0.0,0.0,0.0,1.0183,0.0
196292,172,1200,0.0183,1.0,0.0,0.0,0.0,1.0183,0.0
196342,172,1250,0.0183,1.0,0.0,0.0,0.0,1.0183,0.0
196392,172,1300,0.0183,1.0,0.0,0.0,0.0,1.0183,0.0
196442,172,1350,0.0183,1.0,0.0,0.0,0.0,1.0183,0.0
196492,172,1400,0.0183,1.0,0.0,0.0,0.0,1.0183,0.0
196542,172,1450,0.0183,1.0,0.0,0.0,0.0,1.0183,0.0
196592,172,1500,0.0183,1.0,0.0,0.0,0.0,1.0183,0.0
196642,172,1550,0.0183,1.0,0.0,0.0,0.0,1.0183,0.0
196692,172,1600,0.0183,1.0,0.0,0.0,0.0,1.0183,0.0
196742,172,1650,0.0183,1.0,0.0,0.0,0.0,1.0183,0.0
196792,172,1700,0.0183,1.0,0.0,0.0,0.0,1.0183,0.0
196842,172,1750,0.0183,1.0,0.0,0.0,0.0,1.0183,0.0
196892,172,1800,0.0183,1.0,0.0,0.0,0.0,1.0183,0.0
196942,172,1850,0.0183,1.0,0.0,0.0,0.0,1.0183,0.0
196992,172,1900,0.0183,1.0,0.0,0.0,0.0,1.0183,0.0
197042,172,1950,0.0183,1.0,0.0,0.0,0.0,1.0183,0.0
197092,172,2000,0.0183,1.0,0.0,0.0,0.0,1.0183,0.0
197142,173,50,0.0187,1.0,0.0,0.0,0.0,1.0187,0.0
197192,173,100,0.0183,1.0,0.0,0.0,0.0,1.0183,0.0
197242,173,150,0.0183,1.0,0.0,0.0,0.0,1.0183,0.0
197292,173,200,0.0183,1.0,0.0,0.0,0.0,1.0183,0.0
197342,173,250,0.0183,1.0,0.0,0.0,0.0,1.0183,0.0
197392,173,300,0.0183,1.0,0.0,0.0,0.0,1.0183,0.0
197442,173,350,0.0183,1.0,0.0,0.0,0.0,1.0183,0.0
197492,173,400,0.0183,1.0,0.0,0.0,0.0,1.0183,0.0
197542,173,450,0.0183,1.0,0.0,0.0,0.0,1.0183,0.0
197592,173,500,0.0183,1.0,0.0,0.0,0.0,1.0183,0.0
197642,173,550,0.0183,1.0,0.0,0.0,0.0,1.0183,0.0
197692,173,600,0.0183,1.0,0.0,0.0,0.0,1.0183,0.0
197742,173,650,0.0183,1.0,0.0,0.0,0.0,1.0183,0.0
197792,173,700,0.0183,1.0,0.0,0.0,0.0,1.0183,0.0
197842,173,750,0.0183,1.0,0.0,0.0,0.0,1.0183,0.0
197892,173,800,0.0183,1.0,0.0,0.0,0.0,1.0183,0.0
197942,173,850,0.0183,1.0,0.0,0.0,0.0,1.0183,0.0
197992,173,900,0.0183,1.0,0.0,0.0,0.0,1.0183,0.0
198042,173,950,0.0183,1.0,0.0,0.0,0.0,1.0183,0.0
198092,173,1000,0.0183,1.0,0.0,0.0,0.0,1.0183,0.0
198142,173,1050,0.0183,1.0,0.0,0.0,0.0,1.0183,0.0
198192,173,1100,0.0183,1.0,0.0,0.0,0.0,1.0183,0.0
198242,173,1150,0.0183,1.0,0.0,0.0,0.0,1.0183,0.0
198292,173,1200,0.0183,1.0,0.0,0.0,0.0,1.0183,0.0
198342,173,1250,0.0183,1.0,0.0,0.0,0.0,1.0183,0.0
198392,173,1300,0.0183,1.0,0.0,0.0,0.0,1.0183,0.0
198442,173,1350,0.0183,1.0,0.0,0.0,0.0,1.0183,0.0
198492,173,1400,0.0183,1.0,0.0,0.0,0.0,1.0183,0.0
198542,173,1450,0.0183,1.0,0.0,0.0,0.0,1.0183,0.0
198592,173,1500,0.0183,1.0,0.0,0.0,0.0,1.0183,0.0
198642,173,1550,0.0183,1.0,0.0,0.0,0.0,1.0183,0.0
198692,173,1600,0.0183,1.0,0.0,0.0,0.0,1.0183,0.0
198742,173,1650,0.0183,1.0,0.0,0.0,0.0,1.0183,0.0
198792,173,1700,0.0183,1.0,0.0,0.0,0.0,1.0183,0.0
198842,173,1750,0.0183,1.0,0.0,0.0,0.0,1.0183,0.0
198892,173,1800,0.0183,1.0,0.0,0.0,0.0,1.0183,0.0
198942,173,1850,0.0183,1.0,0.0,0.0,0.0,1.0183,0.0
198992,173,1900,0.0183,1.0,0.0,0.0,0.0,1.0183,0.0
199042,173,1950,0.0183,1.0,0.0,0.0,0.0,1.0183,0.0
199092,173,2000,0.0183,1.0,0.0,0.0,0.0,1.0183,0.0
199142,174,50,0.0187,1.0,0.0,0.0,0.0,1.0187,0.0
199192,174,100,0.0183,1.0,0.0,0.0,0.0,1.0183,0.0
199242,174,150,0.0183,1.0,0.0,0.0,0.0,1.0183,0.0
199292,174,200,0.0183,1.0,0.0,0.0,0.0,1.0183,0.0
199342,174,250,0.0183,1.0,0.0,0.0,0.0,1.0183,0.0
199392,174,300,0.0183,1.0,0.0,0.0,0.0,1.0183,0.0
199442,174,350,0.0183,1.0,0.0,0.0,0.0,1.0183,0.0
199492,174,400,0.0183,1.0,0.0,0.0,0.0,1.0183,0.0
199542,174,450,0.0183,1.0,0.0,0.0,0.0,1.0183,0.0
199592,174,500,0.0183,1.0,0.0,0.0,0.0,1.0183,0.0
199642,174,550,0.0183,1.0,0.0,0.0,0.0,1.0183,0.0
199692,174,600,0.0183,1.0,0.0,0.0,0.0,1.0183,0.0
199742,174,650,0.0183,1.0,0.0,0.0,0.0,1.0183,0.0
199792,174,700,0.0183,1.0,0.0,0.0,0.0,1.0183,0.0
199842,174,750,0.0183,1.0,0.0,0.0,0.0,1.0183,0.0
199892,174,800,0.0183,1.0,0.0,0.0,0.0,1.0183,0.0
199942,174,850,0.0183,1.0,0.0,0.0,0.0,1.0183,0.0
199992,174,900,0.0183,1.0,0.0,0.0,0.0,1.0183,0.0
200042,174,950,0.0183,1.0,0.0,0.0,0.0,1.0183,0.0
200092,174,1000,0.0183,1.0,0.0,0.0,0.0,1.0183,0.0
200142,174,1050,0.0183,1.0,0.0,0.0,0.0,1.0183,0.0
200192,174,1100,0.0183,1.0,0.0,0.0,0.0,1.0183,0.0
200242,174,1150,0.0183,1.0,0.0,0.0,0.0,1.0183,0.0
200292,174,1200,0.0183,1.0,0.0,0.0,0.0,1.0183,0.0
200342,174,1250,0.0183,1.0,0.0,0.0,0.0,1.0183,0.0
200392,174,1300,0.0183,1.0,0.0,0.0,0.0,1.0183,0.0
200442,174,1350,0.0183,1.0,0.0,0.0,0.0,1.0183,0.0
200492,174,1400,0.0183,1.0,0.0,0.0,0.0,1.0183,0.0
200542,174,1450,0.0183,1.0,0.0,0.0,0.0,1.0183,0.0
200592,174,1500,0.0183,1.0,0.0,0.0,0.0,1.0183,0.0
200642,174,1550,0.0183,1.0,0.0,0.0,0.0,1.0183,0.0
200692,174,1600,0.0183,1.0,0.0,0.0,0.0,1.0183,0.0
200742,174,1650,0.0183,1.0,0.0,0.0,0.0,1.0183,0.0
200792,174,1700,0.0183,1.0,0.0,0.0,0.0,1.0183,0.0
200842,174,1750,0.0183,1.0,0.0,0.0,0.0,1.0183,0.0
200892,174,1800,0.0183,1.0,0.0,0.0,0.0,1.0183,0.0
200942,174,1850,0.0183,1.0,0.0,0.0,0.0,1.0183,0.0
200992,174,1900,0.0183,1.0,0.0,0.0,0.0,1.0183,0.0
201042,174,1950,0.0183,1.0,0.0,0.0,0.0,1.0183,0.0
201092,174,2000,0.0183,1.0,0.0,0.0,0.0,1.0183,0.0
201142,175,50,0.0187,1.0,0.0,0.0,0.0,1.0187,0.0
201192,175,100,0.0183,1.0,0.0,0.0,0.0,1.0183,0.0
201242,175,150,0.0183,1.0,0.0,0.0,0.0,1.0183,0.0
201292,175,200,0.0183,1.0,0.0,0.0,0.0,1.0183,0.0
201342,175,250,0.0183,1.0,0.0,0.0,0.0,1.0183,0.0
201392,175,300,0.0183,1.0,0.0,0.0,0.0,1.0183,0.0
201442,175,350,0.0183,1.0,0.0,0.0,0.0,1.0183,0.0
201492,175,400,0.0183,1.0,0.0,0.0,0.0,1.0183,0.0
201542,175,450,0.0183,1.0,0.0,0.0,0.0,1.0183,0.0
201592,175,500,0.0183,1.0,0.0,0.0,0.0,1.0183,0.0
201642,175,550,0.0183,1.0,0.0,0.0,0.0,1.0183,0.0
201692,175,600,0.0183,1.0,0.0,0.0,0.0,1.0183,0.0
201742,175,650,0.0183,1.0,0.0,0.0,0.0,1.0183,0.0
201792,175,700,0.0183,1.0,0.0,0.0,0.0,1.0183,0.0
201842,175,750,0.0183,1.0,0.0,0.0,0.0,1.0183,0.0
201892,175,800,0.0183,1.0,0.0,0.0,0.0,1.0183,0.0
201942,175,850,0.0183,1.0,0.0,0.0,0.0,1.0183,0.0
201992,175,900,0.0183,1.0,0.0,0.0,0.0,1.0183,0.0
202042,175,950,0.0183,1.0,0.0,0.0,0.0,1.0183,0.0
202092,175,1000,0.0183,1.0,0.0,0.0,0.0,1.0183,0.0
202142,175,1050,0.0183,1.0,0.0,0.0,0.0,1.0183,0.0
202192,175,1100,0.0183,1.0,0.0,0.0,0.0,1.0183,0.0
202242,175,1150,0.0183,1.0,0.0,0.0,0.0,1.0183,0.0
202292,175,1200,0.0183,1.0,0.0,0.0,0.0,1.0183,0.0
202342,175,1250,0.0183,1.0,0.0,0.0,0.0,1.0183,0.0
202392,175,1300,0.0183,1.0,0.0,0.0,0.0,1.0183,0.0
202442,175,1350,0.0183,1.0,0.0,0.0,0.0,1.0183,0.0
202492,175,1400,0.0183,1.0,0.0,0.0,0.0,1.0183,0.0
202542,175,1450,0.0183,1.0,0.0,0.0,0.0,1.0183,0.0
202592,175,1500,0.0183,1.0,0.0,0.0,0.0,1.0183,0.0
202642,175,1550,0.0183,1.0,0.0,0.0,0.0,1.0183,0.0
202692,175,1600,0.0183,1.0,0.0,0.0,0.0,1.0183,0.0
202742,175,1650,0.0183,1.0,0.0,0.0,0.0,1.0183,0.0
202792,175,1700,0.0183,1.0,0.0,0.0,0.0,1.0183,0.0
202842,175,1750,0.0183,1.0,0.0,0.0,0.0,1.0183,0.0
202892,175,1800,0.0183,1.0,0.0,0.0,0.0,1.0183,0.0
202942,175,1850,0.0183,1.0,0.0,0.0,0.0,1.0183,0.0
202992,175,1900,0.0183,1.0,0.0,0.0,0.0,1.0183,0.0
203042,175,1950,0.0183,1.0,0.0,0.0,0.0,1.0183,0.0
203092,175,2000,0.0183,1.0,0.0,0.0,0.0,1.0183,0.0
203142,176,50,0.0187,1.0,0.0,0.0,0.0,1.0187,0.0
203192,176,100,0.0183,1.0,0.0,0.0,0.0,1.0183,0.0
203242,176,150,0.0183,1.0,0.0,0.0,0.0,1.0183,0.0
203292,176,200,0.0183,1.0,0.0,0.0,0.0,1.0183,0.0
203342,176,250,0.0183,1.0,0.0,0.0,0.0,1.0183,0.0
203392,176,300,0.0183,1.0,0.0,0.0,0.0,1.0183,0.0
203442,176,350,0.0183,1.0,0.0,0.0,0.0,1.0183,0.0
203492,176,400,0.0183,1.0,0.0,0.0,0.0,1.0183,0.0
203542,176,450,0.0183,1.0,0.0,0.0,0.0,1.0183,0.0
203592,176,500,0.0183,1.0,0.0,0.0,0.0,1.0183,0.0
203642,176,550,0.0183,1.0,0.0,0.0,0.0,1.0183,0.0
203692,176,600,0.0183,1.0,0.0,0.0,0.0,1.0183,0.0
203742,176,650,0.0183,1.0,0.0,0.0,0.0,1.0183,0.0
203792,176,700,0.0183,1.0,0.0,0.0,0.0,1.0183,0.0
203842,176,750,0.0183,1.0,0.0,0.0,0.0,1.0183,0.0
203892,176,800,0.0183,1.0,0.0,0.0,0.0,1.0183,0.0
203942,176,850,0.0183,1.0,0.0,0.0,0.0,1.0183,0.0
203992,176,900,0.0183,1.0,0.0,0.0,0.0,1.0183,0.0
204042,176,950,0.0183,1.0,0.0,0.0,0.0,1.0183,0.0
204092,176,1000,0.0183,1.0,0.0,0.0,0.0,1.0183,0.0
204142,176,1050,0.0183,1.0,0.0,0.0,0.0,1.0183,0.0
204192,176,1100,0.0183,1.0,0.0,0.0,0.0,1.0183,0.0
204242,176,1150,0.0183,1.0,0.0,0.0,0.0,1.0183,0.0
204292,176,1200,0.0183,1.0,0.0,0.0,0.0,1.0183,0.0
204342,176,1250,0.0183,1.0,0.0,0.0,0.0,1.0183,0.0
204392,176,1300,0.0183,1.0,0.0,0.0,0.0,1.0183,0.0
204442,176,1350,0.0183,1.0,0.0,0.0,0.0,1.0183,0.0
204492,176,1400,0.0183,1.0,0.0,0.0,0.0,1.0183,0.0
204542,176,1450,0.0183,1.0,0.0,0.0,0.0,1.0183,0.0
204592,176,1500,0.0183,1.0,0.0,0.0,0.0,1.0183,0.0
204642,176,1550,0.0183,1.0,0.0,0.0,0.0,1.0183,0.0
204692,176,1600,0.0183,1.0,0.0,0.0,0.0,1.0183,0.0
204742,176,1650,0.0183,1.0,0.0,0.0,0.0,1.0183,0.0
204792,176,1700,0.0183,1.0,0.0,0.0,0.0,1.0183,0.0
204842,176,1750,0.0183,1.0,0.0,0.0,0.0,1.0183,0.0
204892,176,1800,0.0183,1.0,0.0,0.0,0.0,1.0183,0.0
204942,176,1850,0.0183,1.0,0.0,0.0,0.0,1.0183,0.0
204992,176,1900,0.0183,1.0,0.0,0.0,0.0,1.0183,0.0
205042,176,1950,0.0183,1.0,0.0,0.0,0.0,1.0183,0.0
205092,176,2000,0.0183,1.0,0.0,0.0,0.0,1.0183,0.0
205142,177,50,0.0187,1.0,0.0,0.0,0.0,1.0187,0.0
205192,177,100,0.0183,1.0,0.0,0.0,0.0,1.0183,0.0
205242,177,150,0.0183,1.0,0.0,0.0,0.0,1.0183,0.0
205292,177,200,0.0183,1.0,0.0,0.0,0.0,1.0183,0.0
205342,177,250,0.0183,1.0,0.0,0.0,0.0,1.0183,0.0
205392,177,300,0.0183,1.0,0.0,0.0,0.0,1.0183,0.0
205442,177,350,0.0183,1.0,0.0,0.0,0.0,1.0183,0.0
205492,177,400,0.0183,1.0,0.0,0.0,0.0,1.0183,0.0
205542,177,450,0.0183,1.0,0.0,0.0,0.0,1.0183,0.0
205592,177,500,0.0183,1.0,0.0,0.0,0.0,1.0183,0.0
205642,177,550,0.0183,1.0,0.0,0.0,0.0,1.0183,0.0
205692,177,600,0.0183,1.0,0.0,0.0,0.0,1.0183,0.0
205742,177,650,0.0183,1.0,0.0,0.0,0.0,1.0183,0.0
205792,177,700,0.0183,1.0,0.0,0.0,0.0,1.0183,0.0
205842,177,750,0.0183,1.0,0.0,0.0,0.0,1.0183,0.0
205892,177,800,0.0183,1.0,0.0,0.0,0.0,1.0183,0.0
205942,177,850,0.0183,1.0,0.0,0.0,0.0,1.0183,0.0
205992,177,900,0.0183,1.0,0.0,0.0,0.0,1.0183,0.0
206042,177,950,0.0183,1.0,0.0,0.0,0.0,1.0183,0.0
206092,177,1000,0.0183,1.0,0.0,0.0,0.0,1.0183,0.0
206142,177,1050,0.0183,1.0,0.0,0.0,0.0,1.0183,0.0
206192,177,1100,0.0183,1.0,0.0,0.0,0.0,1.0183,0.0
206242,177,1150,0.0183,1.0,0.0,0.0,0.0,1.0183,0.0
206292,177,1200,0.0183,1.0,0.0,0.0,0.0,1.0183,0.0
206342,177,1250,0.0183,1.0,0.0,0.0,0.0,1.0183,0.0
206392,177,1300,0.0183,1.0,0.0,0.0,0.0,1.0183,0.0
206442,177,1350,0.0183,1.0,0.0,0.0,0.0,1.0183,0.0
206492,177,1400,0.0183,1.0,0.0,0.0,0.0,1.0183,0.0
206542,177,1450,0.0183,1.0,0.0,0.0,0.0,1.0183,0.0
206592,177,1500,0.0183,1.0,0.0,0.0,0.0,1.0183,0.0
206642,177,1550,0.0183,1.0,0.0,0.0,0.0,1.0183,0.0
206692,177,1600,0.0183,1.0,0.0,0.0,0.0,1.0183,0.0
206742,177,1650,0.0183,1.0,0.0,0.0,0.0,1.0183,0.0
206792,177,1700,0.0183,1.0,0.0,0.0,0.0,1.0183,0.0
206842,177,1750,0.0183,1.0,0.0,0.0,0.0,1.0183,0.0
206892,177,1800,0.0183,1.0,0.0,0.0,0.0,1.0183,0.0
206942,177,1850,0.0183,1.0,0.0,0.0,0.0,1.0183,0.0
206992,177,1900,0.0183,1.0,0.0,0.0,0.0,1.0183,0.0
207042,177,1950,0.0183,1.0,0.0,0.0,0.0,1.0183,0.0
207092,177,2000,0.0183,1.0,0.0,0.0,0.0,1.0183,0.0
207142,178,50,0.0187,1.0,0.0,0.0,0.0,1.0187,0.0
207192,178,100,0.0183,1.0,0.0,0.0,0.0,1.0183,0.0
207242,178,150,0.0183,1.0,0.0,0.0,0.0,1.0183,0.0
207292,178,200,0.0183,1.0,0.0,0.0,0.0,1.0183,0.0
207342,178,250,0.0183,1.0,0.0,0.0,0.0,1.0183,0.0
207392,178,300,0.0183,1.0,0.0,0.0,0.0,1.0183,0.0
207442,178,350,0.0183,1.0,0.0,0.0,0.0,1.0183,0.0
207492,178,400,0.0183,1.0,0.0,0.0,0.0,1.0183,0.0
207542,178,450,0.0183,1.0,0.0,0.0,0.0,1.0183,0.0
207592,178,500,0.0183,1.0,0.0,0.0,0.0,1.0183,0.0
207642,178,550,0.0183,1.0,0.0,0.0,0.0,1.0183,0.0
207692,178,600,0.0183,1.0,0.0,0.0,0.0,1.0183,0.0
207742,178,650,0.0183,1.0,0.0,0.0,0.0,1.0183,0.0
207792,178,700,0.0183,1.0,0.0,0.0,0.0,1.0183,0.0
207842,178,750,0.0183,1.0,0.0,0.0,0.0,1.0183,0.0
207892,178,800,0.0183,1.0,0.0,0.0,0.0,1.0183,0.0
207942,178,850,0.0183,1.0,0.0,0.0,0.0,1.0183,0.0
207992,178,900,0.0183,1.0,0.0,0.0,0.0,1.0183,0.0
208042,178,950,0.0183,1.0,0.0,0.0,0.0,1.0183,0.0
208092,178,1000,0.0183,1.0,0.0,0.0,0.0,1.0183,0.0
208142,178,1050,0.0183,1.0,0.0,0.0,0.0,1.0183,0.0
208192,178,1100,0.0183,1.0,0.0,0.0,0.0,1.0183,0.0
208242,178,1150,0.0183,1.0,0.0,0.0,0.0,1.0183,0.0
208292,178,1200,0.0183,1.0,0.0,0.0,0.0,1.0183,0.0
208342,178,1250,0.0183,1.0,0.0,0.0,0.0,1.0183,0.0
208392,178,1300,0.0183,1.0,0.0,0.0,0.0,1.0183,0.0
208442,178,1350,0.0183,1.0,0.0,0.0,0.0,1.0183,0.0
208492,178,1400,0.0183,1.0,0.0,0.0,0.0,1.0183,0.0
208542,178,1450,0.0183,1.0,0.0,0.0,0.0,1.0183,0.0
208592,178,1500,0.0183,1.0,0.0,0.0,0.0,1.0183,0.0
208642,178,1550,0.0183,1.0,0.0,0.0,0.0,1.0183,0.0
208692,178,1600,0.0183,1.0,0.0,0.0,0.0,1.0183,0.0
208742,178,1650,0.0183,1.0,0.0,0.0,0.0,1.0183,0.0
208792,178,1700,0.0183,1.0,0.0,0.0,0.0,1.0183,0.0
208842,178,1750,0.0183,1.0,0.0,0.0,0.0,1.0183,0.0
208892,178,1800,0.0183,1.0,0.0,0.0,0.0,1.0183,0.0
208942,178,1850,0.0183,1.0,0.0,0.0,0.0,1.0183,0.0
208992,178,1900,0.0183,1.0,0.0,0.0,0.0,1.0183,0.0
209042,178,1950,0.0183,1.0,0.0,0.0,0.0,1.0183,0.0
209092,178,2000,0.0183,1.0,0.0,0.0,0.0,1.0183,0.0
209142,179,50,0.0187,1.0,0.0,0.0,0.0,1.0187,0.0
209192,179,100,0.0183,1.0,0.0,0.0,0.0,1.0183,0.0
209242,179,150,0.0183,1.0,0.0,0.0,0.0,1.0183,0.0
209292,179,200,0.0183,1.0,0.0,0.0,0.0,1.0183,0.0
209342,179,250,0.0183,1.0,0.0,0.0,0.0,1.0183,0.0
209392,179,300,0.0183,1.0,0.0,0.0,0.0,1.0183,0.0
209442,179,350,0.0183,1.0,0.0,0.0,0.0,1.0183,0.0
209492,179,400,0.0183,1.0,0.0,0.0,0.0,1.0183,0.0
209542,179,450,0.0183,1.0,0.0,0.0,0.0,1.0183,0.0
209592,179,500,0.0183,1.0,0.0,0.0,0.0,1.0183,0.0
209642,179,550,0.0183,1.0,0.0,0.0,0.0,1.0183,0.0
209692,179,600,0.0183,1.0,0.0,0.0,0.0,1.0183,0.0
209742,179,650,0.0183,1.0,0.0,0.0,0.0,1.0183,0.0
209792,179,700,0.0183,1.0,0.0,0.0,0.0,1.0183,0.0
209842,179,750,0.0183,1.0,0.0,0.0,0.0,1.0183,0.0
209892,179,800,0.0183,1.0,0.0,0.0,0.0,1.0183,0.0
209942,179,850,0.0183,1.0,0.0,0.0,0.0,1.0183,0.0
209992,179,900,0.0183,1.0,0.0,0.0,0.0,1.0183,0.0
210042,179,950,0.0183,1.0,0.0,0.0,0.0,1.0183,0.0
210092,179,1000,0.0183,1.0,0.0,0.0,0.0,1.0183,0.0
210142,179,1050,0.0183,1.0,0.0,0.0,0.0,1.0183,0.0
210192,179,1100,0.0183,1.0,0.0,0.0,0.0,1.0183,0.0
210242,179,1150,0.0183,1.0,0.0,0.0,0.0,1.0183,0.0
210292,179,1200,0.0183,1.0,0.0,0.0,0.0,1.0183,0.0
210342,179,1250,0.0183,1.0,0.0,0.0,0.0,1.0183,0.0
210392,179,1300,0.0183,1.0,0.0,0.0,0.0,1.0183,0.0
210442,179,1350,0.0183,1.0,0.0,0.0,0.0,1.0183,0.0
210492,179,1400,0.0183,1.0,0.0,0.0,0.0,1.0183,0.0
210542,179,1450,0.0183,1.0,0.0,0.0,0.0,1.0183,0.0
210592,179,1500,0.0183,1.0,0.0,0.0,0.0,1.0183,0.0
210642,179,1550,0.0183,1.0,0.0,0.0,0.0,1.0183,0.0
210692,179,1600,0.0183,1.0,0.0,0.0,0.0,1.0183,0.0
210742,179,1650,0.0183,1.0,0.0,0.0,0.0,1.0183,0.0
210792,179,1700,0.0183,1.0,0.0,0.0,0.0,1.0183,0.0
210842,179,1750,0.0183,1.0,0.0,0.0,0.0,1.0183,0.0
210892,179,1800,0.0183,1.0,0.0,0.0,0.0,1.0183,0.0
210942,179,1850,0.0183,1.0,0.0,0.0,0.0,1.0183,0.0
210992,179,1900,0.0183,1.0,0.0,0.0,0.0,1.0183,0.0
211042,179,1950,0.0183,1.0,0.0,0.0,0.0,1.0183,0.0
211092,179,2000,0.0183,1.0,0.0,0.0,0.0,1.0183,0.0
211142,180,50,0.0187,1.0,0.0,0.0,0.0,1.0187,0.0
211192,180,100,0.0183,1.0,0.0,0.0,0.0,1.0183,0.0
211242,180,150,0.0183,1.0,0.0,0.0,0.0,1.0183,0.0
211292,180,200,0.0183,1.0,0.0,0.0,0.0,1.0183,0.0
211342,180,250,0.0183,1.0,0.0,0.0,0.0,1.0183,0.0
211392,180,300,0.0183,1.0,0.0,0.0,0.0,1.0183,0.0
211442,180,350,0.0183,1.0,0.0,0.0,0.0,1.0183,0.0
211492,180,400,0.0183,1.0,0.0,0.0,0.0,1.0183,0.0
211542,180,450,0.0183,1.0,0.0,0.0,0.0,1.0183,0.0
211592,180,500,0.0183,1.0,0.0,0.0,0.0,1.0183,0.0
211642,180,550,0.0183,1.0,0.0,0.0,0.0,1.0183,0.0
211692,180,600,0.0183,1.0,0.0,0.0,0.0,1.0183,0.0
211742,180,650,0.0183,1.0,0.0,0.0,0.0,1.0183,0.0
211792,180,700,0.0183,1.0,0.0,0.0,0.0,1.0183,0.0
211842,180,750,0.0183,1.0,0.0,0.0,0.0,1.0183,0.0
211892,180,800,0.0183,1.0,0.0,0.0,0.0,1.0183,0.0
211942,180,850,0.0183,1.0,0.0,0.0,0.0,1.0183,0.0
211992,180,900,0.0183,1.0,0.0,0.0,0.0,1.0183,0.0
212042,180,950,0.0183,1.0,0.0,0.0,0.0,1.0183,0.0
212092,180,1000,0.0183,1.0,0.0,0.0,0.0,1.0183,0.0
212142,180,1050,0.0183,1.0,0.0,0.0,0.0,1.0183,0.0
212192,180,1100,0.0183,1.0,0.0,0.0,0.0,1.0183,0.0
212242,180,1150,0.0183,1.0,0.0,0.0,0.0,1.0183,0.0
212292,180,1200,0.0183,1.0,0.0,0.0,0.0,1.0183,0.0
212342,180,1250,0.0183,1.0,0.0,0.0,0.0,1.0183,0.0
212392,180,1300,0.0183,1.0,0.0,0.0,0.0,1.0183,0.0
212442,180,1350,0.0183,1.0,0.0,0.0,0.0,1.0183,0.0
212492,180,1400,0.0183,1.0,0.0,0.0,0.0,1.0183,0.0
212542,180,1450,0.0183,1.0,0.0,0.0,0.0,1.0183,0.0
212592,180,1500,0.0183,1.0,0.0,0.0,0.0,1.0183,0.0
212642,180,1550,0.0183,1.0,0.0,0.0,0.0,1.0183,0.0
212692,180,1600,0.0183,1.0,0.0,0.0,0.0,1.0183,0.0
212742,180,1650,0.0183,1.0,0.0,0.0,0.0,1.0183,0.0
212792,180,1700,0.0183,1.0,0.0,0.0,0.0,1.0183,0.0
212842,180,1750,0.0183,1.0,0.0,0.0,0.0,1.0183,0.0
212892,180,1800,0.0183,1.0,0.0,0.0,0.0,1.0183,0.0
212942,180,1850,0.0183,1.0,0.0,0.0,0.0,1.0183,0.0
212992,180,1900,0.0183,1.0,0.0,0.0,0.0,1.0183,0.0
213042,180,1950,0.0183,1.0,0.0,0.0,0.0,1.0183,0.0
213092,180,2000,0.0183,1.0,0.0,0.0,0.0,1.0183,0.0
213142,181,50,0.0187,1.0,0.0,0.0,0.0,1.0187,0.0
213192,181,100,0.0183,1.0,0.0,0.0,0.0,1.0183,0.0
213242,181,150,0.0183,1.0,0.0,0.0,0.0,1.0183,0.0
213292,181,200,0.0183,1.0,0.0,0.0,0.0,1.0183,0.0
213342,181,250,0.0183,1.0,0.0,0.0,0.0,1.0183,0.0
213392,181,300,0.0183,1.0,0.0,0.0,0.0,1.0183,0.0
213442,181,350,0.0183,1.0,0.0,0.0,0.0,1.0183,0.0
213492,181,400,0.0183,1.0,0.0,0.0,0.0,1.0183,0.0
213542,181,450,0.0183,1.0,0.0,0.0,0.0,1.0183,0.0
213592,181,500,0.0183,1.0,0.0,0.0,0.0,1.0183,0.0
213642,181,550,0.0183,1.0,0.0,0.0,0.0,1.0183,0.0
213692,181,600,0.0183,1.0,0.0,0.0,0.0,1.0183,0.0
213742,181,650,0.0183,1.0,0.0,0.0,0.0,1.0183,0.0
213792,181,700,0.0183,1.0,0.0,0.0,0.0,1.0183,0.0
213842,181,750,0.0183,1.0,0.0,0.0,0.0,1.0183,0.0
213892,181,800,0.0183,1.0,0.0,0.0,0.0,1.0183,0.0
213942,181,850,0.0183,1.0,0.0,0.0,0.0,1.0183,0.0
213992,181,900,0.0183,1.0,0.0,0.0,0.0,1.0183,0.0
214042,181,950,0.0183,1.0,0.0,0.0,0.0,1.0183,0.0
214092,181,1000,0.0183,1.0,0.0,0.0,0.0,1.0183,0.0
214142,181,1050,0.0183,1.0,0.0,0.0,0.0,1.0183,0.0
214192,181,1100,0.0183,1.0,0.0,0.0,0.0,1.0183,0.0
214242,181,1150,0.0183,1.0,0.0,0.0,0.0,1.0183,0.0
214292,181,1200,0.0183,1.0,0.0,0.0,0.0,1.0183,0.0
214342,181,1250,0.0183,1.0,0.0,0.0,0.0,1.0183,0.0
214392,181,1300,0.0183,1.0,0.0,0.0,0.0,1.0183,0.0
214442,181,1350,0.0183,1.0,0.0,0.0,0.0,1.0183,0.0
214492,181,1400,0.0183,1.0,0.0,0.0,0.0,1.0183,0.0
214542,181,1450,0.0183,1.0,0.0,0.0,0.0,1.0183,0.0
214592,181,1500,0.0183,1.0,0.0,0.0,0.0,1.0183,0.0
214642,181,1550,0.0183,1.0,0.0,0.0,0.0,1.0183,0.0
214692,181,1600,0.0183,1.0,0.0,0.0,0.0,1.0183,0.0
214742,181,1650,0.0183,1.0,0.0,0.0,0.0,1.0183,0.0
214792,181,1700,0.0183,1.0,0.0,0.0,0.0,1.0183,0.0
214842,181,1750,0.0183,1.0,0.0,0.0,0.0,1.0183,0.0
214892,181,1800,0.0183,1.0,0.0,0.0,0.0,1.0183,0.0
214942,181,1850,0.0183,1.0,0.0,0.0,0.0,1.0183,0.0
214992,181,1900,0.0183,1.0,0.0,0.0,0.0,1.0183,0.0
215042,181,1950,0.0183,1.0,0.0,0.0,0.0,1.0183,0.0
215092,181,2000,0.0183,1.0,0.0,0.0,0.0,1.0183,0.0
215142,182,50,0.0187,1.0,0.0,0.0,0.0,1.0187,0.0
215192,182,100,0.0183,1.0,0.0,0.0,0.0,1.0183,0.0
215242,182,150,0.0183,1.0,0.0,0.0,0.0,1.0183,0.0
215292,182,200,0.0183,1.0,0.0,0.0,0.0,1.0183,0.0
215342,182,250,0.0183,1.0,0.0,0.0,0.0,1.0183,0.0
215392,182,300,0.0183,1.0,0.0,0.0,0.0,1.0183,0.0
215442,182,350,0.0183,1.0,0.0,0.0,0.0,1.0183,0.0
215492,182,400,0.0183,1.0,0.0,0.0,0.0,1.0183,0.0
215542,182,450,0.0183,1.0,0.0,0.0,0.0,1.0183,0.0
215592,182,500,0.0183,1.0,0.0,0.0,0.0,1.0183,0.0
215642,182,550,0.0183,1.0,0.0,0.0,0.0,1.0183,0.0
215692,182,600,0.0183,1.0,0.0,0.0,0.0,1.0183,0.0
215742,182,650,0.0183,1.0,0.0,0.0,0.0,1.0183,0.0
215792,182,700,0.0183,1.0,0.0,0.0,0.0,1.0183,0.0
215842,182,750,0.0183,1.0,0.0,0.0,0.0,1.0183,0.0
215892,182,800,0.0183,1.0,0.0,0.0,0.0,1.0183,0.0
215942,182,850,0.0183,1.0,0.0,0.0,0.0,1.0183,0.0
215992,182,900,0.0183,1.0,0.0,0.0,0.0,1.0183,0.0
216042,182,950,0.0183,1.0,0.0,0.0,0.0,1.0183,0.0
216092,182,1000,0.0183,1.0,0.0,0.0,0.0,1.0183,0.0
216142,182,1050,0.0183,1.0,0.0,0.0,0.0,1.0183,0.0
216192,182,1100,0.0183,1.0,0.0,0.0,0.0,1.0183,0.0
216242,182,1150,0.0183,1.0,0.0,0.0,0.0,1.0183,0.0
216292,182,1200,0.0183,1.0,0.0,0.0,0.0,1.0183,0.0
216342,182,1250,0.0183,1.0,0.0,0.0,0.0,1.0183,0.0
216392,182,1300,0.0183,1.0,0.0,0.0,0.0,1.0183,0.0
216442,182,1350,0.0183,1.0,0.0,0.0,0.0,1.0183,0.0
216492,182,1400,0.0183,1.0,0.0,0.0,0.0,1.0183,0.0
216542,182,1450,0.0183,1.0,0.0,0.0,0.0,1.0183,0.0
216592,182,1500,0.0183,1.0,0.0,0.0,0.0,1.0183,0.0
216642,182,1550,0.0183,1.0,0.0,0.0,0.0,1.0183,0.0
216692,182,1600,0.0183,1.0,0.0,0.0,0.0,1.0183,0.0
216742,182,1650,0.0183,1.0,0.0,0.0,0.0,1.0183,0.0
216792,182,1700,0.0183,1.0,0.0,0.0,0.0,1.0183,0.0
216842,182,1750,0.0183,1.0,0.0,0.0,0.0,1.0183,0.0
216892,182,1800,0.0183,1.0,0.0,0.0,0.0,1.0183,0.0
216942,182,1850,0.0183,1.0,0.0,0.0,0.0,1.0183,0.0
216992,182,1900,0.0183,1.0,0.0,0.0,0.0,1.0183,0.0
217042,182,1950,0.0183,1.0,0.0,0.0,0.0,1.0183,0.0
217092,182,2000,0.0183,1.0,0.0,0.0,0.0,1.0183,0.0
217142,183,50,0.0187,1.0,0.0,0.0,0.0,1.0187,0.0
217192,183,100,0.0183,1.0,0.0,0.0,0.0,1.0183,0.0
217242,183,150,0.0183,1.0,0.0,0.0,0.0,1.0183,0.0
217292,183,200,0.0183,1.0,0.0,0.0,0.0,1.0183,0.0
217342,183,250,0.0183,1.0,0.0,0.0,0.0,1.0183,0.0
217392,183,300,0.0183,1.0,0.0,0.0,0.0,1.0183,0.0
217442,183,350,0.0183,1.0,0.0,0.0,0.0,1.0183,0.0
217492,183,400,0.0183,1.0,0.0,0.0,0.0,1.0183,0.0
217542,183,450,0.0183,1.0,0.0,0.0,0.0,1.0183,0.0
217592,183,500,0.0183,1.0,0.0,0.0,0.0,1.0183,0.0
217642,183,550,0.0183,1.0,0.0,0.0,0.0,1.0183,0.0
217692,183,600,0.0183,1.0,0.0,0.0,0.0,1.0183,0.0
217742,183,650,0.0183,1.0,0.0,0.0,0.0,1.0183,0.0
217792,183,700,0.0183,1.0,0.0,0.0,0.0,1.0183,0.0
217842,183,750,0.0183,1.0,0.0,0.0,0.0,1.0183,0.0
217892,183,800,0.0183,1.0,0.0,0.0,0.0,1.0183,0.0
217942,183,850,0.0183,1.0,0.0,0.0,0.0,1.0183,0.0
217992,183,900,0.0183,1.0,0.0,0.0,0.0,1.0183,0.0
218042,183,950,0.0183,1.0,0.0,0.0,0.0,1.0183,0.0
218092,183,1000,0.0183,1.0,0.0,0.0,0.0,1.0183,0.0
218142,183,1050,0.0183,1.0,0.0,0.0,0.0,1.0183,0.0
218192,183,1100,0.0183,1.0,0.0,0.0,0.0,1.0183,0.0
218242,183,1150,0.0183,1.0,0.0,0.0,0.0,1.0183,0.0
218292,183,1200,0.0183,1.0,0.0,0.0,0.0,1.0183,0.0
218342,183,1250,0.0183,1.0,0.0,0.0,0.0,1.0183,0.0
218392,183,1300,0.0183,1.0,0.0,0.0,0.0,1.0183,0.0
218442,183,1350,0.0183,1.0,0.0,0.0,0.0,1.0183,0.0
218492,183,1400,0.0183,1.0,0.0,0.0,0.0,1.0183,0.0
218542,183,1450,0.0183,1.0,0.0,0.0,0.0,1.0183,0.0
218592,183,1500,0.0183,1.0,0.0,0.0,0.0,1.0183,0.0
218642,183,1550,0.0183,1.0,0.0,0.0,0.0,1.0183,0.0
218692,183,1600,0.0183,1.0,0.0,0.0,0.0,1.0183,0.0
218742,183,1650,0.0183,1.0,0.0,0.0,0.0,1.0183,0.0
218792,183,1700,0.0183,1.0,0.0,0.0,0.0,1.0183,0.0
218842,183,1750,0.0183,1.0,0.0,0.0,0.0,1.0183,0.0
218892,183,1800,0.0183,1.0,0.0,0.0,0.0,1.0183,0.0
218942,183,1850,0.0183,1.0,0.0,0.0,0.0,1.0183,0.0
218992,183,1900,0.0183,1.0,0.0,0.0,0.0,1.0183,0.0
219042,183,1950,0.0183,1.0,0.0,0.0,0.0,1.0183,0.0
219092,183,2000,0.0183,1.0,0.0,0.0,0.0,1.0183,0.0
219142,184,50,0.0187,1.0,0.0,0.0,0.0,1.0187,0.0
219192,184,100,0.0183,1.0,0.0,0.0,0.0,1.0183,0.0
219242,184,150,0.0183,1.0,0.0,0.0,0.0,1.0183,0.0
219292,184,200,0.0183,1.0,0.0,0.0,0.0,1.0183,0.0
219342,184,250,0.0183,1.0,0.0,0.0,0.0,1.0183,0.0
219392,184,300,0.0183,1.0,0.0,0.0,0.0,1.0183,0.0
219442,184,350,0.0183,1.0,0.0,0.0,0.0,1.0183,0.0
219492,184,400,0.0183,1.0,0.0,0.0,0.0,1.0183,0.0
219542,184,450,0.0183,1.0,0.0,0.0,0.0,1.0183,0.0
219592,184,500,0.0183,1.0,0.0,0.0,0.0,1.0183,0.0
219642,184,550,0.0183,1.0,0.0,0.0,0.0,1.0183,0.0
219692,184,600,0.0183,1.0,0.0,0.0,0.0,1.0183,0.0
219742,184,650,0.0183,1.0,0.0,0.0,0.0,1.0183,0.0
219792,184,700,0.0183,1.0,0.0,0.0,0.0,1.0183,0.0
219842,184,750,0.0183,1.0,0.0,0.0,0.0,1.0183,0.0
219892,184,800,0.0183,1.0,0.0,0.0,0.0,1.0183,0.0
219942,184,850,0.0183,1.0,0.0,0.0,0.0,1.0183,0.0
219992,184,900,0.0183,1.0,0.0,0.0,0.0,1.0183,0.0
220042,184,950,0.0183,1.0,0.0,0.0,0.0,1.0183,0.0
220092,184,1000,0.0183,1.0,0.0,0.0,0.0,1.0183,0.0
220142,184,1050,0.0183,1.0,0.0,0.0,0.0,1.0183,0.0
220192,184,1100,0.0183,1.0,0.0,0.0,0.0,1.0183,0.0
220242,184,1150,0.0183,1.0,0.0,0.0,0.0,1.0183,0.0
220292,184,1200,0.0183,1.0,0.0,0.0,0.0,1.0183,0.0
220342,184,1250,0.0183,1.0,0.0,0.0,0.0,1.0183,0.0
220392,184,1300,0.0183,1.0,0.0,0.0,0.0,1.0183,0.0
220442,184,1350,0.0183,1.0,0.0,0.0,0.0,1.0183,0.0
220492,184,1400,0.0183,1.0,0.0,0.0,0.0,1.0183,0.0
220542,184,1450,0.0183,1.0,0.0,0.0,0.0,1.0183,0.0
220592,184,1500,0.0183,1.0,0.0,0.0,0.0,1.0183,0.0
220642,184,1550,0.0183,1.0,0.0,0.0,0.0,1.0183,0.0
220692,184,1600,0.0183,1.0,0.0,0.0,0.0,1.0183,0.0
220742,184,1650,0.0183,1.0,0.0,0.0,0.0,1.0183,0.0
220792,184,1700,0.0183,1.0,0.0,0.0,0.0,1.0183,0.0
220842,184,1750,0.0183,1.0,0.0,0.0,0.0,1.0183,0.0
220892,184,1800,0.0183,1.0,0.0,0.0,0.0,1.0183,0.0
220942,184,1850,0.0183,1.0,0.0,0.0,0.0,1.0183,0.0
220992,184,1900,0.0183,1.0,0.0,0.0,0.0,1.0183,0.0
221042,184,1950,0.0183,1.0,0.0,0.0,0.0,1.0183,0.0
221092,184,2000,0.0183,1.0,0.0,0.0,0.0,1.0183,0.0
221142,185,50,0.0187,1.0,0.0,0.0,0.0,1.0187,0.0
221192,185,100,0.0183,1.0,0.0,0.0,0.0,1.0183,0.0
221242,185,150,0.0183,1.0,0.0,0.0,0.0,1.0183,0.0
221292,185,200,0.0183,1.0,0.0,0.0,0.0,1.0183,0.0
221342,185,250,0.0183,1.0,0.0,0.0,0.0,1.0183,0.0
221392,185,300,0.0183,1.0,0.0,0.0,0.0,1.0183,0.0
221442,185,350,0.0183,1.0,0.0,0.0,0.0,1.0183,0.0
221492,185,400,0.0183,1.0,0.0,0.0,0.0,1.0183,0.0
221542,185,450,0.0183,1.0,0.0,0.0,0.0,1.0183,0.0
221592,185,500,0.0183,1.0,0.0,0.0,0.0,1.0183,0.0
221642,185,550,0.0183,1.0,0.0,0.0,0.0,1.0183,0.0
221692,185,600,0.0183,1.0,0.0,0.0,0.0,1.0183,0.0
221742,185,650,0.0183,1.0,0.0,0.0,0.0,1.0183,0.0
221792,185,700,0.0183,1.0,0.0,0.0,0.0,1.0183,0.0
221842,185,750,0.0183,1.0,0.0,0.0,0.0,1.0183,0.0
221892,185,800,0.0183,1.0,0.0,0.0,0.0,1.0183,0.0
221942,185,850,0.0183,1.0,0.0,0.0,0.0,1.0183,0.0
221992,185,900,0.0183,1.0,0.0,0.0,0.0,1.0183,0.0
222042,185,950,0.0183,1.0,0.0,0.0,0.0,1.0183,0.0
222092,185,1000,0.0183,1.0,0.0,0.0,0.0,1.0183,0.0
222142,185,1050,0.0183,1.0,0.0,0.0,0.0,1.0183,0.0
222192,185,1100,0.0183,1.0,0.0,0.0,0.0,1.0183,0.0
222242,185,1150,0.0183,1.0,0.0,0.0,0.0,1.0183,0.0
222292,185,1200,0.0183,1.0,0.0,0.0,0.0,1.0183,0.0
222342,185,1250,0.0183,1.0,0.0,0.0,0.0,1.0183,0.0
222392,185,1300,0.0183,1.0,0.0,0.0,0.0,1.0183,0.0
222442,185,1350,0.0183,1.0,0.0,0.0,0.0,1.0183,0.0
222492,185,1400,0.0183,1.0,0.0,0.0,0.0,1.0183,0.0
222542,185,1450,0.0183,1.0,0.0,0.0,0.0,1.0183,0.0
222592,185,1500,0.0183,1.0,0.0,0.0,0.0,1.0183,0.0
222642,185,1550,0.0183,1.0,0.0,0.0,0.0,1.0183,0.0
222692,185,1600,0.0183,1.0,0.0,0.0,0.0,1.0183,0.0
222742,185,1650,0.0183,1.0,0.0,0.0,0.0,1.0183,0.0
222792,185,1700,0.0183,1.0,0.0,0.0,0.0,1.0183,0.0
222842,185,1750,0.0183,1.0,0.0,0.0,0.0,1.0183,0.0
222892,185,1800,0.0183,1.0,0.0,0.0,0.0,1.0183,0.0
222942,185,1850,0.0183,1.0,0.0,0.0,0.0,1.0183,0.0
222992,185,1900,0.0183,1.0,0.0,0.0,0.0,1.0183,0.0
223042,185,1950,0.0183,1.0,0.0,0.0,0.0,1.0183,0.0
223092,185,2000,0.0183,1.0,0.0,0.0,0.0,1.0183,0.0
223142,186,50,0.0187,1.0,0.0,0.0,0.0,1.0187,0.0
223192,186,100,0.0183,1.0,0.0,0.0,0.0,1.0183,0.0
223242,186,150,0.0183,1.0,0.0,0.0,0.0,1.0183,0.0
223292,186,200,0.0183,1.0,0.0,0.0,0.0,1.0183,0.0
223342,186,250,0.0183,1.0,0.0,0.0,0.0,1.0183,0.0
223392,186,300,0.0183,1.0,0.0,0.0,0.0,1.0183,0.0
223442,186,350,0.0183,1.0,0.0,0.0,0.0,1.0183,0.0
223492,186,400,0.0183,1.0,0.0,0.0,0.0,1.0183,0.0
223542,186,450,0.0183,1.0,0.0,0.0,0.0,1.0183,0.0
223592,186,500,0.0183,1.0,0.0,0.0,0.0,1.0183,0.0
223642,186,550,0.0183,1.0,0.0,0.0,0.0,1.0183,0.0
223692,186,600,0.0183,1.0,0.0,0.0,0.0,1.0183,0.0
223742,186,650,0.0183,1.0,0.0,0.0,0.0,1.0183,0.0
223792,186,700,0.0183,1.0,0.0,0.0,0.0,1.0183,0.0
223842,186,750,0.0183,1.0,0.0,0.0,0.0,1.0183,0.0
223892,186,800,0.0183,1.0,0.0,0.0,0.0,1.0183,0.0
223942,186,850,0.0183,1.0,0.0,0.0,0.0,1.0183,0.0
223992,186,900,0.0183,1.0,0.0,0.0,0.0,1.0183,0.0
224042,186,950,0.0183,1.0,0.0,0.0,0.0,1.0183,0.0
224092,186,1000,0.0183,1.0,0.0,0.0,0.0,1.0183,0.0
224142,186,1050,0.0183,1.0,0.0,0.0,0.0,1.0183,0.0
224192,186,1100,0.0183,1.0,0.0,0.0,0.0,1.0183,0.0
224242,186,1150,0.0183,1.0,0.0,0.0,0.0,1.0183,0.0
224292,186,1200,0.0183,1.0,0.0,0.0,0.0,1.0183,0.0
224342,186,1250,0.0183,1.0,0.0,0.0,0.0,1.0183,0.0
224392,186,1300,0.0183,1.0,0.0,0.0,0.0,1.0183,0.0
224442,186,1350,0.0183,1.0,0.0,0.0,0.0,1.0183,0.0
224492,186,1400,0.0183,1.0,0.0,0.0,0.0,1.0183,0.0
224542,186,1450,0.0183,1.0,0.0,0.0,0.0,1.0183,0.0
224592,186,1500,0.0183,1.0,0.0,0.0,0.0,1.0183,0.0
224642,186,1550,0.0183,1.0,0.0,0.0,0.0,1.0183,0.0
224692,186,1600,0.0183,1.0,0.0,0.0,0.0,1.0183,0.0
224742,186,1650,0.0183,1.0,0.0,0.0,0.0,1.0183,0.0
224792,186,1700,0.0183,1.0,0.0,0.0,0.0,1.0183,0.0
224842,186,1750,0.0183,1.0,0.0,0.0,0.0,1.0183,0.0
224892,186,1800,0.0183,1.0,0.0,0.0,0.0,1.0183,0.0
224942,186,1850,0.0183,1.0,0.0,0.0,0.0,1.0183,0.0
224992,186,1900,0.0183,1.0,0.0,0.0,0.0,1.0183,0.0
225042,186,1950,0.0183,1.0,0.0,0.0,0.0,1.0183,0.0
225092,186,2000,0.0183,1.0,0.0,0.0,0.0,1.0183,0.0
225142,187,50,0.0187,1.0,0.0,0.0,0.0,1.0187,0.0
225192,187,100,0.0183,1.0,0.0,0.0,0.0,1.0183,0.0
225242,187,150,0.0183,1.0,0.0,0.0,0.0,1.0183,0.0
225292,187,200,0.0183,1.0,0.0,0.0,0.0,1.0183,0.0
225342,187,250,0.0183,1.0,0.0,0.0,0.0,1.0183,0.0
225392,187,300,0.0183,1.0,0.0,0.0,0.0,1.0183,0.0
225442,187,350,0.0183,1.0,0.0,0.0,0.0,1.0183,0.0
225492,187,400,0.0183,1.0,0.0,0.0,0.0,1.0183,0.0
225542,187,450,0.0183,1.0,0.0,0.0,0.0,1.0183,0.0
225592,187,500,0.0183,1.0,0.0,0.0,0.0,1.0183,0.0
225642,187,550,0.0183,1.0,0.0,0.0,0.0,1.0183,0.0
225692,187,600,0.0183,1.0,0.0,0.0,0.0,1.0183,0.0
225742,187,650,0.0183,1.0,0.0,0.0,0.0,1.0183,0.0
225792,187,700,0.0183,1.0,0.0,0.0,0.0,1.0183,0.0
225842,187,750,0.0183,1.0,0.0,0.0,0.0,1.0183,0.0
225892,187,800,0.0183,1.0,0.0,0.0,0.0,1.0183,0.0
225942,187,850,0.0183,1.0,0.0,0.0,0.0,1.0183,0.0
225992,187,900,0.0183,1.0,0.0,0.0,0.0,1.0183,0.0
226042,187,950,0.0183,1.0,0.0,0.0,0.0,1.0183,0.0
226092,187,1000,0.0183,1.0,0.0,0.0,0.0,1.0183,0.0
226142,187,1050,0.0183,1.0,0.0,0.0,0.0,1.0183,0.0
226192,187,1100,0.0183,1.0,0.0,0.0,0.0,1.0183,0.0
226242,187,1150,0.0183,1.0,0.0,0.0,0.0,1.0183,0.0
226292,187,1200,0.0183,1.0,0.0,0.0,0.0,1.0183,0.0
226342,187,1250,0.0183,1.0,0.0,0.0,0.0,1.0183,0.0
226392,187,1300,0.0183,1.0,0.0,0.0,0.0,1.0183,0.0
226442,187,1350,0.0183,1.0,0.0,0.0,0.0,1.0183,0.0
226492,187,1400,0.0183,1.0,0.0,0.0,0.0,1.0183,0.0
226542,187,1450,0.0183,1.0,0.0,0.0,0.0,1.0183,0.0
226592,187,1500,0.0183,1.0,0.0,0.0,0.0,1.0183,0.0
226642,187,1550,0.0183,1.0,0.0,0.0,0.0,1.0183,0.0
226692,187,1600,0.0183,1.0,0.0,0.0,0.0,1.0183,0.0
226742,187,1650,0.0183,1.0,0.0,0.0,0.0,1.0183,0.0
226792,187,1700,0.0183,1.0,0.0,0.0,0.0,1.0183,0.0
226842,187,1750,0.0183,1.0,0.0,0.0,0.0,1.0183,0.0
226892,187,1800,0.0183,1.0,0.0,0.0,0.0,1.0183,0.0
226942,187,1850,0.0183,1.0,0.0,0.0,0.0,1.0183,0.0
226992,187,1900,0.0183,1.0,0.0,0.0,0.0,1.0183,0.0
227042,187,1950,0.0183,1.0,0.0,0.0,0.0,1.0183,0.0
227092,187,2000,0.0183,1.0,0.0,0.0,0.0,1.0183,0.0
227142,188,50,0.0187,1.0,0.0,0.0,0.0,1.0187,0.0
227192,188,100,0.0183,1.0,0.0,0.0,0.0,1.0183,0.0
227242,188,150,0.0183,1.0,0.0,0.0,0.0,1.0183,0.0
227292,188,200,0.0183,1.0,0.0,0.0,0.0,1.0183,0.0
227342,188,250,0.0183,1.0,0.0,0.0,0.0,1.0183,0.0
227392,188,300,0.0183,1.0,0.0,0.0,0.0,1.0183,0.0
227442,188,350,0.0183,1.0,0.0,0.0,0.0,1.0183,0.0
227492,188,400,0.0183,1.0,0.0,0.0,0.0,1.0183,0.0
227542,188,450,0.0183,1.0,0.0,0.0,0.0,1.0183,0.0
227592,188,500,0.0183,1.0,0.0,0.0,0.0,1.0183,0.0
227642,188,550,0.0183,1.0,0.0,0.0,0.0,1.0183,0.0
227692,188,600,0.0183,1.0,0.0,0.0,0.0,1.0183,0.0
227742,188,650,0.0183,1.0,0.0,0.0,0.0,1.0183,0.0
227792,188,700,0.0183,1.0,0.0,0.0,0.0,1.0183,0.0
227842,188,750,0.0183,1.0,0.0,0.0,0.0,1.0183,0.0
227892,188,800,0.0183,1.0,0.0,0.0,0.0,1.0183,0.0
227942,188,850,0.0183,1.0,0.0,0.0,0.0,1.0183,0.0
227992,188,900,0.0183,1.0,0.0,0.0,0.0,1.0183,0.0
228042,188,950,0.0183,1.0,0.0,0.0,0.0,1.0183,0.0
228092,188,1000,0.0183,1.0,0.0,0.0,0.0,1.0183,0.0
228142,188,1050,0.0183,1.0,0.0,0.0,0.0,1.0183,0.0
228192,188,1100,0.0183,1.0,0.0,0.0,0.0,1.0183,0.0
228242,188,1150,0.0183,1.0,0.0,0.0,0.0,1.0183,0.0
228292,188,1200,0.0183,1.0,0.0,0.0,0.0,1.0183,0.0
228342,188,1250,0.0183,1.0,0.0,0.0,0.0,1.0183,0.0
228392,188,1300,0.0183,1.0,0.0,0.0,0.0,1.0183,0.0
228442,188,1350,0.0183,1.0,0.0,0.0,0.0,1.0183,0.0
228492,188,1400,0.0183,1.0,0.0,0.0,0.0,1.0183,0.0
228542,188,1450,0.0183,1.0,0.0,0.0,0.0,1.0183,0.0
228592,188,1500,0.0183,1.0,0.0,0.0,0.0,1.0183,0.0
228642,188,1550,0.0183,1.0,0.0,0.0,0.0,1.0183,0.0
228692,188,1600,0.0183,1.0,0.0,0.0,0.0,1.0183,0.0
228742,188,1650,0.0183,1.0,0.0,0.0,0.0,1.0183,0.0
228792,188,1700,0.0183,1.0,0.0,0.0,0.0,1.0183,0.0
228842,188,1750,0.0183,1.0,0.0,0.0,0.0,1.0183,0.0
228892,188,1800,0.0183,1.0,0.0,0.0,0.0,1.0183,0.0
228942,188,1850,0.0183,1.0,0.0,0.0,0.0,1.0183,0.0
228992,188,1900,0.0183,1.0,0.0,0.0,0.0,1.0183,0.0
229042,188,1950,0.0183,1.0,0.0,0.0,0.0,1.0183,0.0
229092,188,2000,0.0183,1.0,0.0,0.0,0.0,1.0183,0.0
229142,189,50,0.0187,1.0,0.0,0.0,0.0,1.0187,0.0
229192,189,100,0.0183,1.0,0.0,0.0,0.0,1.0183,0.0
229242,189,150,0.0183,1.0,0.0,0.0,0.0,1.0183,0.0
229292,189,200,0.0183,1.0,0.0,0.0,0.0,1.0183,0.0
229342,189,250,0.0183,1.0,0.0,0.0,0.0,1.0183,0.0
229392,189,300,0.0183,1.0,0.0,0.0,0.0,1.0183,0.0
229442,189,350,0.0183,1.0,0.0,0.0,0.0,1.0183,0.0
229492,189,400,0.0183,1.0,0.0,0.0,0.0,1.0183,0.0
229542,189,450,0.0183,1.0,0.0,0.0,0.0,1.0183,0.0
229592,189,500,0.0183,1.0,0.0,0.0,0.0,1.0183,0.0
229642,189,550,0.0183,1.0,0.0,0.0,0.0,1.0183,0.0
229692,189,600,0.0183,1.0,0.0,0.0,0.0,1.0183,0.0
229742,189,650,0.0183,1.0,0.0,0.0,0.0,1.0183,0.0
229792,189,700,0.0183,1.0,0.0,0.0,0.0,1.0183,0.0
229842,189,750,0.0183,1.0,0.0,0.0,0.0,1.0183,0.0
229892,189,800,0.0183,1.0,0.0,0.0,0.0,1.0183,0.0
229942,189,850,0.0183,1.0,0.0,0.0,0.0,1.0183,0.0
229992,189,900,0.0183,1.0,0.0,0.0,0.0,1.0183,0.0
230042,189,950,0.0183,1.0,0.0,0.0,0.0,1.0183,0.0
230092,189,1000,0.0183,1.0,0.0,0.0,0.0,1.0183,0.0
230142,189,1050,0.0183,1.0,0.0,0.0,0.0,1.0183,0.0
230192,189,1100,0.0183,1.0,0.0,0.0,0.0,1.0183,0.0
230242,189,1150,0.0183,1.0,0.0,0.0,0.0,1.0183,0.0
230292,189,1200,0.0183,1.0,0.0,0.0,0.0,1.0183,0.0
230342,189,1250,0.0183,1.0,0.0,0.0,0.0,1.0183,0.0
230392,189,1300,0.0183,1.0,0.0,0.0,0.0,1.0183,0.0
230442,189,1350,0.0183,1.0,0.0,0.0,0.0,1.0183,0.0
230492,189,1400,0.0183,1.0,0.0,0.0,0.0,1.0183,0.0
230542,189,1450,0.0183,1.0,0.0,0.0,0.0,1.0183,0.0
230592,189,1500,0.0183,1.0,0.0,0.0,0.0,1.0183,0.0
230642,189,1550,0.0183,1.0,0.0,0.0,0.0,1.0183,0.0
230692,189,1600,0.0183,1.0,0.0,0.0,0.0,1.0183,0.0
230742,189,1650,0.0183,1.0,0.0,0.0,0.0,1.0183,0.0
230792,189,1700,0.0183,1.0,0.0,0.0,0.0,1.0183,0.0
230842,189,1750,0.0183,1.0,0.0,0.0,0.0,1.0183,0.0
230892,189,1800,0.0183,1.0,0.0,0.0,0.0,1.0183,0.0
230942,189,1850,0.0183,1.0,0.0,0.0,0.0,1.0183,0.0
230992,189,1900,0.0183,1.0,0.0,0.0,0.0,1.0183,0.0
231042,189,1950,0.0183,1.0,0.0,0.0,0.0,1.0183,0.0
231092,189,2000,0.0183,1.0,0.0,0.0,0.0,1.0183,0.0
231142,190,50,0.0187,1.0,0.0,0.0,0.0,1.0187,0.0
231192,190,100,0.0183,1.0,0.0,0.0,0.0,1.0183,0.0
231242,190,150,0.0183,1.0,0.0,0.0,0.0,1.0183,0.0
231292,190,200,0.0183,1.0,0.0,0.0,0.0,1.0183,0.0
231342,190,250,0.0183,1.0,0.0,0.0,0.0,1.0183,0.0
231392,190,300,0.0183,1.0,0.0,0.0,0.0,1.0183,0.0
231442,190,350,0.0183,1.0,0.0,0.0,0.0,1.0183,0.0
231492,190,400,0.0183,1.0,0.0,0.0,0.0,1.0183,0.0
231542,190,450,0.0183,1.0,0.0,0.0,0.0,1.0183,0.0
231592,190,500,0.0183,1.0,0.0,0.0,0.0,1.0183,0.0
231642,190,550,0.0183,1.0,0.0,0.0,0.0,1.0183,0.0
231692,190,600,0.0183,1.0,0.0,0.0,0.0,1.0183,0.0
231742,190,650,0.0183,1.0,0.0,0.0,0.0,1.0183,0.0
231792,190,700,0.0183,1.0,0.0,0.0,0.0,1.0183,0.0
231842,190,750,0.0183,1.0,0.0,0.0,0.0,1.0183,0.0
231892,190,800,0.0183,1.0,0.0,0.0,0.0,1.0183,0.0
231942,190,850,0.0183,1.0,0.0,0.0,0.0,1.0183,0.0
231992,190,900,0.0183,1.0,0.0,0.0,0.0,1.0183,0.0
232042,190,950,0.0183,1.0,0.0,0.0,0.0,1.0183,0.0
232092,190,1000,0.0183,1.0,0.0,0.0,0.0,1.0183,0.0
232142,190,1050,0.0183,1.0,0.0,0.0,0.0,1.0183,0.0
232192,190,1100,0.0183,1.0,0.0,0.0,0.0,1.0183,0.0
232242,190,1150,0.0183,1.0,0.0,0.0,0.0,1.0183,0.0
232292,190,1200,0.0183,1.0,0.0,0.0,0.0,1.0183,0.0
232342,190,1250,0.0183,1.0,0.0,0.0,0.0,1.0183,0.0
232392,190,1300,0.0183,1.0,0.0,0.0,0.0,1.0183,0.0
232442,190,1350,0.0183,1.0,0.0,0.0,0.0,1.0183,0.0
232492,190,1400,0.0183,1.0,0.0,0.0,0.0,1.0183,0.0
232542,190,1450,0.0183,1.0,0.0,0.0,0.0,1.0183,0.0
232592,190,1500,0.0183,1.0,0.0,0.0,0.0,1.0183,0.0
232642,190,1550,0.0183,1.0,0.0,0.0,0.0,1.0183,0.0
232692,190,1600,0.0183,1.0,0.0,0.0,0.0,1.0183,0.0
232742,190,1650,0.0183,1.0,0.0,0.0,0.0,1.0183,0.0
232792,190,1700,0.0183,1.0,0.0,0.0,0.0,1.0183,0.0
232842,190,1750,0.0183,1.0,0.0,0.0,0.0,1.0183,0.0
232892,190,1800,0.0183,1.0,0.0,0.0,0.0,1.0183,0.0
232942,190,1850,0.0183,1.0,0.0,0.0,0.0,1.0183,0.0
232992,190,1900,0.0183,1.0,0.0,0.0,0.0,1.0183,0.0
233042,190,1950,0.0183,1.0,0.0,0.0,0.0,1.0183,0.0
233092,190,2000,0.0183,1.0,0.0,0.0,0.0,1.0183,0.0
233142,191,50,0.0187,1.0,0.0,0.0,0.0,1.0187,0.0
233192,191,100,0.0183,1.0,0.0,0.0,0.0,1.0183,0.0
233242,191,150,0.0183,1.0,0.0,0.0,0.0,1.0183,0.0
233292,191,200,0.0183,1.0,0.0,0.0,0.0,1.0183,0.0
233342,191,250,0.0183,1.0,0.0,0.0,0.0,1.0183,0.0
233392,191,300,0.0183,1.0,0.0,0.0,0.0,1.0183,0.0
233442,191,350,0.0183,1.0,0.0,0.0,0.0,1.0183,0.0
233492,191,400,0.0183,1.0,0.0,0.0,0.0,1.0183,0.0
233542,191,450,0.0183,1.0,0.0,0.0,0.0,1.0183,0.0
233592,191,500,0.0183,1.0,0.0,0.0,0.0,1.0183,0.0
233642,191,550,0.0183,1.0,0.0,0.0,0.0,1.0183,0.0
233692,191,600,0.0183,1.0,0.0,0.0,0.0,1.0183,0.0
233742,191,650,0.0183,1.0,0.0,0.0,0.0,1.0183,0.0
233792,191,700,0.0183,1.0,0.0,0.0,0.0,1.0183,0.0
233842,191,750,0.0183,1.0,0.0,0.0,0.0,1.0183,0.0
233892,191,800,0.0183,1.0,0.0,0.0,0.0,1.0183,0.0
233942,191,850,0.0183,1.0,0.0,0.0,0.0,1.0183,0.0
233992,191,900,0.0183,1.0,0.0,0.0,0.0,1.0183,0.0
234042,191,950,0.0183,1.0,0.0,0.0,0.0,1.0183,0.0
234092,191,1000,0.0183,1.0,0.0,0.0,0.0,1.0183,0.0
234142,191,1050,0.0183,1.0,0.0,0.0,0.0,1.0183,0.0
234192,191,1100,0.0183,1.0,0.0,0.0,0.0,1.0183,0.0
234242,191,1150,0.0183,1.0,0.0,0.0,0.0,1.0183,0.0
234292,191,1200,0.0183,1.0,0.0,0.0,0.0,1.0183,0.0
234342,191,1250,0.0183,1.0,0.0,0.0,0.0,1.0183,0.0
234392,191,1300,0.0183,1.0,0.0,0.0,0.0,1.0183,0.0
234442,191,1350,0.0183,1.0,0.0,0.0,0.0,1.0183,0.0
234492,191,1400,0.0183,1.0,0.0,0.0,0.0,1.0183,0.0
234542,191,1450,0.0183,1.0,0.0,0.0,0.0,1.0183,0.0
234592,191,1500,0.0183,1.0,0.0,0.0,0.0,1.0183,0.0
234642,191,1550,0.0183,1.0,0.0,0.0,0.0,1.0183,0.0
234692,191,1600,0.0183,1.0,0.0,0.0,0.0,1.0183,0.0
234742,191,1650,0.0183,1.0,0.0,0.0,0.0,1.0183,0.0
234792,191,1700,0.0183,1.0,0.0,0.0,0.0,1.0183,0.0
234842,191,1750,0.0183,1.0,0.0,0.0,0.0,1.0183,0.0
234892,191,1800,0.0183,1.0,0.0,0.0,0.0,1.0183,0.0
234942,191,1850,0.0183,1.0,0.0,0.0,0.0,1.0183,0.0
234992,191,1900,0.0183,1.0,0.0,0.0,0.0,1.0183,0.0
235042,191,1950,0.0183,1.0,0.0,0.0,0.0,1.0183,0.0
235092,191,2000,0.0183,1.0,0.0,0.0,0.0,1.0183,0.0
235142,192,50,0.0187,1.0,0.0,0.0,0.0,1.0187,0.0
235192,192,100,0.0183,1.0,0.0,0.0,0.0,1.0183,0.0
235242,192,150,0.0183,1.0,0.0,0.0,0.0,1.0183,0.0
235292,192,200,0.0183,1.0,0.0,0.0,0.0,1.0183,0.0
235342,192,250,0.0183,1.0,0.0,0.0,0.0,1.0183,0.0
235392,192,300,0.0183,1.0,0.0,0.0,0.0,1.0183,0.0
235442,192,350,0.0183,1.0,0.0,0.0,0.0,1.0183,0.0
235492,192,400,0.0183,1.0,0.0,0.0,0.0,1.0183,0.0
235542,192,450,0.0183,1.0,0.0,0.0,0.0,1.0183,0.0
235592,192,500,0.0183,1.0,0.0,0.0,0.0,1.0183,0.0
235642,192,550,0.0183,1.0,0.0,0.0,0.0,1.0183,0.0
235692,192,600,0.0183,1.0,0.0,0.0,0.0,1.0183,0.0
235742,192,650,0.0183,1.0,0.0,0.0,0.0,1.0183,0.0
235792,192,700,0.0183,1.0,0.0,0.0,0.0,1.0183,0.0
235842,192,750,0.0183,1.0,0.0,0.0,0.0,1.0183,0.0
235892,192,800,0.0183,1.0,0.0,0.0,0.0,1.0183,0.0
235942,192,850,0.0183,1.0,0.0,0.0,0.0,1.0183,0.0
235992,192,900,0.0183,1.0,0.0,0.0,0.0,1.0183,0.0
236042,192,950,0.0183,1.0,0.0,0.0,0.0,1.0183,0.0
236092,192,1000,0.0183,1.0,0.0,0.0,0.0,1.0183,0.0
236142,192,1050,0.0183,1.0,0.0,0.0,0.0,1.0183,0.0
236192,192,1100,0.0183,1.0,0.0,0.0,0.0,1.0183,0.0
236242,192,1150,0.0183,1.0,0.0,0.0,0.0,1.0183,0.0
236292,192,1200,0.0183,1.0,0.0,0.0,0.0,1.0183,0.0
236342,192,1250,0.0183,1.0,0.0,0.0,0.0,1.0183,0.0
236392,192,1300,0.0183,1.0,0.0,0.0,0.0,1.0183,0.0
236442,192,1350,0.0183,1.0,0.0,0.0,0.0,1.0183,0.0
236492,192,1400,0.0183,1.0,0.0,0.0,0.0,1.0183,0.0
236542,192,1450,0.0183,1.0,0.0,0.0,0.0,1.0183,0.0
236592,192,1500,0.0183,1.0,0.0,0.0,0.0,1.0183,0.0
236642,192,1550,0.0183,1.0,0.0,0.0,0.0,1.0183,0.0
236692,192,1600,0.0183,1.0,0.0,0.0,0.0,1.0183,0.0
236742,192,1650,0.0183,1.0,0.0,0.0,0.0,1.0183,0.0
236792,192,1700,0.0183,1.0,0.0,0.0,0.0,1.0183,0.0
236842,192,1750,0.0183,1.0,0.0,0.0,0.0,1.0183,0.0
236892,192,1800,0.0183,1.0,0.0,0.0,0.0,1.0183,0.0
236942,192,1850,0.0183,1.0,0.0,0.0,0.0,1.0183,0.0
236992,192,1900,0.0183,1.0,0.0,0.0,0.0,1.0183,0.0
237042,192,1950,0.0183,1.0,0.0,0.0,0.0,1.0183,0.0
237092,192,2000,0.0183,1.0,0.0,0.0,0.0,1.0183,0.0
237142,193,50,0.0187,1.0,0.0,0.0,0.0,1.0187,0.0
237192,193,100,0.0183,1.0,0.0,0.0,0.0,1.0183,0.0
237242,193,150,0.0183,1.0,0.0,0.0,0.0,1.0183,0.0
237292,193,200,0.0183,1.0,0.0,0.0,0.0,1.0183,0.0
237342,193,250,0.0183,1.0,0.0,0.0,0.0,1.0183,0.0
237392,193,300,0.0183,1.0,0.0,0.0,0.0,1.0183,0.0
237442,193,350,0.0183,1.0,0.0,0.0,0.0,1.0183,0.0
237492,193,400,0.0183,1.0,0.0,0.0,0.0,1.0183,0.0
237542,193,450,0.0183,1.0,0.0,0.0,0.0,1.0183,0.0
237592,193,500,0.0183,1.0,0.0,0.0,0.0,1.0183,0.0
237642,193,550,0.0183,1.0,0.0,0.0,0.0,1.0183,0.0
237692,193,600,0.0183,1.0,0.0,0.0,0.0,1.0183,0.0
237742,193,650,0.0183,1.0,0.0,0.0,0.0,1.0183,0.0
237792,193,700,0.0183,1.0,0.0,0.0,0.0,1.0183,0.0
237842,193,750,0.0183,1.0,0.0,0.0,0.0,1.0183,0.0
237892,193,800,0.0183,1.0,0.0,0.0,0.0,1.0183,0.0
237942,193,850,0.0183,1.0,0.0,0.0,0.0,1.0183,0.0
237992,193,900,0.0183,1.0,0.0,0.0,0.0,1.0183,0.0
238042,193,950,0.0183,1.0,0.0,0.0,0.0,1.0183,0.0
238092,193,1000,0.0183,1.0,0.0,0.0,0.0,1.0183,0.0
238142,193,1050,0.0183,1.0,0.0,0.0,0.0,1.0183,0.0
238192,193,1100,0.0183,1.0,0.0,0.0,0.0,1.0183,0.0
238242,193,1150,0.0183,1.0,0.0,0.0,0.0,1.0183,0.0
238292,193,1200,0.0183,1.0,0.0,0.0,0.0,1.0183,0.0
238342,193,1250,0.0183,1.0,0.0,0.0,0.0,1.0183,0.0
238392,193,1300,0.0183,1.0,0.0,0.0,0.0,1.0183,0.0
238442,193,1350,0.0183,1.0,0.0,0.0,0.0,1.0183,0.0
238492,193,1400,0.0183,1.0,0.0,0.0,0.0,1.0183,0.0
238542,193,1450,0.0183,1.0,0.0,0.0,0.0,1.0183,0.0
238592,193,1500,0.0183,1.0,0.0,0.0,0.0,1.0183,0.0
238642,193,1550,0.0183,1.0,0.0,0.0,0.0,1.0183,0.0
238692,193,1600,0.0183,1.0,0.0,0.0,0.0,1.0183,0.0
238742,193,1650,0.0183,1.0,0.0,0.0,0.0,1.0183,0.0
238792,193,1700,0.0183,1.0,0.0,0.0,0.0,1.0183,0.0
238842,193,1750,0.0183,1.0,0.0,0.0,0.0,1.0183,0.0
238892,193,1800,0.0183,1.0,0.0,0.0,0.0,1.0183,0.0
238942,193,1850,0.0183,1.0,0.0,0.0,0.0,1.0183,0.0
238992,193,1900,0.0183,1.0,0.0,0.0,0.0,1.0183,0.0
239042,193,1950,0.0183,1.0,0.0,0.0,0.0,1.0183,0.0
239092,193,2000,0.0183,1.0,0.0,0.0,0.0,1.0183,0.0
239142,194,50,0.0187,1.0,0.0,0.0,0.0,1.0187,0.0
239192,194,100,0.0183,1.0,0.0,0.0,0.0,1.0183,0.0
239242,194,150,0.0183,1.0,0.0,0.0,0.0,1.0183,0.0
239292,194,200,0.0183,1.0,0.0,0.0,0.0,1.0183,0.0
239342,194,250,0.0183,1.0,0.0,0.0,0.0,1.0183,0.0
239392,194,300,0.0183,1.0,0.0,0.0,0.0,1.0183,0.0
239442,194,350,0.0183,1.0,0.0,0.0,0.0,1.0183,0.0
239492,194,400,0.0183,1.0,0.0,0.0,0.0,1.0183,0.0
239542,194,450,0.0183,1.0,0.0,0.0,0.0,1.0183,0.0
239592,194,500,0.0183,1.0,0.0,0.0,0.0,1.0183,0.0
239642,194,550,0.0183,1.0,0.0,0.0,0.0,1.0183,0.0
239692,194,600,0.0183,1.0,0.0,0.0,0.0,1.0183,0.0
239742,194,650,0.0183,1.0,0.0,0.0,0.0,1.0183,0.0
239792,194,700,0.0183,1.0,0.0,0.0,0.0,1.0183,0.0
239842,194,750,0.0183,1.0,0.0,0.0,0.0,1.0183,0.0
239892,194,800,0.0183,1.0,0.0,0.0,0.0,1.0183,0.0
239942,194,850,0.0183,1.0,0.0,0.0,0.0,1.0183,0.0
239992,194,900,0.0183,1.0,0.0,0.0,0.0,1.0183,0.0
240042,194,950,0.0183,1.0,0.0,0.0,0.0,1.0183,0.0
240092,194,1000,0.0183,1.0,0.0,0.0,0.0,1.0183,0.0
240142,194,1050,0.0183,1.0,0.0,0.0,0.0,1.0183,0.0
240192,194,1100,0.0183,1.0,0.0,0.0,0.0,1.0183,0.0
240242,194,1150,0.0183,1.0,0.0,0.0,0.0,1.0183,0.0
240292,194,1200,0.0183,1.0,0.0,0.0,0.0,1.0183,0.0
240342,194,1250,0.0183,1.0,0.0,0.0,0.0,1.0183,0.0
240392,194,1300,0.0183,1.0,0.0,0.0,0.0,1.0183,0.0
240442,194,1350,0.0183,1.0,0.0,0.0,0.0,1.0183,0.0
240492,194,1400,0.0183,1.0,0.0,0.0,0.0,1.0183,0.0
240542,194,1450,0.0183,1.0,0.0,0.0,0.0,1.0183,0.0
240592,194,1500,0.0183,1.0,0.0,0.0,0.0,1.0183,0.0
240642,194,1550,0.0183,1.0,0.0,0.0,0.0,1.0183,0.0
240692,194,1600,0.0183,1.0,0.0,0.0,0.0,1.0183,0.0
240742,194,1650,0.0183,1.0,0.0,0.0,0.0,1.0183,0.0
240792,194,1700,0.0183,1.0,0.0,0.0,0.0,1.0183,0.0
240842,194,1750,0.0183,1.0,0.0,0.0,0.0,1.0183,0.0
240892,194,1800,0.0183,1.0,0.0,0.0,0.0,1.0183,0.0
240942,194,1850,0.0183,1.0,0.0,0.0,0.0,1.0183,0.0
240992,194,1900,0.0183,1.0,0.0,0.0,0.0,1.0183,0.0
241042,194,1950,0.0183,1.0,0.0,0.0,0.0,1.0183,0.0
241092,194,2000,0.0183,1.0,0.0,0.0,0.0,1.0183,0.0
241142,195,50,0.0187,1.0,0.0,0.0,0.0,1.0187,0.0
241192,195,100,0.0183,1.0,0.0,0.0,0.0,1.0183,0.0
241242,195,150,0.0183,1.0,0.0,0.0,0.0,1.0183,0.0
241292,195,200,0.0183,1.0,0.0,0.0,0.0,1.0183,0.0
241342,195,250,0.0183,1.0,0.0,0.0,0.0,1.0183,0.0
241392,195,300,0.0183,1.0,0.0,0.0,0.0,1.0183,0.0
241442,195,350,0.0183,1.0,0.0,0.0,0.0,1.0183,0.0
241492,195,400,0.0183,1.0,0.0,0.0,0.0,1.0183,0.0
241542,195,450,0.0183,1.0,0.0,0.0,0.0,1.0183,0.0
241592,195,500,0.0183,1.0,0.0,0.0,0.0,1.0183,0.0
241642,195,550,0.0183,1.0,0.0,0.0,0.0,1.0183,0.0
241692,195,600,0.0183,1.0,0.0,0.0,0.0,1.0183,0.0
241742,195,650,0.0183,1.0,0.0,0.0,0.0,1.0183,0.0
241792,195,700,0.0183,1.0,0.0,0.0,0.0,1.0183,0.0
241842,195,750,0.0183,1.0,0.0,0.0,0.0,1.0183,0.0
241892,195,800,0.0183,1.0,0.0,0.0,0.0,1.0183,0.0
241942,195,850,0.0183,1.0,0.0,0.0,0.0,1.0183,0.0
241992,195,900,0.0183,1.0,0.0,0.0,0.0,1.0183,0.0
242042,195,950,0.0183,1.0,0.0,0.0,0.0,1.0183,0.0
242092,195,1000,0.0183,1.0,0.0,0.0,0.0,1.0183,0.0
242142,195,1050,0.0183,1.0,0.0,0.0,0.0,1.0183,0.0
242192,195,1100,0.0183,1.0,0.0,0.0,0.0,1.0183,0.0
242242,195,1150,0.0183,1.0,0.0,0.0,0.0,1.0183,0.0
242292,195,1200,0.0183,1.0,0.0,0.0,0.0,1.0183,0.0
242342,195,1250,0.0183,1.0,0.0,0.0,0.0,1.0183,0.0
242392,195,1300,0.0183,1.0,0.0,0.0,0.0,1.0183,0.0
242442,195,1350,0.0183,1.0,0.0,0.0,0.0,1.0183,0.0
242492,195,1400,0.0183,1.0,0.0,0.0,0.0,1.0183,0.0
242542,195,1450,0.0183,1.0,0.0,0.0,0.0,1.0183,0.0
242592,195,1500,0.0183,1.0,0.0,0.0,0.0,1.0183,0.0
242642,195,1550,0.0183,1.0,0.0,0.0,0.0,1.0183,0.0
242692,195,1600,0.0183,1.0,0.0,0.0,0.0,1.0183,0.0
242742,195,1650,0.0183,1.0,0.0,0.0,0.0,1.0183,0.0
242792,195,1700,0.0183,1.0,0.0,0.0,0.0,1.0183,0.0
242842,195,1750,0.0183,1.0,0.0,0.0,0.0,1.0183,0.0
242892,195,1800,0.0183,1.0,0.0,0.0,0.0,1.0183,0.0
242942,195,1850,0.0183,1.0,0.0,0.0,0.0,1.0183,0.0
242992,195,1900,0.0183,1.0,0.0,0.0,0.0,1.0183,0.0
243042,195,1950,0.0183,1.0,0.0,0.0,0.0,1.0183,0.0
243092,195,2000,0.0183,1.0,0.0,0.0,0.0,1.0183,0.0
243142,196,50,0.0187,1.0,0.0,0.0,0.0,1.0187,0.0
243192,196,100,0.0183,1.0,0.0,0.0,0.0,1.0183,0.0
243242,196,150,0.0183,1.0,0.0,0.0,0.0,1.0183,0.0
243292,196,200,0.0183,1.0,0.0,0.0,0.0,1.0183,0.0
243342,196,250,0.0183,1.0,0.0,0.0,0.0,1.0183,0.0
243392,196,300,0.0183,1.0,0.0,0.0,0.0,1.0183,0.0
243442,196,350,0.0183,1.0,0.0,0.0,0.0,1.0183,0.0
243492,196,400,0.0183,1.0,0.0,0.0,0.0,1.0183,0.0
243542,196,450,0.0183,1.0,0.0,0.0,0.0,1.0183,0.0
243592,196,500,0.0183,1.0,0.0,0.0,0.0,1.0183,0.0
243642,196,550,0.0183,1.0,0.0,0.0,0.0,1.0183,0.0
243692,196,600,0.0183,1.0,0.0,0.0,0.0,1.0183,0.0
243742,196,650,0.0183,1.0,0.0,0.0,0.0,1.0183,0.0
243792,196,700,0.0183,1.0,0.0,0.0,0.0,1.0183,0.0
243842,196,750,0.0183,1.0,0.0,0.0,0.0,1.0183,0.0
243892,196,800,0.0183,1.0,0.0,0.0,0.0,1.0183,0.0
243942,196,850,0.0183,1.0,0.0,0.0,0.0,1.0183,0.0
243992,196,900,0.0183,1.0,0.0,0.0,0.0,1.0183,0.0
244042,196,950,0.0183,1.0,0.0,0.0,0.0,1.0183,0.0
244092,196,1000,0.0183,1.0,0.0,0.0,0.0,1.0183,0.0
244142,196,1050,0.0183,1.0,0.0,0.0,0.0,1.0183,0.0
244192,196,1100,0.0183,1.0,0.0,0.0,0.0,1.0183,0.0
244242,196,1150,0.0183,1.0,0.0,0.0,0.0,1.0183,0.0
244292,196,1200,0.0183,1.0,0.0,0.0,0.0,1.0183,0.0
244342,196,1250,0.0183,1.0,0.0,0.0,0.0,1.0183,0.0
244392,196,1300,0.0183,1.0,0.0,0.0,0.0,1.0183,0.0
244442,196,1350,0.0183,1.0,0.0,0.0,0.0,1.0183,0.0
244492,196,1400,0.0183,1.0,0.0,0.0,0.0,1.0183,0.0
244542,196,1450,0.0183,1.0,0.0,0.0,0.0,1.0183,0.0
244592,196,1500,0.0183,1.0,0.0,0.0,0.0,1.0183,0.0
244642,196,1550,0.0183,1.0,0.0,0.0,0.0,1.0183,0.0
244692,196,1600,0.0183,1.0,0.0,0.0,0.0,1.0183,0.0
244742,196,1650,0.0183,1.0,0.0,0.0,0.0,1.0183,0.0
244792,196,1700,0.0183,1.0,0.0,0.0,0.0,1.0183,0.0
244842,196,1750,0.0183,1.0,0.0,0.0,0.0,1.0183,0.0
244892,196,1800,0.0183,1.0,0.0,0.0,0.0,1.0183,0.0
244942,196,1850,0.0183,1.0,0.0,0.0,0.0,1.0183,0.0
244992,196,1900,0.0183,1.0,0.0,0.0,0.0,1.0183,0.0
245042,196,1950,0.0183,1.0,0.0,0.0,0.0,1.0183,0.0
245092,196,2000,0.0183,1.0,0.0,0.0,0.0,1.0183,0.0
245142,197,50,0.0187,1.0,0.0,0.0,0.0,1.0187,0.0
245192,197,100,0.0183,1.0,0.0,0.0,0.0,1.0183,0.0
245242,197,150,0.0183,1.0,0.0,0.0,0.0,1.0183,0.0
245292,197,200,0.0183,1.0,0.0,0.0,0.0,1.0183,0.0
245342,197,250,0.0183,1.0,0.0,0.0,0.0,1.0183,0.0
245392,197,300,0.0183,1.0,0.0,0.0,0.0,1.0183,0.0
245442,197,350,0.0183,1.0,0.0,0.0,0.0,1.0183,0.0
245492,197,400,0.0183,1.0,0.0,0.0,0.0,1.0183,0.0
245542,197,450,0.0183,1.0,0.0,0.0,0.0,1.0183,0.0
245592,197,500,0.0183,1.0,0.0,0.0,0.0,1.0183,0.0
245642,197,550,0.0183,1.0,0.0,0.0,0.0,1.0183,0.0
245692,197,600,0.0183,1.0,0.0,0.0,0.0,1.0183,0.0
245742,197,650,0.0183,1.0,0.0,0.0,0.0,1.0183,0.0
245792,197,700,0.0183,1.0,0.0,0.0,0.0,1.0183,0.0
245842,197,750,0.0183,1.0,0.0,0.0,0.0,1.0183,0.0
245892,197,800,0.0183,1.0,0.0,0.0,0.0,1.0183,0.0
245942,197,850,0.0183,1.0,0.0,0.0,0.0,1.0183,0.0
245992,197,900,0.0183,1.0,0.0,0.0,0.0,1.0183,0.0
246042,197,950,0.0183,1.0,0.0,0.0,0.0,1.0183,0.0
246092,197,1000,0.0183,1.0,0.0,0.0,0.0,1.0183,0.0
246142,197,1050,0.0183,1.0,0.0,0.0,0.0,1.0183,0.0
246192,197,1100,0.0183,1.0,0.0,0.0,0.0,1.0183,0.0
246242,197,1150,0.0183,1.0,0.0,0.0,0.0,1.0183,0.0
246292,197,1200,0.0183,1.0,0.0,0.0,0.0,1.0183,0.0
246342,197,1250,0.0183,1.0,0.0,0.0,0.0,1.0183,0.0
246392,197,1300,0.0183,1.0,0.0,0.0,0.0,1.0183,0.0
246442,197,1350,0.0183,1.0,0.0,0.0,0.0,1.0183,0.0
246492,197,1400,0.0183,1.0,0.0,0.0,0.0,1.0183,0.0
246542,197,1450,0.0183,1.0,0.0,0.0,0.0,1.0183,0.0
246592,197,1500,0.0183,1.0,0.0,0.0,0.0,1.0183,0.0
246642,197,1550,0.0183,1.0,0.0,0.0,0.0,1.0183,0.0
246692,197,1600,0.0183,1.0,0.0,0.0,0.0,1.0183,0.0
246742,197,1650,0.0183,1.0,0.0,0.0,0.0,1.0183,0.0
246792,197,1700,0.0183,1.0,0.0,0.0,0.0,1.0183,0.0
246842,197,1750,0.0183,1.0,0.0,0.0,0.0,1.0183,0.0
246892,197,1800,0.0183,1.0,0.0,0.0,0.0,1.0183,0.0
246942,197,1850,0.0183,1.0,0.0,0.0,0.0,1.0183,0.0
246992,197,1900,0.0183,1.0,0.0,0.0,0.0,1.0183,0.0
247042,197,1950,0.0183,1.0,0.0,0.0,0.0,1.0183,0.0
247092,197,2000,0.0183,1.0,0.0,0.0,0.0,1.0183,0.0
247142,198,50,0.0187,1.0,0.0,0.0,0.0,1.0187,0.0
247192,198,100,0.0183,1.0,0.0,0.0,0.0,1.0183,0.0
247242,198,150,0.0183,1.0,0.0,0.0,0.0,1.0183,0.0
247292,198,200,0.0183,1.0,0.0,0.0,0.0,1.0183,0.0
247342,198,250,0.0183,1.0,0.0,0.0,0.0,1.0183,0.0
247392,198,300,0.0183,1.0,0.0,0.0,0.0,1.0183,0.0
247442,198,350,0.0183,1.0,0.0,0.0,0.0,1.0183,0.0
247492,198,400,0.0183,1.0,0.0,0.0,0.0,1.0183,0.0
247542,198,450,0.0183,1.0,0.0,0.0,0.0,1.0183,0.0
247592,198,500,0.0183,1.0,0.0,0.0,0.0,1.0183,0.0
247642,198,550,0.0183,1.0,0.0,0.0,0.0,1.0183,0.0
247692,198,600,0.0183,1.0,0.0,0.0,0.0,1.0183,0.0
247742,198,650,0.0183,1.0,0.0,0.0,0.0,1.0183,0.0
247792,198,700,0.0183,1.0,0.0,0.0,0.0,1.0183,0.0
247842,198,750,0.0183,1.0,0.0,0.0,0.0,1.0183,0.0
247892,198,800,0.0183,1.0,0.0,0.0,0.0,1.0183,0.0
247942,198,850,0.0183,1.0,0.0,0.0,0.0,1.0183,0.0
247992,198,900,0.0183,1.0,0.0,0.0,0.0,1.0183,0.0
248042,198,950,0.0183,1.0,0.0,0.0,0.0,1.0183,0.0
248092,198,1000,0.0183,1.0,0.0,0.0,0.0,1.0183,0.0
248142,198,1050,0.0183,1.0,0.0,0.0,0.0,1.0183,0.0
248192,198,1100,0.0183,1.0,0.0,0.0,0.0,1.0183,0.0
248242,198,1150,0.0183,1.0,0.0,0.0,0.0,1.0183,0.0
248292,198,1200,0.0183,1.0,0.0,0.0,0.0,1.0183,0.0
248342,198,1250,0.0183,1.0,0.0,0.0,0.0,1.0183,0.0
248392,198,1300,0.0183,1.0,0.0,0.0,0.0,1.0183,0.0
248442,198,1350,0.0183,1.0,0.0,0.0,0.0,1.0183,0.0
248492,198,1400,0.0183,1.0,0.0,0.0,0.0,1.0183,0.0
248542,198,1450,0.0183,1.0,0.0,0.0,0.0,1.0183,0.0
248592,198,1500,0.0183,1.0,0.0,0.0,0.0,1.0183,0.0
248642,198,1550,0.0183,1.0,0.0,0.0,0.0,1.0183,0.0
248692,198,1600,0.0183,1.0,0.0,0.0,0.0,1.0183,0.0
248742,198,1650,0.0183,1.0,0.0,0.0,0.0,1.0183,0.0
248792,198,1700,0.0183,1.0,0.0,0.0,0.0,1.0183,0.0
248842,198,1750,0.0183,1.0,0.0,0.0,0.0,1.0183,0.0
248892,198,1800,0.0183,1.0,0.0,0.0,0.0,1.0183,0.0
248942,198,1850,0.0183,1.0,0.0,0.0,0.0,1.0183,0.0
248992,198,1900,0.0183,1.0,0.0,0.0,0.0,1.0183,0.0
249042,198,1950,0.0183,1.0,0.0,0.0,0.0,1.0183,0.0
249092,198,2000,0.0183,1.0,0.0,0.0,0.0,1.0183,0.0
249142,199,50,0.0187,1.0,0.0,0.0,0.0,1.0187,0.0
249192,199,100,0.0183,1.0,0.0,0.0,0.0,1.0183,0.0
249242,199,150,0.0183,1.0,0.0,0.0,0.0,1.0183,0.0
249292,199,200,0.0183,1.0,0.0,0.0,0.0,1.0183,0.0
249342,199,250,0.0183,1.0,0.0,0.0,0.0,1.0183,0.0
249392,199,300,0.0183,1.0,0.0,0.0,0.0,1.0183,0.0
249442,199,350,0.0183,1.0,0.0,0.0,0.0,1.0183,0.0
249492,199,400,0.0183,1.0,0.0,0.0,0.0,1.0183,0.0
249542,199,450,0.0183,1.0,0.0,0.0,0.0,1.0183,0.0
249592,199,500,0.0183,1.0,0.0,0.0,0.0,1.0183,0.0
249642,199,550,0.0183,1.0,0.0,0.0,0.0,1.0183,0.0
249692,199,600,0.0183,1.0,0.0,0.0,0.0,1.0183,0.0
249742,199,650,0.0183,1.0,0.0,0.0,0.0,1.0183,0.0
249792,199,700,0.0183,1.0,0.0,0.0,0.0,1.0183,0.0
249842,199,750,0.0183,1.0,0.0,0.0,0.0,1.0183,0.0
249892,199,800,0.0183,1.0,0.0,0.0,0.0,1.0183,0.0
249942,199,850,0.0183,1.0,0.0,0.0,0.0,1.0183,0.0
249992,199,900,0.0183,1.0,0.0,0.0,0.0,1.0183,0.0
250042,199,950,0.0183,1.0,0.0,0.0,0.0,1.0183,0.0
250092,199,1000,0.0183,1.0,0.0,0.0,0.0,1.0183,0.0
250142,199,1050,0.0183,1.0,0.0,0.0,0.0,1.0183,0.0
250192,199,1100,0.0183,1.0,0.0,0.0,0.0,1.0183,0.0
250242,199,1150,0.0183,1.0,0.0,0.0,0.0,1.0183,0.0
250292,199,1200,0.0183,1.0,0.0,0.0,0.0,1.0183,0.0
250342,199,1250,0.0183,1.0,0.0,0.0,0.0,1.0183,0.0
250392,199,1300,0.0183,1.0,0.0,0.0,0.0,1.0183,0.0
250442,199,1350,0.0183,1.0,0.0,0.0,0.0,1.0183,0.0
250492,199,1400,0.0183,1.0,0.0,0.0,0.0,1.0183,0.0
250542,199,1450,0.0183,1.0,0.0,0.0,0.0,1.0183,0.0
250592,199,1500,0.0183,1.0,0.0,0.0,0.0,1.0183,0.0
250642,199,1550,0.0183,1.0,0.0,0.0,0.0,1.0183,0.0
250692,199,1600,0.0183,1.0,0.0,0.0,0.0,1.0183,0.0
250742,199,1650,0.0183,1.0,0.0,0.0,0.0,1.0183,0.0
250792,199,1700,0.0183,1.0,0.0,0.0,0.0,1.0183,0.0
250842,199,1750,0.0183,1.0,0.0,0.0,0.0,1.0183,0.0
250892,199,1800,0.0183,1.0,0.0,0.0,0.0,1.0183,0.0
250942,199,1850,0.0183,1.0,0.0,0.0,0.0,1.0183,0.0
250992,199,1900,0.0183,1.0,0.0,0.0,0.0,1.0183,0.0
251042,199,1950,0.0183,1.0,0.0,0.0,0.0,1.0183,0.0
251092,199,2000,0.0183,1.0,0.0,0.0,0.0,1.0183,0.0
251142,200,50,0.0187,1.0,0.0,0.0,0.0,1.0187,0.0
251192,200,100,0.0183,1.0,0.0,0.0,0.0,1.0183,0.0
251242,200,150,0.0183,1.0,0.0,0.0,0.0,1.0183,0.0
251292,200,200,0.0183,1.0,0.0,0.0,0.0,1.0183,0.0
251342,200,250,0.0183,1.0,0.0,0.0,0.0,1.0183,0.0
251392,200,300,0.0183,1.0,0.0,0.0,0.0,1.0183,0.0
251442,200,350,0.0183,1.0,0.0,0.0,0.0,1.0183,0.0
251492,200,400,0.0183,1.0,0.0,0.0,0.0,1.0183,0.0
251542,200,450,0.0183,1.0,0.0,0.0,0.0,1.0183,0.0
251592,200,500,0.0183,1.0,0.0,0.0,0.0,1.0183,0.0
251642,200,550,0.0183,1.0,0.0,0.0,0.0,1.0183,0.0
251692,200,600,0.0183,1.0,0.0,0.0,0.0,1.0183,0.0
251742,200,650,0.0183,1.0,0.0,0.0,0.0,1.0183,0.0
251792,200,700,0.0183,1.0,0.0,0.0,0.0,1.0183,0.0
251842,200,750,0.0183,1.0,0.0,0.0,0.0,1.0183,0.0
251892,200,800,0.0183,1.0,0.0,0.0,0.0,1.0183,0.0
251942,200,850,0.0183,1.0,0.0,0.0,0.0,1.0183,0.0
251992,200,900,0.0183,1.0,0.0,0.0,0.0,1.0183,0.0
252042,200,950,0.0183,1.0,0.0,0.0,0.0,1.0183,0.0
252092,200,1000,0.0183,1.0,0.0,0.0,0.0,1.0183,0.0
252142,200,1050,0.0183,1.0,0.0,0.0,0.0,1.0183,0.0
252192,200,1100,0.0183,1.0,0.0,0.0,0.0,1.0183,0.0
252242,200,1150,0.0183,1.0,0.0,0.0,0.0,1.0183,0.0
252292,200,1200,0.0183,1.0,0.0,0.0,0.0,1.0183,0.0
252342,200,1250,0.0183,1.0,0.0,0.0,0.0,1.0183,0.0
252392,200,1300,0.0183,1.0,0.0,0.0,0.0,1.0183,0.0
252442,200,1350,0.0183,1.0,0.0,0.0,0.0,1.0183,0.0
252492,200,1400,0.0183,1.0,0.0,0.0,0.0,1.0183,0.0
252542,200,1450,0.0183,1.0,0.0,0.0,0.0,1.0183,0.0
252592,200,1500,0.0183,1.0,0.0,0.0,0.0,1.0183,0.0
252642,200,1550,0.0183,1.0,0.0,0.0,0.0,1.0183,0.0
252692,200,1600,0.0183,1.0,0.0,0.0,0.0,1.0183,0.0
252742,200,1650,0.0183,1.0,0.0,0.0,0.0,1.0183,0.0
252792,200,1700,0.0183,1.0,0.0,0.0,0.0,1.0183,0.0
252842,200,1750,0.0183,1.0,0.0,0.0,0.0,1.0183,0.0
252892,200,1800,0.0183,1.0,0.0,0.0,0.0,1.0183,0.0
252942,200,1850,0.0183,1.0,0.0,0.0,0.0,1.0183,0.0
252992,200,1900,0.0183,1.0,0.0,0.0,0.0,1.0183,0.0
253042,200,1950,0.0183,1.0,0.0,0.0,0.0,1.0183,0.0
253092,200,2000,0.0183,1.0,0.0,0.0,0.0,1.0183,0.0
253142,201,50,0.0187,1.0,0.0,0.0,0.0,1.0187,0.0
253192,201,100,0.0183,1.0,0.0,0.0,0.0,1.0183,0.0
253242,201,150,0.0183,1.0,0.0,0.0,0.0,1.0183,0.0
253292,201,200,0.0183,1.0,0.0,0.0,0.0,1.0183,0.0
253342,201,250,0.0183,1.0,0.0,0.0,0.0,1.0183,0.0
253392,201,300,0.0183,1.0,0.0,0.0,0.0,1.0183,0.0
253442,201,350,0.0183,1.0,0.0,0.0,0.0,1.0183,0.0
253492,201,400,0.0183,1.0,0.0,0.0,0.0,1.0183,0.0
253542,201,450,0.0183,1.0,0.0,0.0,0.0,1.0183,0.0
253592,201,500,0.0183,1.0,0.0,0.0,0.0,1.0183,0.0
253642,201,550,0.0183,1.0,0.0,0.0,0.0,1.0183,0.0
253692,201,600,0.0183,1.0,0.0,0.0,0.0,1.0183,0.0
253742,201,650,0.0183,1.0,0.0,0.0,0.0,1.0183,0.0
253792,201,700,0.0183,1.0,0.0,0.0,0.0,1.0183,0.0
253842,201,750,0.0183,1.0,0.0,0.0,0.0,1.0183,0.0
253892,201,800,0.0183,1.0,0.0,0.0,0.0,1.0183,0.0
253942,201,850,0.0183,1.0,0.0,0.0,0.0,1.0183,0.0
253992,201,900,0.0183,1.0,0.0,0.0,0.0,1.0183,0.0
254042,201,950,0.0183,1.0,0.0,0.0,0.0,1.0183,0.0
254092,201,1000,0.0183,1.0,0.0,0.0,0.0,1.0183,0.0
254142,201,1050,0.0183,1.0,0.0,0.0,0.0,1.0183,0.0
254192,201,1100,0.0183,1.0,0.0,0.0,0.0,1.0183,0.0
254242,201,1150,0.0183,1.0,0.0,0.0,0.0,1.0183,0.0
254292,201,1200,0.0183,1.0,0.0,0.0,0.0,1.0183,0.0
254342,201,1250,0.0183,1.0,0.0,0.0,0.0,1.0183,0.0
254392,201,1300,0.0183,1.0,0.0,0.0,0.0,1.0183,0.0
254442,201,1350,0.0183,1.0,0.0,0.0,0.0,1.0183,0.0
254492,201,1400,0.0183,1.0,0.0,0.0,0.0,1.0183,0.0
254542,201,1450,0.0183,1.0,0.0,0.0,0.0,1.0183,0.0
254592,201,1500,0.0183,1.0,0.0,0.0,0.0,1.0183,0.0
254642,201,1550,0.0183,1.0,0.0,0.0,0.0,1.0183,0.0
254692,201,1600,0.0183,1.0,0.0,0.0,0.0,1.0183,0.0
254742,201,1650,0.0183,1.0,0.0,0.0,0.0,1.0183,0.0
254792,201,1700,0.0183,1.0,0.0,0.0,0.0,1.0183,0.0
254842,201,1750,0.0183,1.0,0.0,0.0,0.0,1.0183,0.0
254892,201,1800,0.0183,1.0,0.0,0.0,0.0,1.0183,0.0
254942,201,1850,0.0183,1.0,0.0,0.0,0.0,1.0183,0.0
254992,201,1900,0.0183,1.0,0.0,0.0,0.0,1.0183,0.0
255042,201,1950,0.0183,1.0,0.0,0.0,0.0,1.0183,0.0
255092,201,2000,0.0183,1.0,0.0,0.0,0.0,1.0183,0.0
255142,202,50,0.0187,1.0,0.0,0.0,0.0,1.0187,0.0
255192,202,100,0.0183,1.0,0.0,0.0,0.0,1.0183,0.0
255242,202,150,0.0183,1.0,0.0,0.0,0.0,1.0183,0.0
255292,202,200,0.0183,1.0,0.0,0.0,0.0,1.0183,0.0
255342,202,250,0.0183,1.0,0.0,0.0,0.0,1.0183,0.0
255392,202,300,0.0183,1.0,0.0,0.0,0.0,1.0183,0.0
255442,202,350,0.0183,1.0,0.0,0.0,0.0,1.0183,0.0
255492,202,400,0.0183,1.0,0.0,0.0,0.0,1.0183,0.0
255542,202,450,0.0183,1.0,0.0,0.0,0.0,1.0183,0.0
255592,202,500,0.0183,1.0,0.0,0.0,0.0,1.0183,0.0
255642,202,550,0.0183,1.0,0.0,0.0,0.0,1.0183,0.0
255692,202,600,0.0183,1.0,0.0,0.0,0.0,1.0183,0.0
255742,202,650,0.0183,1.0,0.0,0.0,0.0,1.0183,0.0
255792,202,700,0.0183,1.0,0.0,0.0,0.0,1.0183,0.0
255842,202,750,0.0183,1.0,0.0,0.0,0.0,1.0183,0.0
255892,202,800,0.0183,1.0,0.0,0.0,0.0,1.0183,0.0
255942,202,850,0.0183,1.0,0.0,0.0,0.0,1.0183,0.0
255992,202,900,0.0183,1.0,0.0,0.0,0.0,1.0183,0.0
256042,202,950,0.0183,1.0,0.0,0.0,0.0,1.0183,0.0
256092,202,1000,0.0183,1.0,0.0,0.0,0.0,1.0183,0.0
256142,202,1050,0.0183,1.0,0.0,0.0,0.0,1.0183,0.0
256192,202,1100,0.0183,1.0,0.0,0.0,0.0,1.0183,0.0
256242,202,1150,0.0183,1.0,0.0,0.0,0.0,1.0183,0.0
256292,202,1200,0.0183,1.0,0.0,0.0,0.0,1.0183,0.0
256342,202,1250,0.0183,1.0,0.0,0.0,0.0,1.0183,0.0
256392,202,1300,0.0183,1.0,0.0,0.0,0.0,1.0183,0.0
256442,202,1350,0.0183,1.0,0.0,0.0,0.0,1.0183,0.0
256492,202,1400,0.0183,1.0,0.0,0.0,0.0,1.0183,0.0
256542,202,1450,0.0183,1.0,0.0,0.0,0.0,1.0183,0.0
256592,202,1500,0.0183,1.0,0.0,0.0,0.0,1.0183,0.0
256642,202,1550,0.0183,1.0,0.0,0.0,0.0,1.0183,0.0
256692,202,1600,0.0183,1.0,0.0,0.0,0.0,1.0183,0.0
256742,202,1650,0.0183,1.0,0.0,0.0,0.0,1.0183,0.0
256792,202,1700,0.0183,1.0,0.0,0.0,0.0,1.0183,0.0
256842,202,1750,0.0183,1.0,0.0,0.0,0.0,1.0183,0.0
256892,202,1800,0.0183,1.0,0.0,0.0,0.0,1.0183,0.0
256942,202,1850,0.0183,1.0,0.0,0.0,0.0,1.0183,0.0
256992,202,1900,0.0183,1.0,0.0,0.0,0.0,1.0183,0.0
257042,202,1950,0.0183,1.0,0.0,0.0,0.0,1.0183,0.0
257092,202,2000,0.0183,1.0,0.0,0.0,0.0,1.0183,0.0
257142,203,50,0.0187,1.0,0.0,0.0,0.0,1.0186,0.0
257192,203,100,0.0183,1.0,0.0,0.0,0.0,1.0183,0.0
257242,203,150,0.0183,1.0,0.0,0.0,0.0,1.0183,0.0
257292,203,200,0.0183,1.0,0.0,0.0,0.0,1.0183,0.0
257342,203,250,0.0183,1.0,0.0,0.0,0.0,1.0183,0.0
257392,203,300,0.0183,1.0,0.0,0.0,0.0,1.0183,0.0
257442,203,350,0.0183,1.0,0.0,0.0,0.0,1.0183,0.0
257492,203,400,0.0183,1.0,0.0,0.0,0.0,1.0183,0.0
257542,203,450,0.0183,1.0,0.0,0.0,0.0,1.0183,0.0
257592,203,500,0.0183,1.0,0.0,0.0,0.0,1.0183,0.0
257642,203,550,0.0183,1.0,0.0,0.0,0.0,1.0183,0.0
257692,203,600,0.0183,1.0,0.0,0.0,0.0,1.0183,0.0
257742,203,650,0.0183,1.0,0.0,0.0,0.0,1.0183,0.0
257792,203,700,0.0183,1.0,0.0,0.0,0.0,1.0183,0.0
257842,203,750,0.0183,1.0,0.0,0.0,0.0,1.0183,0.0
257892,203,800,0.0183,1.0,0.0,0.0,0.0,1.0183,0.0
257942,203,850,0.0183,1.0,0.0,0.0,0.0,1.0183,0.0
257992,203,900,0.0183,1.0,0.0,0.0,0.0,1.0183,0.0
258042,203,950,0.0183,1.0,0.0,0.0,0.0,1.0183,0.0
258092,203,1000,0.0183,1.0,0.0,0.0,0.0,1.0183,0.0
258142,203,1050,0.0183,1.0,0.0,0.0,0.0,1.0183,0.0
258192,203,1100,0.0183,1.0,0.0,0.0,0.0,1.0183,0.0
258242,203,1150,0.0183,1.0,0.0,0.0,0.0,1.0183,0.0
258292,203,1200,0.0183,1.0,0.0,0.0,0.0,1.0183,0.0
258342,203,1250,0.0183,1.0,0.0,0.0,0.0,1.0183,0.0
258392,203,1300,0.0183,1.0,0.0,0.0,0.0,1.0183,0.0
258442,203,1350,0.0183,1.0,0.0,0.0,0.0,1.0183,0.0
258492,203,1400,0.0183,1.0,0.0,0.0,0.0,1.0183,0.0
258542,203,1450,0.0183,1.0,0.0,0.0,0.0,1.0183,0.0
258592,203,1500,0.0183,1.0,0.0,0.0,0.0,1.0183,0.0
258642,203,1550,0.0183,1.0,0.0,0.0,0.0,1.0183,0.0
258692,203,1600,0.0183,1.0,0.0,0.0,0.0,1.0183,0.0
258742,203,1650,0.0183,1.0,0.0,0.0,0.0,1.0183,0.0
258792,203,1700,0.0183,1.0,0.0,0.0,0.0,1.0183,0.0
258842,203,1750,0.0183,1.0,0.0,0.0,0.0,1.0183,0.0
258892,203,1800,0.0183,1.0,0.0,0.0,0.0,1.0183,0.0
258942,203,1850,0.0183,1.0,0.0,0.0,0.0,1.0183,0.0
258992,203,1900,0.0183,1.0,0.0,0.0,0.0,1.0183,0.0
259042,203,1950,0.0183,1.0,0.0,0.0,0.0,1.0183,0.0
259092,203,2000,0.0183,1.0,0.0,0.0,0.0,1.0183,0.0
259142,204,50,0.0187,1.0,0.0,0.0,0.0,1.0187,0.0
259192,204,100,0.0183,1.0,0.0,0.0,0.0,1.0183,0.0
259242,204,150,0.0183,1.0,0.0,0.0,0.0,1.0183,0.0
259292,204,200,0.0183,1.0,0.0,0.0,0.0,1.0183,0.0
259342,204,250,0.0183,1.0,0.0,0.0,0.0,1.0183,0.0
259392,204,300,0.0183,1.0,0.0,0.0,0.0,1.0183,0.0
259442,204,350,0.0183,1.0,0.0,0.0,0.0,1.0183,0.0
259492,204,400,0.0183,1.0,0.0,0.0,0.0,1.0183,0.0
259542,204,450,0.0183,1.0,0.0,0.0,0.0,1.0183,0.0
259592,204,500,0.0183,1.0,0.0,0.0,0.0,1.0183,0.0
259642,204,550,0.0183,1.0,0.0,0.0,0.0,1.0183,0.0
259692,204,600,0.0183,1.0,0.0,0.0,0.0,1.0183,0.0
259742,204,650,0.0183,1.0,0.0,0.0,0.0,1.0183,0.0
259792,204,700,0.0183,1.0,0.0,0.0,0.0,1.0183,0.0
259842,204,750,0.0183,1.0,0.0,0.0,0.0,1.0183,0.0
259892,204,800,0.0183,1.0,0.0,0.0,0.0,1.0183,0.0
259942,204,850,0.0183,1.0,0.0,0.0,0.0,1.0183,0.0
259992,204,900,0.0183,1.0,0.0,0.0,0.0,1.0183,0.0
260042,204,950,0.0183,1.0,0.0,0.0,0.0,1.0183,0.0
260092,204,1000,0.0183,1.0,0.0,0.0,0.0,1.0183,0.0
260142,204,1050,0.0183,1.0,0.0,0.0,0.0,1.0183,0.0
260192,204,1100,0.0183,1.0,0.0,0.0,0.0,1.0183,0.0
260242,204,1150,0.0183,1.0,0.0,0.0,0.0,1.0183,0.0
260292,204,1200,0.0183,1.0,0.0,0.0,0.0,1.0183,0.0
260342,204,1250,0.0183,1.0,0.0,0.0,0.0,1.0183,0.0
260392,204,1300,0.0183,1.0,0.0,0.0,0.0,1.0183,0.0
260442,204,1350,0.0183,1.0,0.0,0.0,0.0,1.0183,0.0
260492,204,1400,0.0183,1.0,0.0,0.0,0.0,1.0183,0.0
260542,204,1450,0.0183,1.0,0.0,0.0,0.0,1.0183,0.0
260592,204,1500,0.0183,1.0,0.0,0.0,0.0,1.0183,0.0
260642,204,1550,0.0183,1.0,0.0,0.0,0.0,1.0183,0.0
260692,204,1600,0.0183,1.0,0.0,0.0,0.0,1.0183,0.0
260742,204,1650,0.0183,1.0,0.0,0.0,0.0,1.0183,0.0
260792,204,1700,0.0183,1.0,0.0,0.0,0.0,1.0183,0.0
260842,204,1750,0.0183,1.0,0.0,0.0,0.0,1.0183,0.0
260892,204,1800,0.0183,1.0,0.0,0.0,0.0,1.0183,0.0
260942,204,1850,0.0183,1.0,0.0,0.0,0.0,1.0183,0.0
260992,204,1900,0.0183,1.0,0.0,0.0,0.0,1.0183,0.0
261042,204,1950,0.0183,1.0,0.0,0.0,0.0,1.0183,0.0
261092,204,2000,0.0183,1.0,0.0,0.0,0.0,1.0183,0.0
261142,205,50,0.0187,1.0,0.0,0.0,0.0,1.0187,0.0
261192,205,100,0.0183,1.0,0.0,0.0,0.0,1.0183,0.0
261242,205,150,0.0183,1.0,0.0,0.0,0.0,1.0183,0.0
261292,205,200,0.0183,1.0,0.0,0.0,0.0,1.0183,0.0
261342,205,250,0.0183,1.0,0.0,0.0,0.0,1.0183,0.0
261392,205,300,0.0183,1.0,0.0,0.0,0.0,1.0183,0.0
261442,205,350,0.0183,1.0,0.0,0.0,0.0,1.0183,0.0
261492,205,400,0.0183,1.0,0.0,0.0,0.0,1.0183,0.0
261542,205,450,0.0183,1.0,0.0,0.0,0.0,1.0183,0.0
261592,205,500,0.0183,1.0,0.0,0.0,0.0,1.0183,0.0
261642,205,550,0.0183,1.0,0.0,0.0,0.0,1.0183,0.0
261692,205,600,0.0183,1.0,0.0,0.0,0.0,1.0183,0.0
261742,205,650,0.0183,1.0,0.0,0.0,0.0,1.0183,0.0
261792,205,700,0.0183,1.0,0.0,0.0,0.0,1.0183,0.0
261842,205,750,0.0183,1.0,0.0,0.0,0.0,1.0183,0.0
261892,205,800,0.0183,1.0,0.0,0.0,0.0,1.0183,0.0
261942,205,850,0.0183,1.0,0.0,0.0,0.0,1.0183,0.0
261992,205,900,0.0183,1.0,0.0,0.0,0.0,1.0183,0.0
262042,205,950,0.0183,1.0,0.0,0.0,0.0,1.0183,0.0
262092,205,1000,0.0183,1.0,0.0,0.0,0.0,1.0183,0.0
262142,205,1050,0.0183,1.0,0.0,0.0,0.0,1.0183,0.0
262192,205,1100,0.0183,1.0,0.0,0.0,0.0,1.0183,0.0
262242,205,1150,0.0183,1.0,0.0,0.0,0.0,1.0183,0.0
262292,205,1200,0.0183,1.0,0.0,0.0,0.0,1.0183,0.0
262342,205,1250,0.0183,1.0,0.0,0.0,0.0,1.0183,0.0
262392,205,1300,0.0183,1.0,0.0,0.0,0.0,1.0183,0.0
262442,205,1350,0.0183,1.0,0.0,0.0,0.0,1.0183,0.0
262492,205,1400,0.0183,1.0,0.0,0.0,0.0,1.0183,0.0
262542,205,1450,0.0183,1.0,0.0,0.0,0.0,1.0183,0.0
262592,205,1500,0.0183,1.0,0.0,0.0,0.0,1.0183,0.0
262642,205,1550,0.0183,1.0,0.0,0.0,0.0,1.0183,0.0
262692,205,1600,0.0183,1.0,0.0,0.0,0.0,1.0183,0.0
262742,205,1650,0.0183,1.0,0.0,0.0,0.0,1.0183,0.0
262792,205,1700,0.0183,1.0,0.0,0.0,0.0,1.0183,0.0
262842,205,1750,0.0183,1.0,0.0,0.0,0.0,1.0183,0.0
262892,205,1800,0.0183,1.0,0.0,0.0,0.0,1.0183,0.0
262942,205,1850,0.0183,1.0,0.0,0.0,0.0,1.0183,0.0
262992,205,1900,0.0183,1.0,0.0,0.0,0.0,1.0183,0.0
263042,205,1950,0.0183,1.0,0.0,0.0,0.0,1.0183,0.0
263092,205,2000,0.0183,1.0,0.0,0.0,0.0,1.0183,0.0
263142,206,50,0.0187,1.0,0.0,0.0,0.0,1.0187,0.0
263192,206,100,0.0183,1.0,0.0,0.0,0.0,1.0183,0.0
263242,206,150,0.0183,1.0,0.0,0.0,0.0,1.0183,0.0
263292,206,200,0.0183,1.0,0.0,0.0,0.0,1.0183,0.0
263342,206,250,0.0183,1.0,0.0,0.0,0.0,1.0183,0.0
263392,206,300,0.0183,1.0,0.0,0.0,0.0,1.0183,0.0
263442,206,350,0.0183,1.0,0.0,0.0,0.0,1.0183,0.0
263492,206,400,0.0183,1.0,0.0,0.0,0.0,1.0183,0.0
263542,206,450,0.0183,1.0,0.0,0.0,0.0,1.0183,0.0
263592,206,500,0.0183,1.0,0.0,0.0,0.0,1.0183,0.0
263642,206,550,0.0183,1.0,0.0,0.0,0.0,1.0183,0.0
263692,206,600,0.0183,1.0,0.0,0.0,0.0,1.0183,0.0
263742,206,650,0.0183,1.0,0.0,0.0,0.0,1.0183,0.0
263792,206,700,0.0183,1.0,0.0,0.0,0.0,1.0183,0.0
263842,206,750,0.0183,1.0,0.0,0.0,0.0,1.0183,0.0
